{
  "matchedElements" : [
 {
    "left" : "class : NamedType",
    "right" : "class : NamedType",
    "info" : "TypeDeclaration[1870-13388]:TypeDeclaration[1870-13376]"
  }, {
    "left" : "serialVersionUID",
    "right" : "serialVersionUID",
    "info" : "FieldDeclaration[3523-3571]:FieldDeclaration[3523-3571]"
  }, {
    "left" : "reference",
    "right" : "reference",
    "info" : "FieldDeclaration[3575-3606]:FieldDeclaration[3575-3606]"
  }, {
    "left" : "sourceName",
    "right" : "sourceName",
    "info" : "FieldDeclaration[3609-3641]:FieldDeclaration[3609-3641]"
  }, {
    "left" : "lineno",
    "right" : "lineno",
    "info" : "FieldDeclaration[3644-3669]:FieldDeclaration[3644-3669]"
  }, {
    "left" : "charno",
    "right" : "charno",
    "info" : "FieldDeclaration[3672-3697]:FieldDeclaration[3672-3697]"
  }, {
    "left" : "validator",
    "right" : "validator",
    "info" : "FieldDeclaration[3701-3785]:FieldDeclaration[3701-3785]"
  }, {
    "left" : "propertyContinuations",
    "right" : "propertyContinuations",
    "info" : "FieldDeclaration[3789-3903]:FieldDeclaration[3789-3903]"
  }, {
    "left" : "package NamedType(registry , reference , sourceName , lineno int, charno int)",
    "right" : "package NamedType(registry , reference , sourceName , lineno int, charno int)",
    "info" : "MethodDeclaration[3907-4315]:MethodDeclaration[3907-4315]"
  }, {
    "left" : "package defineProperty(propertyName , type , inferred boolean, propertyNode ) : boolean",
    "right" : "package defineProperty(propertyName , type , inferred boolean, propertyNode ) : boolean",
    "info" : "MethodDeclaration[4319-4951]:MethodDeclaration[4319-4951]"
  }, {
    "left" : "private finishPropertyContinuations() : void",
    "right" : "private finishPropertyContinuations() : void",
    "info" : "MethodDeclaration[4955-5335]:MethodDeclaration[4955-5335]"
  }, {
    "left" : "public getReferencedType() : ",
    "right" : "public getReferencedType() : ",
    "info" : "MethodDeclaration[5339-5499]:MethodDeclaration[5339-5499]"
  }, {
    "left" : "public getReferenceName() : ",
    "right" : "public getReferenceName() : ",
    "info" : "MethodDeclaration[5503-5575]:MethodDeclaration[5503-5575]"
  }, {
    "left" : "package toStringHelper(forAnnotations boolean) : ",
    "right" : "package toStringHelper(forAnnotations boolean) : ",
    "info" : "MethodDeclaration[5579-5664]:MethodDeclaration[5579-5664]"
  }, {
    "left" : "public hasReferenceName() : boolean",
    "right" : "public hasReferenceName() : boolean",
    "info" : "MethodDeclaration[5668-5736]:MethodDeclaration[5668-5736]"
  }, {
    "left" : "package isNamedType() : boolean",
    "right" : "package isNamedType() : boolean",
    "info" : "MethodDeclaration[5740-5796]:MethodDeclaration[5740-5796]"
  }, {
    "left" : "public isNominalType() : boolean",
    "right" : "public isNominalType() : boolean",
    "info" : "MethodDeclaration[5800-5865]:MethodDeclaration[5800-5865]"
  }, {
    "left" : "public hashCode() : int",
    "right" : "public hashCode() : int",
    "info" : "MethodDeclaration[5869-5941]:MethodDeclaration[5869-5941]"
  }, {
    "left" : "package resolveInternal(t , enclosing ) : ",
    "right" : "package resolveInternal(t , enclosing ) : ",
    "info" : "MethodDeclaration[5945-7032]:MethodDeclaration[5945-7020]"
  }, {
    "left" : "private resolveViaRegistry(t , enclosing ) : boolean",
    "right" : "private resolveViaRegistry(t , enclosing ) : boolean",
    "info" : "MethodDeclaration[7036-7421]:MethodDeclaration[7024-7409]"
  }, {
    "left" : "private resolveViaProperties(t , enclosing ) : void",
    "right" : "private resolveViaProperties(t , enclosing ) : void",
    "info" : "MethodDeclaration[7425-8894]:MethodDeclaration[7413-8882]"
  }, {
    "left" : "private lookupViaProperties(t , enclosing ) : ",
    "right" : "private lookupViaProperties(t , enclosing ) : ",
    "info" : "MethodDeclaration[8898-10308]:MethodDeclaration[8886-10296]"
  }, {
    "left" : "private setReferencedAndResolvedType(type , t , enclosing ) : void",
    "right" : "private setReferencedAndResolvedType(type , t , enclosing ) : void",
    "info" : "MethodDeclaration[10312-10599]:MethodDeclaration[10300-10587]"
  }, {
    "left" : "private handleTypeCycle(t ) : void",
    "right" : "private handleTypeCycle(t ) : void",
    "info" : "MethodDeclaration[10603-10904]:MethodDeclaration[10591-10892]"
  }, {
    "left" : "private checkEnumElementCycle(t ) : void",
    "right" : "private checkEnumElementCycle(t ) : void",
    "info" : "MethodDeclaration[10908-11172]:MethodDeclaration[10896-11160]"
  }, {
    "left" : "private handleUnresolvedType(t , ignoreForwardReferencedTypes boolean) : void",
    "right" : "private handleUnresolvedType(t , ignoreForwardReferencedTypes boolean) : void",
    "info" : "MethodDeclaration[11268-12082]:MethodDeclaration[11256-12070]"
  }, {
    "left" : "package getTypedefType(t , slot , name ) : ",
    "right" : "package getTypedefType(t , slot , name ) : ",
    "info" : "MethodDeclaration[12086-12303]:MethodDeclaration[12074-12291]"
  }, {
    "left" : "public setValidator(validator ) : boolean",
    "right" : "public setValidator(validator ) : boolean",
    "info" : "MethodDeclaration[12307-12704]:MethodDeclaration[12295-12692]"
  }, {
    "left" : "class : PropertyContinuation",
    "right" : "class : PropertyContinuation",
    "info" : "TypeDeclaration[12708-13386]:TypeDeclaration[12696-13374]"
  }, {
    "left" : "propertyName",
    "right" : "propertyName",
    "info" : "FieldDeclaration[12834-12868]:FieldDeclaration[12822-12856]"
  }, {
    "left" : "type",
    "right" : "type",
    "info" : "FieldDeclaration[12873-12899]:FieldDeclaration[12861-12887]"
  }, {
    "left" : "inferred",
    "right" : "inferred",
    "info" : "FieldDeclaration[12904-12935]:FieldDeclaration[12892-12923]"
  }, {
    "left" : "propertyNode",
    "right" : "propertyNode",
    "info" : "FieldDeclaration[12940-12972]:FieldDeclaration[12928-12960]"
  }, {
    "left" : "private PropertyContinuation(propertyName , type , inferred boolean, propertyNode )",
    "right" : "private PropertyContinuation(propertyName , type , inferred boolean, propertyNode )",
    "info" : "MethodDeclaration[12978-13254]:MethodDeclaration[12966-13242]"
  }, {
    "left" : "package commit(target ) : void",
    "right" : "package commit(target ) : void",
    "info" : "MethodDeclaration[13260-13382]:MethodDeclaration[13248-13370]"
  } ],
  "mappings" : [
 {
    "left" : "class",
    "right" : "class",
    "info" : "TYPE_DECLARATION_KIND[3479-3484]:TYPE_DECLARATION_KIND[3479-3484]"
  }, {
    "left" : "NamedType",
    "right" : "NamedType",
    "info" : "SimpleName[3968-3977]:SimpleName[3968-3977]"
  }, {
    "left" : "JSTypeRegistry registry",
    "right" : "JSTypeRegistry registry",
    "info" : "SingleVariableDeclaration[3978-4001]:SingleVariableDeclaration[3978-4001]"
  }, {
    "left" : "String reference",
    "right" : "String reference",
    "info" : "SingleVariableDeclaration[4003-4019]:SingleVariableDeclaration[4003-4019]"
  }, {
    "left" : "String sourceName",
    "right" : "String sourceName",
    "info" : "SingleVariableDeclaration[4027-4044]:SingleVariableDeclaration[4027-4044]"
  }, {
    "left" : "int lineno",
    "right" : "int lineno",
    "info" : "SingleVariableDeclaration[4046-4056]:SingleVariableDeclaration[4046-4056]"
  }, {
    "left" : "int charno",
    "right" : "int charno",
    "info" : "SingleVariableDeclaration[4058-4068]:SingleVariableDeclaration[4058-4068]"
  }, {
    "left" : "{}",
    "right" : "{}",
    "info" : "Block[4070-4315]:Block[4070-4315]"
  }, {
    "left" : "super(registry, registry.getNativeObjectType(JSTypeNative.UNKNOWN_TYPE));",
    "right" : "super(registry, registry.getNativeObjectType(JSTypeNative.UNKNOWN_TYPE));",
    "info" : "SuperConstructorInvocation[4076-4149]:SuperConstructorInvocation[4076-4149]"
  }, {
    "left" : "Preconditions.checkNotNull(reference);",
    "right" : "Preconditions.checkNotNull(reference);",
    "info" : "ExpressionStatement[4155-4193]:ExpressionStatement[4155-4193]"
  }, {
    "left" : "this.reference = reference;",
    "right" : "this.reference = reference;",
    "info" : "ExpressionStatement[4198-4225]:ExpressionStatement[4198-4225]"
  }, {
    "left" : "this.sourceName = sourceName;",
    "right" : "this.sourceName = sourceName;",
    "info" : "ExpressionStatement[4230-4259]:ExpressionStatement[4230-4259]"
  }, {
    "left" : "this.lineno = lineno;",
    "right" : "this.lineno = lineno;",
    "info" : "ExpressionStatement[4264-4285]:ExpressionStatement[4264-4285]"
  }, {
    "left" : "this.charno = charno;",
    "right" : "this.charno = charno;",
    "info" : "ExpressionStatement[4290-4311]:ExpressionStatement[4290-4311]"
  }, {
    "left" : "@Override",
    "right" : "@Override",
    "info" : "MarkerAnnotation[4319-4328]:MarkerAnnotation[4319-4328]"
  }, {
    "left" : "boolean",
    "right" : "boolean",
    "info" : "PrimitiveType[4331-4338]:PrimitiveType[4331-4338]"
  }, {
    "left" : "defineProperty",
    "right" : "defineProperty",
    "info" : "SimpleName[4339-4353]:SimpleName[4339-4353]"
  }, {
    "left" : "String propertyName",
    "right" : "String propertyName",
    "info" : "SingleVariableDeclaration[4354-4373]:SingleVariableDeclaration[4354-4373]"
  }, {
    "left" : "JSType type",
    "right" : "JSType type",
    "info" : "SingleVariableDeclaration[4375-4386]:SingleVariableDeclaration[4375-4386]"
  }, {
    "left" : "boolean inferred",
    "right" : "boolean inferred",
    "info" : "SingleVariableDeclaration[4394-4410]:SingleVariableDeclaration[4394-4410]"
  }, {
    "left" : "Node propertyNode",
    "right" : "Node propertyNode",
    "info" : "SingleVariableDeclaration[4412-4429]:SingleVariableDeclaration[4412-4429]"
  }, {
    "left" : "{}",
    "right" : "{}",
    "info" : "Block[4431-4951]:Block[4431-4951]"
  }, {
    "left" : "if (!isResolved())",
    "right" : "if (!isResolved())",
    "info" : "IfStatement[4437-4947]:IfStatement[4437-4947]"
  }, {
    "left" : "{}",
    "right" : "{}",
    "info" : "Block[4456-4844]:Block[4456-4844]"
  }, {
    "left" : "if (propertyContinuations == null)",
    "right" : "if (propertyContinuations == null)",
    "info" : "IfStatement[4592-4690]:IfStatement[4592-4690]"
  }, {
    "left" : "{}",
    "right" : "{}",
    "info" : "Block[4627-4690]:Block[4627-4690]"
  }, {
    "left" : "propertyContinuations = Lists.newArrayList();",
    "right" : "propertyContinuations = Lists.newArrayList();",
    "info" : "ExpressionStatement[4637-4682]:ExpressionStatement[4637-4682]"
  }, {
    "left" : "propertyContinuations.add(\n          new PropertyContinuation(\n              propertyName, type, inferred, propertyNode));",
    "right" : "propertyContinuations.add(\n          new PropertyContinuation(\n              propertyName, type, inferred, propertyNode));",
    "info" : "ExpressionStatement[4697-4819]:ExpressionStatement[4697-4819]"
  }, {
    "left" : "return true;",
    "right" : "return true;",
    "info" : "ReturnStatement[4826-4838]:ReturnStatement[4826-4838]"
  }, {
    "left" : "{}",
    "right" : "{}",
    "info" : "Block[4850-4947]:Block[4850-4947]"
  }, {
    "left" : "return super.defineProperty(\n          propertyName, type, inferred, propertyNode);",
    "right" : "return super.defineProperty(\n          propertyName, type, inferred, propertyNode);",
    "info" : "ReturnStatement[4858-4941]:ReturnStatement[4858-4941]"
  }, {
    "left" : "private",
    "right" : "private",
    "info" : "Modifier[4955-4962]:Modifier[4955-4962]"
  }, {
    "left" : "void",
    "right" : "void",
    "info" : "PrimitiveType[4963-4967]:PrimitiveType[4963-4967]"
  }, {
    "left" : "finishPropertyContinuations",
    "right" : "finishPropertyContinuations",
    "info" : "SimpleName[4968-4995]:SimpleName[4968-4995]"
  }, {
    "left" : "{}",
    "right" : "{}",
    "info" : "Block[4998-5335]:Block[4998-5335]"
  }, {
    "left" : "ObjectType referencedObjType = getReferencedObjTypeInternal();",
    "right" : "ObjectType referencedObjType = getReferencedObjTypeInternal();",
    "info" : "VariableDeclarationStatement[5004-5066]:VariableDeclarationStatement[5004-5066]"
  }, {
    "left" : "if (referencedObjType != null && !referencedObjType.isUnknownType())",
    "right" : "if (referencedObjType != null && !referencedObjType.isUnknownType())",
    "info" : "IfStatement[5071-5297]:IfStatement[5071-5297]"
  }, {
    "left" : "{}",
    "right" : "{}",
    "info" : "Block[5140-5297]:Block[5140-5297]"
  }, {
    "left" : "if (propertyContinuations != null)",
    "right" : "if (propertyContinuations != null)",
    "info" : "IfStatement[5148-5291]:IfStatement[5148-5291]"
  }, {
    "left" : "{}",
    "right" : "{}",
    "info" : "Block[5183-5291]:Block[5183-5291]"
  }, {
    "left" : "for (PropertyContinuation c : propertyContinuations)",
    "right" : "for (PropertyContinuation c : propertyContinuations)",
    "info" : "EnhancedForStatement[5193-5283]:EnhancedForStatement[5193-5283]"
  }, {
    "left" : "{}",
    "right" : "{}",
    "info" : "Block[5246-5283]:Block[5246-5283]"
  }, {
    "left" : "c.commit(this);",
    "right" : "c.commit(this);",
    "info" : "ExpressionStatement[5258-5273]:ExpressionStatement[5258-5273]"
  }, {
    "left" : "propertyContinuations = null;",
    "right" : "propertyContinuations = null;",
    "info" : "ExpressionStatement[5302-5331]:ExpressionStatement[5302-5331]"
  }, {
    "left" : "public",
    "right" : "public",
    "info" : "Modifier[5420-5426]:Modifier[5420-5426]"
  }, {
    "left" : "JSType",
    "right" : "JSType",
    "info" : "SimpleType[5427-5433]:SimpleType[5427-5433]"
  }, {
    "left" : "getReferencedType",
    "right" : "getReferencedType",
    "info" : "SimpleName[5434-5451]:SimpleName[5434-5451]"
  }, {
    "left" : "{}",
    "right" : "{}",
    "info" : "Block[5454-5499]:Block[5454-5499]"
  }, {
    "left" : "return getReferencedTypeInternal();",
    "right" : "return getReferencedTypeInternal();",
    "info" : "ReturnStatement[5460-5495]:ReturnStatement[5460-5495]"
  }, {
    "left" : "@Override",
    "right" : "@Override",
    "info" : "MarkerAnnotation[5503-5512]:MarkerAnnotation[5503-5512]"
  }, {
    "left" : "public",
    "right" : "public",
    "info" : "Modifier[5515-5521]:Modifier[5515-5521]"
  }, {
    "left" : "String",
    "right" : "String",
    "info" : "SimpleType[5522-5528]:SimpleType[5522-5528]"
  }, {
    "left" : "getReferenceName",
    "right" : "getReferenceName",
    "info" : "SimpleName[5529-5545]:SimpleName[5529-5545]"
  }, {
    "left" : "{}",
    "right" : "{}",
    "info" : "Block[5548-5575]:Block[5548-5575]"
  }, {
    "left" : "return reference;",
    "right" : "return reference;",
    "info" : "ReturnStatement[5554-5571]:ReturnStatement[5554-5571]"
  }, {
    "left" : "@Override",
    "right" : "@Override",
    "info" : "MarkerAnnotation[5579-5588]:MarkerAnnotation[5579-5588]"
  }, {
    "left" : "String",
    "right" : "String",
    "info" : "SimpleType[5591-5597]:SimpleType[5591-5597]"
  }, {
    "left" : "toStringHelper",
    "right" : "toStringHelper",
    "info" : "SimpleName[5598-5612]:SimpleName[5598-5612]"
  }, {
    "left" : "boolean forAnnotations",
    "right" : "boolean forAnnotations",
    "info" : "SingleVariableDeclaration[5613-5635]:SingleVariableDeclaration[5613-5635]"
  }, {
    "left" : "{}",
    "right" : "{}",
    "info" : "Block[5637-5664]:Block[5637-5664]"
  }, {
    "left" : "return reference;",
    "right" : "return reference;",
    "info" : "ReturnStatement[5643-5660]:ReturnStatement[5643-5660]"
  }, {
    "left" : "@Override",
    "right" : "@Override",
    "info" : "MarkerAnnotation[5668-5677]:MarkerAnnotation[5668-5677]"
  }, {
    "left" : "public",
    "right" : "public",
    "info" : "Modifier[5680-5686]:Modifier[5680-5686]"
  }, {
    "left" : "boolean",
    "right" : "boolean",
    "info" : "PrimitiveType[5687-5694]:PrimitiveType[5687-5694]"
  }, {
    "left" : "hasReferenceName",
    "right" : "hasReferenceName",
    "info" : "SimpleName[5695-5711]:SimpleName[5695-5711]"
  }, {
    "left" : "{}",
    "right" : "{}",
    "info" : "Block[5714-5736]:Block[5714-5736]"
  }, {
    "left" : "return true;",
    "right" : "return true;",
    "info" : "ReturnStatement[5720-5732]:ReturnStatement[5720-5732]"
  }, {
    "left" : "@Override",
    "right" : "@Override",
    "info" : "MarkerAnnotation[5740-5749]:MarkerAnnotation[5740-5749]"
  }, {
    "left" : "boolean",
    "right" : "boolean",
    "info" : "PrimitiveType[5752-5759]:PrimitiveType[5752-5759]"
  }, {
    "left" : "isNamedType",
    "right" : "isNamedType",
    "info" : "SimpleName[5760-5771]:SimpleName[5760-5771]"
  }, {
    "left" : "{}",
    "right" : "{}",
    "info" : "Block[5774-5796]:Block[5774-5796]"
  }, {
    "left" : "return true;",
    "right" : "return true;",
    "info" : "ReturnStatement[5780-5792]:ReturnStatement[5780-5792]"
  }, {
    "left" : "@Override",
    "right" : "@Override",
    "info" : "MarkerAnnotation[5800-5809]:MarkerAnnotation[5800-5809]"
  }, {
    "left" : "public",
    "right" : "public",
    "info" : "Modifier[5812-5818]:Modifier[5812-5818]"
  }, {
    "left" : "boolean",
    "right" : "boolean",
    "info" : "PrimitiveType[5819-5826]:PrimitiveType[5819-5826]"
  }, {
    "left" : "isNominalType",
    "right" : "isNominalType",
    "info" : "SimpleName[5827-5840]:SimpleName[5827-5840]"
  }, {
    "left" : "{}",
    "right" : "{}",
    "info" : "Block[5843-5865]:Block[5843-5865]"
  }, {
    "left" : "return true;",
    "right" : "return true;",
    "info" : "ReturnStatement[5849-5861]:ReturnStatement[5849-5861]"
  }, {
    "left" : "@Override",
    "right" : "@Override",
    "info" : "MarkerAnnotation[5869-5878]:MarkerAnnotation[5869-5878]"
  }, {
    "left" : "public",
    "right" : "public",
    "info" : "Modifier[5881-5887]:Modifier[5881-5887]"
  }, {
    "left" : "int",
    "right" : "int",
    "info" : "PrimitiveType[5888-5891]:PrimitiveType[5888-5891]"
  }, {
    "left" : "hashCode",
    "right" : "hashCode",
    "info" : "SimpleName[5892-5900]:SimpleName[5892-5900]"
  }, {
    "left" : "{}",
    "right" : "{}",
    "info" : "Block[5903-5941]:Block[5903-5941]"
  }, {
    "left" : "return reference.hashCode();",
    "right" : "return reference.hashCode();",
    "info" : "ReturnStatement[5909-5937]:ReturnStatement[5909-5937]"
  }, {
    "left" : "@Override",
    "right" : "@Override",
    "info" : "MarkerAnnotation[6018-6027]:MarkerAnnotation[6018-6027]"
  }, {
    "left" : "JSType",
    "right" : "JSType",
    "info" : "SimpleType[6030-6036]:SimpleType[6030-6036]"
  }, {
    "left" : "resolveInternal",
    "right" : "resolveInternal",
    "info" : "SimpleName[6037-6052]:SimpleName[6037-6052]"
  }, {
    "left" : "ErrorReporter t",
    "right" : "ErrorReporter t",
    "info" : "SingleVariableDeclaration[6053-6068]:SingleVariableDeclaration[6053-6068]"
  }, {
    "left" : "StaticScope<JSType> enclosing",
    "right" : "StaticScope<JSType> enclosing",
    "info" : "SingleVariableDeclaration[6070-6099]:SingleVariableDeclaration[6070-6099]"
  }, {
    "left" : "{}",
    "right" : "{}",
    "info" : "Block[6101-7032]:Block[6101-7020]"
  }, {
    "left" : "boolean resolved = resolveViaRegistry(t, enclosing);",
    "right" : "boolean resolved = resolveViaRegistry(t, enclosing);",
    "info" : "VariableDeclarationStatement[6413-6465]:VariableDeclarationStatement[6413-6465]"
  }, {
    "left" : "if (detectImplicitPrototypeCycle())",
    "right" : "if (detectInheritanceCycle())",
    "info" : "IfStatement[6470-6539]:IfStatement[6470-6533]"
  }, {
    "left" : "detectImplicitPrototypeCycle",
    "right" : "detectInheritanceCycle",
    "info" : "SimpleName[6474-6502]:SimpleName[6474-6496]"
  }, {
    "left" : "{}",
    "right" : "{}",
    "info" : "Block[6506-6539]:Block[6500-6533]"
  }, {
    "left" : "handleTypeCycle(t);",
    "right" : "handleTypeCycle(t);",
    "info" : "ExpressionStatement[6514-6533]:ExpressionStatement[6508-6527]"
  }, {
    "left" : "if (resolved)",
    "right" : "if (resolved)",
    "info" : "IfStatement[6545-6727]:IfStatement[6539-6721]"
  }, {
    "left" : "{}",
    "right" : "{}",
    "info" : "Block[6559-6727]:Block[6553-6721]"
  }, {
    "left" : "super.resolveInternal(t, enclosing);",
    "right" : "super.resolveInternal(t, enclosing);",
    "info" : "ExpressionStatement[6567-6603]:ExpressionStatement[6561-6597]"
  }, {
    "left" : "finishPropertyContinuations();",
    "right" : "finishPropertyContinuations();",
    "info" : "ExpressionStatement[6610-6640]:ExpressionStatement[6604-6634]"
  }, {
    "left" : "return registry.isLastGeneration() ?\n          getReferencedType() : this;",
    "right" : "return registry.isLastGeneration() ?\n          getReferencedType() : this;",
    "info" : "ReturnStatement[6647-6721]:ReturnStatement[6641-6715]"
  }, {
    "left" : "resolveViaProperties(t, enclosing);",
    "right" : "resolveViaProperties(t, enclosing);",
    "info" : "ExpressionStatement[6733-6768]:ExpressionStatement[6727-6762]"
  }, {
    "left" : "if (detectImplicitPrototypeCycle())",
    "right" : "if (detectInheritanceCycle())",
    "info" : "IfStatement[6773-6842]:IfStatement[6767-6830]"
  }, {
    "left" : "detectImplicitPrototypeCycle",
    "right" : "detectInheritanceCycle",
    "info" : "SimpleName[6777-6805]:SimpleName[6771-6793]"
  }, {
    "left" : "{}",
    "right" : "{}",
    "info" : "Block[6809-6842]:Block[6797-6830]"
  }, {
    "left" : "handleTypeCycle(t);",
    "right" : "handleTypeCycle(t);",
    "info" : "ExpressionStatement[6817-6836]:ExpressionStatement[6805-6824]"
  }, {
    "left" : "super.resolveInternal(t, enclosing);",
    "right" : "super.resolveInternal(t, enclosing);",
    "info" : "ExpressionStatement[6848-6884]:ExpressionStatement[6836-6872]"
  }, {
    "left" : "if (isResolved())",
    "right" : "if (isResolved())",
    "info" : "IfStatement[6889-6951]:IfStatement[6877-6939]"
  }, {
    "left" : "{}",
    "right" : "{}",
    "info" : "Block[6907-6951]:Block[6895-6939]"
  }, {
    "left" : "finishPropertyContinuations();",
    "right" : "finishPropertyContinuations();",
    "info" : "ExpressionStatement[6915-6945]:ExpressionStatement[6903-6933]"
  }, {
    "left" : "return registry.isLastGeneration() ?\n        getReferencedType() : this;",
    "right" : "return registry.isLastGeneration() ?\n        getReferencedType() : this;",
    "info" : "ReturnStatement[6956-7028]:ReturnStatement[6944-7016]"
  }, {
    "left" : "private",
    "right" : "private",
    "info" : "Modifier[7156-7163]:Modifier[7144-7151]"
  }, {
    "left" : "boolean",
    "right" : "boolean",
    "info" : "PrimitiveType[7164-7171]:PrimitiveType[7152-7159]"
  }, {
    "left" : "resolveViaRegistry",
    "right" : "resolveViaRegistry",
    "info" : "SimpleName[7172-7190]:SimpleName[7160-7178]"
  }, {
    "left" : "ErrorReporter t",
    "right" : "ErrorReporter t",
    "info" : "SingleVariableDeclaration[7198-7213]:SingleVariableDeclaration[7186-7201]"
  }, {
    "left" : "StaticScope<JSType> enclosing",
    "right" : "StaticScope<JSType> enclosing",
    "info" : "SingleVariableDeclaration[7215-7244]:SingleVariableDeclaration[7203-7232]"
  }, {
    "left" : "{}",
    "right" : "{}",
    "info" : "Block[7246-7421]:Block[7234-7409]"
  }, {
    "left" : "JSType type = registry.getType(reference);",
    "right" : "JSType type = registry.getType(reference);",
    "info" : "VariableDeclarationStatement[7252-7294]:VariableDeclarationStatement[7240-7282]"
  }, {
    "left" : "if (type != null)",
    "right" : "if (type != null)",
    "info" : "IfStatement[7299-7399]:IfStatement[7287-7387]"
  }, {
    "left" : "{}",
    "right" : "{}",
    "info" : "Block[7317-7399]:Block[7305-7387]"
  }, {
    "left" : "setReferencedAndResolvedType(type, t, enclosing);",
    "right" : "setReferencedAndResolvedType(type, t, enclosing);",
    "info" : "ExpressionStatement[7325-7374]:ExpressionStatement[7313-7362]"
  }, {
    "left" : "return true;",
    "right" : "return true;",
    "info" : "ReturnStatement[7381-7393]:ReturnStatement[7369-7381]"
  }, {
    "left" : "return false;",
    "right" : "return false;",
    "info" : "ReturnStatement[7404-7417]:ReturnStatement[7392-7405]"
  }, {
    "left" : "private",
    "right" : "private",
    "info" : "Modifier[7633-7640]:Modifier[7621-7628]"
  }, {
    "left" : "void",
    "right" : "void",
    "info" : "PrimitiveType[7641-7645]:PrimitiveType[7629-7633]"
  }, {
    "left" : "resolveViaProperties",
    "right" : "resolveViaProperties",
    "info" : "SimpleName[7646-7666]:SimpleName[7634-7654]"
  }, {
    "left" : "ErrorReporter t",
    "right" : "ErrorReporter t",
    "info" : "SingleVariableDeclaration[7667-7682]:SingleVariableDeclaration[7655-7670]"
  }, {
    "left" : "StaticScope<JSType> enclosing",
    "right" : "StaticScope<JSType> enclosing",
    "info" : "SingleVariableDeclaration[7720-7749]:SingleVariableDeclaration[7708-7737]"
  }, {
    "left" : "{}",
    "right" : "{}",
    "info" : "Block[7751-8894]:Block[7739-8882]"
  }, {
    "left" : "JSType value = lookupViaProperties(t, enclosing);",
    "right" : "JSType value = lookupViaProperties(t, enclosing);",
    "info" : "VariableDeclarationStatement[7757-7806]:VariableDeclarationStatement[7745-7794]"
  }, {
    "left" : "if (value != null && value.isFunctionType() &&\n        (value.isConstructor() || value.isInterface()))",
    "right" : "if (value != null && value.isFunctionType() &&\n        (value.isConstructor() || value.isInterface()))",
    "info" : "IfStatement[7846-8890]:IfStatement[7834-8878]"
  }, {
    "left" : "{}",
    "right" : "{}",
    "info" : "Block[7949-8112]:Block[7937-8100]"
  }, {
    "left" : "FunctionType functionType = value.toMaybeFunctionType();",
    "right" : "FunctionType functionType = value.toMaybeFunctionType();",
    "info" : "VariableDeclarationStatement[7957-8013]:VariableDeclarationStatement[7945-8001]"
  }, {
    "left" : "setReferencedAndResolvedType(\n          functionType.getInstanceType(), t, enclosing);",
    "right" : "setReferencedAndResolvedType(\n          functionType.getInstanceType(), t, enclosing);",
    "info" : "ExpressionStatement[8020-8106]:ExpressionStatement[8008-8094]"
  }, {
    "left" : "if (value != null && value.isNoObjectType())",
    "right" : "if (value != null && value.isNoObjectType())",
    "info" : "IfStatement[8118-8890]:IfStatement[8106-8878]"
  }, {
    "left" : "{}",
    "right" : "{}",
    "info" : "Block[8163-8325]:Block[8151-8313]"
  }, {
    "left" : "setReferencedAndResolvedType(\n          registry.getNativeFunctionType(\n              JSTypeNative.NO_OBJECT_TYPE).getInstanceType(), t, enclosing);",
    "right" : "setReferencedAndResolvedType(\n          registry.getNativeFunctionType(\n              JSTypeNative.NO_OBJECT_TYPE).getInstanceType(), t, enclosing);",
    "info" : "ExpressionStatement[8171-8319]:ExpressionStatement[8159-8307]"
  }, {
    "left" : "if (value instanceof EnumType)",
    "right" : "if (value instanceof EnumType)",
    "info" : "IfStatement[8331-8890]:IfStatement[8319-8878]"
  }, {
    "left" : "{}",
    "right" : "{}",
    "info" : "Block[8362-8468]:Block[8350-8456]"
  }, {
    "left" : "setReferencedAndResolvedType(\n          ((EnumType) value).getElementsType(), t, enclosing);",
    "right" : "setReferencedAndResolvedType(\n          ((EnumType) value).getElementsType(), t, enclosing);",
    "info" : "ExpressionStatement[8370-8462]:ExpressionStatement[8358-8450]"
  }, {
    "left" : "{}",
    "right" : "{}",
    "info" : "Block[8474-8890]:Block[8462-8878]"
  }, {
    "left" : "handleUnresolvedType(t, value == null || value.isUnknownType());",
    "right" : "handleUnresolvedType(t, value == null || value.isUnknownType());",
    "info" : "ExpressionStatement[8820-8884]:ExpressionStatement[8808-8872]"
  }, {
    "left" : "private",
    "right" : "private",
    "info" : "Modifier[9177-9184]:Modifier[9165-9172]"
  }, {
    "left" : "JSType",
    "right" : "JSType",
    "info" : "SimpleType[9185-9191]:SimpleType[9173-9179]"
  }, {
    "left" : "lookupViaProperties",
    "right" : "lookupViaProperties",
    "info" : "SimpleName[9192-9211]:SimpleName[9180-9199]"
  }, {
    "left" : "ErrorReporter t",
    "right" : "ErrorReporter t",
    "info" : "SingleVariableDeclaration[9213-9228]:SingleVariableDeclaration[9201-9216]"
  }, {
    "left" : "StaticScope<JSType> enclosing",
    "right" : "StaticScope<JSType> enclosing",
    "info" : "SingleVariableDeclaration[9236-9265]:SingleVariableDeclaration[9224-9253]"
  }, {
    "left" : "{}",
    "right" : "{}",
    "info" : "Block[9267-10308]:Block[9255-10296]"
  }, {
    "left" : "String[] componentNames = reference.split(\"\\\\.\", -1);",
    "right" : "String[] componentNames = reference.split(\"\\\\.\", -1);",
    "info" : "VariableDeclarationStatement[9273-9326]:VariableDeclarationStatement[9261-9314]"
  }, {
    "left" : "if (componentNames[0].length() == 0)",
    "right" : "if (componentNames[0].length() == 0)",
    "info" : "IfStatement[9331-9394]:IfStatement[9319-9382]"
  }, {
    "left" : "{}",
    "right" : "{}",
    "info" : "Block[9368-9394]:Block[9356-9382]"
  }, {
    "left" : "return null;",
    "right" : "return null;",
    "info" : "ReturnStatement[9376-9388]:ReturnStatement[9364-9376]"
  }, {
    "left" : "StaticSlot<JSType> slot = enclosing.getSlot(componentNames[0]);",
    "right" : "StaticSlot<JSType> slot = enclosing.getSlot(componentNames[0]);",
    "info" : "VariableDeclarationStatement[9399-9462]:VariableDeclarationStatement[9387-9450]"
  }, {
    "left" : "if (slot == null)",
    "right" : "if (slot == null)",
    "info" : "IfStatement[9467-9511]:IfStatement[9455-9499]"
  }, {
    "left" : "{}",
    "right" : "{}",
    "info" : "Block[9485-9511]:Block[9473-9499]"
  }, {
    "left" : "return null;",
    "right" : "return null;",
    "info" : "ReturnStatement[9493-9505]:ReturnStatement[9481-9493]"
  }, {
    "left" : "JSType slotType = slot.getType();",
    "right" : "JSType slotType = slot.getType();",
    "info" : "VariableDeclarationStatement[9686-9719]:VariableDeclarationStatement[9674-9707]"
  }, {
    "left" : "if (slotType == null || slotType.isAllType() || slotType.isNoType())",
    "right" : "if (slotType == null || slotType.isAllType() || slotType.isNoType())",
    "info" : "IfStatement[9724-9819]:IfStatement[9712-9807]"
  }, {
    "left" : "{}",
    "right" : "{}",
    "info" : "Block[9793-9819]:Block[9781-9807]"
  }, {
    "left" : "return null;",
    "right" : "return null;",
    "info" : "ReturnStatement[9801-9813]:ReturnStatement[9789-9801]"
  }, {
    "left" : "JSType value = getTypedefType(t, slot, componentNames[0]);",
    "right" : "JSType value = getTypedefType(t, slot, componentNames[0]);",
    "info" : "VariableDeclarationStatement[9824-9882]:VariableDeclarationStatement[9812-9870]"
  }, {
    "left" : "if (value == null)",
    "right" : "if (value == null)",
    "info" : "IfStatement[9887-9932]:IfStatement[9875-9920]"
  }, {
    "left" : "{}",
    "right" : "{}",
    "info" : "Block[9906-9932]:Block[9894-9920]"
  }, {
    "left" : "return null;",
    "right" : "return null;",
    "info" : "ReturnStatement[9914-9926]:ReturnStatement[9902-9914]"
  }, {
    "left" : "for (int i = 1; i < componentNames.length; i++)",
    "right" : "for (int i = 1; i < componentNames.length; i++)",
    "info" : "ForStatement[9978-10286]:ForStatement[9966-10274]"
  }, {
    "left" : "{}",
    "right" : "{}",
    "info" : "Block[10026-10286]:Block[10014-10274]"
  }, {
    "left" : "ObjectType parentClass = ObjectType.cast(value);",
    "right" : "ObjectType parentClass = ObjectType.cast(value);",
    "info" : "VariableDeclarationStatement[10034-10082]:VariableDeclarationStatement[10022-10070]"
  }, {
    "left" : "if (parentClass == null)",
    "right" : "if (parentClass == null)",
    "info" : "IfStatement[10089-10144]:IfStatement[10077-10132]"
  }, {
    "left" : "{}",
    "right" : "{}",
    "info" : "Block[10114-10144]:Block[10102-10132]"
  }, {
    "left" : "return null;",
    "right" : "return null;",
    "info" : "ReturnStatement[10124-10136]:ReturnStatement[10112-10124]"
  }, {
    "left" : "if (componentNames[i].length() == 0)",
    "right" : "if (componentNames[i].length() == 0)",
    "info" : "IfStatement[10151-10218]:IfStatement[10139-10206]"
  }, {
    "left" : "{}",
    "right" : "{}",
    "info" : "Block[10188-10218]:Block[10176-10206]"
  }, {
    "left" : "return null;",
    "right" : "return null;",
    "info" : "ReturnStatement[10198-10210]:ReturnStatement[10186-10198]"
  }, {
    "left" : "value = parentClass.getPropertyType(componentNames[i]);",
    "right" : "value = parentClass.getPropertyType(componentNames[i]);",
    "info" : "ExpressionStatement[10225-10280]:ExpressionStatement[10213-10268]"
  }, {
    "left" : "return value;",
    "right" : "return value;",
    "info" : "ReturnStatement[10291-10304]:ReturnStatement[10279-10292]"
  }, {
    "left" : "private",
    "right" : "private",
    "info" : "Modifier[10312-10319]:Modifier[10300-10307]"
  }, {
    "left" : "void",
    "right" : "void",
    "info" : "PrimitiveType[10320-10324]:PrimitiveType[10308-10312]"
  }, {
    "left" : "setReferencedAndResolvedType",
    "right" : "setReferencedAndResolvedType",
    "info" : "SimpleName[10325-10353]:SimpleName[10313-10341]"
  }, {
    "left" : "JSType type",
    "right" : "JSType type",
    "info" : "SingleVariableDeclaration[10354-10365]:SingleVariableDeclaration[10342-10353]"
  }, {
    "left" : "ErrorReporter t",
    "right" : "ErrorReporter t",
    "info" : "SingleVariableDeclaration[10367-10382]:SingleVariableDeclaration[10355-10370]"
  }, {
    "left" : "StaticScope<JSType> enclosing",
    "right" : "StaticScope<JSType> enclosing",
    "info" : "SingleVariableDeclaration[10390-10419]:SingleVariableDeclaration[10378-10407]"
  }, {
    "left" : "{}",
    "right" : "{}",
    "info" : "Block[10421-10599]:Block[10409-10587]"
  }, {
    "left" : "if (validator != null)",
    "right" : "if (validator != null)",
    "info" : "IfStatement[10427-10486]:IfStatement[10415-10474]"
  }, {
    "left" : "{}",
    "right" : "{}",
    "info" : "Block[10450-10486]:Block[10438-10474]"
  }, {
    "left" : "validator.apply(type);",
    "right" : "validator.apply(type);",
    "info" : "ExpressionStatement[10458-10480]:ExpressionStatement[10446-10468]"
  }, {
    "left" : "setReferencedType(type);",
    "right" : "setReferencedType(type);",
    "info" : "ExpressionStatement[10491-10515]:ExpressionStatement[10479-10503]"
  }, {
    "left" : "checkEnumElementCycle(t);",
    "right" : "checkEnumElementCycle(t);",
    "info" : "ExpressionStatement[10520-10545]:ExpressionStatement[10508-10533]"
  }, {
    "left" : "setResolvedTypeInternal(getReferencedType());",
    "right" : "setResolvedTypeInternal(getReferencedType());",
    "info" : "ExpressionStatement[10550-10595]:ExpressionStatement[10538-10583]"
  }, {
    "left" : "private",
    "right" : "private",
    "info" : "Modifier[10603-10610]:Modifier[10591-10598]"
  }, {
    "left" : "void",
    "right" : "void",
    "info" : "PrimitiveType[10611-10615]:PrimitiveType[10599-10603]"
  }, {
    "left" : "handleTypeCycle",
    "right" : "handleTypeCycle",
    "info" : "SimpleName[10616-10631]:SimpleName[10604-10619]"
  }, {
    "left" : "ErrorReporter t",
    "right" : "ErrorReporter t",
    "info" : "SingleVariableDeclaration[10632-10647]:SingleVariableDeclaration[10620-10635]"
  }, {
    "left" : "{}",
    "right" : "{}",
    "info" : "Block[10649-10904]:Block[10637-10892]"
  }, {
    "left" : "setReferencedType(\n        registry.getNativeObjectType(JSTypeNative.UNKNOWN_TYPE));",
    "right" : "setReferencedType(\n        registry.getNativeObjectType(JSTypeNative.UNKNOWN_TYPE));",
    "info" : "ExpressionStatement[10655-10739]:ExpressionStatement[10643-10727]"
  }, {
    "left" : "t.warning(\"Cycle detected in inheritance chain of type \" + reference,\n        sourceName, lineno, charno);",
    "right" : "t.warning(\"Cycle detected in inheritance chain of type \" + reference,\n        sourceName, lineno, charno);",
    "info" : "ExpressionStatement[10744-10850]:ExpressionStatement[10732-10838]"
  }, {
    "left" : "setResolvedTypeInternal(getReferencedType());",
    "right" : "setResolvedTypeInternal(getReferencedType());",
    "info" : "ExpressionStatement[10855-10900]:ExpressionStatement[10843-10888]"
  }, {
    "left" : "private",
    "right" : "private",
    "info" : "Modifier[10908-10915]:Modifier[10896-10903]"
  }, {
    "left" : "void",
    "right" : "void",
    "info" : "PrimitiveType[10916-10920]:PrimitiveType[10904-10908]"
  }, {
    "left" : "checkEnumElementCycle",
    "right" : "checkEnumElementCycle",
    "info" : "SimpleName[10921-10942]:SimpleName[10909-10930]"
  }, {
    "left" : "ErrorReporter t",
    "right" : "ErrorReporter t",
    "info" : "SingleVariableDeclaration[10943-10958]:SingleVariableDeclaration[10931-10946]"
  }, {
    "left" : "{}",
    "right" : "{}",
    "info" : "Block[10960-11172]:Block[10948-11160]"
  }, {
    "left" : "JSType referencedType = getReferencedType();",
    "right" : "JSType referencedType = getReferencedType();",
    "info" : "VariableDeclarationStatement[10966-11010]:VariableDeclarationStatement[10954-10998]"
  }, {
    "left" : "if (referencedType instanceof EnumElementType &&\n        ((EnumElementType) referencedType).getPrimitiveType() == this)",
    "right" : "if (referencedType instanceof EnumElementType &&\n        ((EnumElementType) referencedType).getPrimitiveType() == this)",
    "info" : "IfStatement[11015-11168]:IfStatement[11003-11156]"
  }, {
    "left" : "{}",
    "right" : "{}",
    "info" : "Block[11135-11168]:Block[11123-11156]"
  }, {
    "left" : "handleTypeCycle(t);",
    "right" : "handleTypeCycle(t);",
    "info" : "ExpressionStatement[11143-11162]:ExpressionStatement[11131-11150]"
  }, {
    "left" : "private",
    "right" : "private",
    "info" : "Modifier[11268-11275]:Modifier[11256-11263]"
  }, {
    "left" : "void",
    "right" : "void",
    "info" : "PrimitiveType[11276-11280]:PrimitiveType[11264-11268]"
  }, {
    "left" : "handleUnresolvedType",
    "right" : "handleUnresolvedType",
    "info" : "SimpleName[11281-11301]:SimpleName[11269-11289]"
  }, {
    "left" : "ErrorReporter t",
    "right" : "ErrorReporter t",
    "info" : "SingleVariableDeclaration[11309-11324]:SingleVariableDeclaration[11297-11312]"
  }, {
    "left" : "boolean ignoreForwardReferencedTypes",
    "right" : "boolean ignoreForwardReferencedTypes",
    "info" : "SingleVariableDeclaration[11326-11362]:SingleVariableDeclaration[11314-11350]"
  }, {
    "left" : "{}",
    "right" : "{}",
    "info" : "Block[11364-12082]:Block[11352-12070]"
  }, {
    "left" : "if (registry.isLastGeneration())",
    "right" : "if (registry.isLastGeneration())",
    "info" : "IfStatement[11370-12078]:IfStatement[11358-12066]"
  }, {
    "left" : "{}",
    "right" : "{}",
    "info" : "Block[11403-12028]:Block[11391-12016]"
  }, {
    "left" : "boolean isForwardDeclared =\n          ignoreForwardReferencedTypes &&\n          registry.isForwardDeclaredType(reference);",
    "right" : "boolean isForwardDeclared =\n          ignoreForwardReferencedTypes &&\n          registry.isForwardDeclaredType(reference);",
    "info" : "VariableDeclarationStatement[11411-11533]:VariableDeclarationStatement[11399-11521]"
  }, {
    "left" : "if (!isForwardDeclared && registry.isLastGeneration())",
    "right" : "if (!isForwardDeclared && registry.isLastGeneration())",
    "info" : "IfStatement[11540-11969]:IfStatement[11528-11957]"
  }, {
    "left" : "{}",
    "right" : "{}",
    "info" : "Block[11595-11713]:Block[11583-11701]"
  }, {
    "left" : "t.warning(\"Bad type annotation. Unknown type \" + reference,\n            sourceName, lineno, charno);",
    "right" : "t.warning(\"Bad type annotation. Unknown type \" + reference,\n            sourceName, lineno, charno);",
    "info" : "ExpressionStatement[11605-11705]:ExpressionStatement[11593-11693]"
  }, {
    "left" : "{}",
    "right" : "{}",
    "info" : "Block[11719-11969]:Block[11707-11957]"
  }, {
    "left" : "setReferencedType(\n            registry.getNativeObjectType(\n                JSTypeNative.NO_RESOLVED_TYPE));",
    "right" : "setReferencedType(\n            registry.getNativeObjectType(\n                JSTypeNative.NO_RESOLVED_TYPE));",
    "info" : "ExpressionStatement[11729-11838]:ExpressionStatement[11717-11826]"
  }, {
    "left" : "if (registry.isLastGeneration() && validator != null)",
    "right" : "if (registry.isLastGeneration() && validator != null)",
    "info" : "IfStatement[11848-11961]:IfStatement[11836-11949]"
  }, {
    "left" : "{}",
    "right" : "{}",
    "info" : "Block[11902-11961]:Block[11890-11949]"
  }, {
    "left" : "validator.apply(getReferencedType());",
    "right" : "validator.apply(getReferencedType());",
    "info" : "ExpressionStatement[11914-11951]:ExpressionStatement[11902-11939]"
  }, {
    "left" : "setResolvedTypeInternal(getReferencedType());",
    "right" : "setResolvedTypeInternal(getReferencedType());",
    "info" : "ExpressionStatement[11977-12022]:ExpressionStatement[11965-12010]"
  }, {
    "left" : "{}",
    "right" : "{}",
    "info" : "Block[12034-12078]:Block[12022-12066]"
  }, {
    "left" : "setResolvedTypeInternal(this);",
    "right" : "setResolvedTypeInternal(this);",
    "info" : "ExpressionStatement[12042-12072]:ExpressionStatement[12030-12060]"
  }, {
    "left" : "JSType",
    "right" : "JSType",
    "info" : "SimpleType[12086-12092]:SimpleType[12074-12080]"
  }, {
    "left" : "getTypedefType",
    "right" : "getTypedefType",
    "info" : "SimpleName[12093-12107]:SimpleName[12081-12095]"
  }, {
    "left" : "ErrorReporter t",
    "right" : "ErrorReporter t",
    "info" : "SingleVariableDeclaration[12108-12123]:SingleVariableDeclaration[12096-12111]"
  }, {
    "left" : "StaticSlot<JSType> slot",
    "right" : "StaticSlot<JSType> slot",
    "info" : "SingleVariableDeclaration[12125-12148]:SingleVariableDeclaration[12113-12136]"
  }, {
    "left" : "String name",
    "right" : "String name",
    "info" : "SingleVariableDeclaration[12150-12161]:SingleVariableDeclaration[12138-12149]"
  }, {
    "left" : "{}",
    "right" : "{}",
    "info" : "Block[12163-12303]:Block[12151-12291]"
  }, {
    "left" : "JSType type = slot.getType();",
    "right" : "JSType type = slot.getType();",
    "info" : "VariableDeclarationStatement[12169-12198]:VariableDeclarationStatement[12157-12186]"
  }, {
    "left" : "if (type != null)",
    "right" : "if (type != null)",
    "info" : "IfStatement[12203-12247]:IfStatement[12191-12235]"
  }, {
    "left" : "{}",
    "right" : "{}",
    "info" : "Block[12221-12247]:Block[12209-12235]"
  }, {
    "left" : "return type;",
    "right" : "return type;",
    "info" : "ReturnStatement[12229-12241]:ReturnStatement[12217-12229]"
  }, {
    "left" : "handleUnresolvedType(t, true);",
    "right" : "handleUnresolvedType(t, true);",
    "info" : "ExpressionStatement[12252-12282]:ExpressionStatement[12240-12270]"
  }, {
    "left" : "return null;",
    "right" : "return null;",
    "info" : "ReturnStatement[12287-12299]:ReturnStatement[12275-12287]"
  }, {
    "left" : "@Override",
    "right" : "@Override",
    "info" : "MarkerAnnotation[12307-12316]:MarkerAnnotation[12295-12304]"
  }, {
    "left" : "public",
    "right" : "public",
    "info" : "Modifier[12319-12325]:Modifier[12307-12313]"
  }, {
    "left" : "boolean",
    "right" : "boolean",
    "info" : "PrimitiveType[12326-12333]:PrimitiveType[12314-12321]"
  }, {
    "left" : "setValidator",
    "right" : "setValidator",
    "info" : "SimpleName[12334-12346]:SimpleName[12322-12334]"
  }, {
    "left" : "Predicate<JSType> validator",
    "right" : "Predicate<JSType> validator",
    "info" : "SingleVariableDeclaration[12347-12374]:SingleVariableDeclaration[12335-12362]"
  }, {
    "left" : "{}",
    "right" : "{}",
    "info" : "Block[12376-12704]:Block[12364-12692]"
  }, {
    "left" : "if (this.isResolved())",
    "right" : "if (this.isResolved())",
    "info" : "IfStatement[12560-12700]:IfStatement[12548-12688]"
  }, {
    "left" : "{}",
    "right" : "{}",
    "info" : "Block[12583-12634]:Block[12571-12622]"
  }, {
    "left" : "return super.setValidator(validator);",
    "right" : "return super.setValidator(validator);",
    "info" : "ReturnStatement[12591-12628]:ReturnStatement[12579-12616]"
  }, {
    "left" : "{}",
    "right" : "{}",
    "info" : "Block[12640-12700]:Block[12628-12688]"
  }, {
    "left" : "this.validator = validator;",
    "right" : "this.validator = validator;",
    "info" : "ExpressionStatement[12648-12675]:ExpressionStatement[12636-12663]"
  }, {
    "left" : "return true;",
    "right" : "return true;",
    "info" : "ReturnStatement[12682-12694]:ReturnStatement[12670-12682]"
  }, {
    "left" : "private",
    "right" : "private",
    "info" : "Modifier[12780-12787]:Modifier[12768-12775]"
  }, {
    "left" : "static",
    "right" : "static",
    "info" : "Modifier[12788-12794]:Modifier[12776-12782]"
  }, {
    "left" : "final",
    "right" : "final",
    "info" : "Modifier[12795-12800]:Modifier[12783-12788]"
  }, {
    "left" : "class",
    "right" : "class",
    "info" : "TYPE_DECLARATION_KIND[12801-12806]:TYPE_DECLARATION_KIND[12789-12794]"
  }, {
    "left" : "private",
    "right" : "private",
    "info" : "Modifier[12978-12985]:Modifier[12966-12973]"
  }, {
    "left" : "PropertyContinuation",
    "right" : "PropertyContinuation",
    "info" : "SimpleName[12986-13006]:SimpleName[12974-12994]"
  }, {
    "left" : "String propertyName",
    "right" : "String propertyName",
    "info" : "SingleVariableDeclaration[13016-13035]:SingleVariableDeclaration[13004-13023]"
  }, {
    "left" : "JSType type",
    "right" : "JSType type",
    "info" : "SingleVariableDeclaration[13045-13056]:SingleVariableDeclaration[13033-13044]"
  }, {
    "left" : "boolean inferred",
    "right" : "boolean inferred",
    "info" : "SingleVariableDeclaration[13066-13082]:SingleVariableDeclaration[13054-13070]"
  }, {
    "left" : "Node propertyNode",
    "right" : "Node propertyNode",
    "info" : "SingleVariableDeclaration[13092-13109]:SingleVariableDeclaration[13080-13097]"
  }, {
    "left" : "{}",
    "right" : "{}",
    "info" : "Block[13111-13254]:Block[13099-13242]"
  }, {
    "left" : "this.propertyName = propertyName;",
    "right" : "this.propertyName = propertyName;",
    "info" : "ExpressionStatement[13119-13152]:ExpressionStatement[13107-13140]"
  }, {
    "left" : "this.type = type;",
    "right" : "this.type = type;",
    "info" : "ExpressionStatement[13159-13176]:ExpressionStatement[13147-13164]"
  }, {
    "left" : "this.inferred = inferred;",
    "right" : "this.inferred = inferred;",
    "info" : "ExpressionStatement[13183-13208]:ExpressionStatement[13171-13196]"
  }, {
    "left" : "this.propertyNode = propertyNode;",
    "right" : "this.propertyNode = propertyNode;",
    "info" : "ExpressionStatement[13215-13248]:ExpressionStatement[13203-13236]"
  }, {
    "left" : "void",
    "right" : "void",
    "info" : "PrimitiveType[13260-13264]:PrimitiveType[13248-13252]"
  }, {
    "left" : "commit",
    "right" : "commit",
    "info" : "SimpleName[13265-13271]:SimpleName[13253-13259]"
  }, {
    "left" : "ObjectType target",
    "right" : "ObjectType target",
    "info" : "SingleVariableDeclaration[13272-13289]:SingleVariableDeclaration[13260-13277]"
  }, {
    "left" : "{}",
    "right" : "{}",
    "info" : "Block[13291-13382]:Block[13279-13370]"
  }, {
    "left" : "target.defineProperty(\n          propertyName, type, inferred, propertyNode);",
    "right" : "target.defineProperty(\n          propertyName, type, inferred, propertyNode);",
    "info" : "ExpressionStatement[13299-13376]:ExpressionStatement[13287-13364]"
  } ]
}