{
  "matchedElements" : [
 {
    "left" : "class : BaseSettings",
    "right" : "class : BaseSettings",
    "info" : "TypeDeclaration[727-12918]:TypeDeclaration[727-12858]"
  }, {
    "left" : "serialVersionUID",
    "right" : "serialVersionUID",
    "info" : "FieldDeclaration[1006-1054]:FieldDeclaration[1006-1054]"
  }, {
    "left" : "_classIntrospector",
    "right" : "_classIntrospector",
    "info" : "FieldDeclaration[1262-1566]:FieldDeclaration[1262-1566]"
  }, {
    "left" : "_annotationIntrospector",
    "right" : "_annotationIntrospector",
    "info" : "FieldDeclaration[1572-1728]:FieldDeclaration[1572-1728]"
  }, {
    "left" : "_visibilityChecker",
    "right" : "_visibilityChecker",
    "info" : "FieldDeclaration[1734-2244]:FieldDeclaration[1734-2244]"
  }, {
    "left" : "_propertyNamingStrategy",
    "right" : "_propertyNamingStrategy",
    "info" : "FieldDeclaration[2250-2384]:FieldDeclaration[2250-2384]"
  }, {
    "left" : "_typeFactory",
    "right" : "_typeFactory",
    "info" : "FieldDeclaration[2390-2640]:FieldDeclaration[2390-2640]"
  }, {
    "left" : "_typeResolverBuilder",
    "right" : "_typeResolverBuilder",
    "info" : "FieldDeclaration[2837-3033]:FieldDeclaration[2837-3033]"
  }, {
    "left" : "_dateFormat",
    "right" : "_dateFormat",
    "info" : "FieldDeclaration[3228-3579]:FieldDeclaration[3228-3579]"
  }, {
    "left" : "_handlerInstantiator",
    "right" : "_handlerInstantiator",
    "info" : "FieldDeclaration[3585-3991]:FieldDeclaration[3585-3991]"
  }, {
    "left" : "_locale",
    "right" : "_locale",
    "info" : "FieldDeclaration[3997-4170]:FieldDeclaration[3997-4170]"
  }, {
    "left" : "_timeZone",
    "right" : "_timeZone",
    "info" : "FieldDeclaration[4176-4556]:FieldDeclaration[4176-4556]"
  }, {
    "left" : "_defaultBase64",
    "right" : "_defaultBase64",
    "info" : "FieldDeclaration[4562-4832]:FieldDeclaration[4562-4832]"
  }, {
    "left" : "public BaseSettings(ci , ai , vc , pns , tf , typer , dateFormat , hi , locale , tz , defaultBase64 )",
    "right" : "public BaseSettings(ci , ai , vc , pns , tf , typer , dateFormat , hi , locale , tz , defaultBase64 )",
    "info" : "MethodDeclaration[5006-5692]:MethodDeclaration[5006-5692]"
  }, {
    "left" : "public withClassIntrospector(ci ) : ",
    "right" : "public withClassIntrospector(ci ) : ",
    "info" : "MethodDeclaration[5869-6261]:MethodDeclaration[5869-6261]"
  }, {
    "left" : "public withAnnotationIntrospector(ai ) : ",
    "right" : "public withAnnotationIntrospector(ai ) : ",
    "info" : "MethodDeclaration[6271-6673]:MethodDeclaration[6271-6673]"
  }, {
    "left" : "public withInsertedAnnotationIntrospector(ai ) : ",
    "right" : "public withInsertedAnnotationIntrospector(ai ) : ",
    "info" : "MethodDeclaration[6679-6875]:MethodDeclaration[6679-6875]"
  }, {
    "left" : "public withAppendedAnnotationIntrospector(ai ) : ",
    "right" : "public withAppendedAnnotationIntrospector(ai ) : ",
    "info" : "MethodDeclaration[6881-7077]:MethodDeclaration[6881-7077]"
  }, {
    "left" : "public withVisibilityChecker(vc ) : ",
    "right" : "public withVisibilityChecker(vc ) : ",
    "info" : "MethodDeclaration[7087-7482]:MethodDeclaration[7087-7482]"
  }, {
    "left" : "public withVisibility(forMethod , visibility ) : ",
    "right" : "public withVisibility(forMethod , visibility ) : ",
    "info" : "MethodDeclaration[7488-7928]:MethodDeclaration[7488-7928]"
  }, {
    "left" : "public withPropertyNamingStrategy(pns ...) : ",
    "right" : "public withPropertyNamingStrategy(pns ...) : ",
    "info" : "MethodDeclaration[7938-8343]:MethodDeclaration[7938-8343]"
  }, {
    "left" : "public withTypeFactory(tf ) : ",
    "right" : "public withTypeFactory(tf ) : ",
    "info" : "MethodDeclaration[8349-8729]:MethodDeclaration[8349-8729]"
  }, {
    "left" : "public withTypeResolverBuilder(typer ) : ",
    "right" : "public withTypeResolverBuilder(typer ) : ",
    "info" : "MethodDeclaration[8735-9143]:MethodDeclaration[8735-9143]"
  }, {
    "left" : "public withDateFormat(df ) : ",
    "right" : "public withDateFormat(df ) : ",
    "info" : "MethodDeclaration[9153-9591]:MethodDeclaration[9153-9531]"
  }, {
    "left" : "public withHandlerInstantiator(hi ) : ",
    "right" : "public withHandlerInstantiator(hi ) : ",
    "info" : "MethodDeclaration[9597-9993]:MethodDeclaration[9537-9933]"
  }, {
    "left" : "public with(l ) : ",
    "right" : "public with(l ) : ",
    "info" : "MethodDeclaration[9999-10360]:MethodDeclaration[9939-10300]"
  }, {
    "left" : "public with(tz ) : ",
    "right" : "public with(tz ) : ",
    "info" : "MethodDeclaration[10366-11317]:MethodDeclaration[10306-11257]"
  }, {
    "left" : "public with(base64 ) : ",
    "right" : "public with(base64 ) : ",
    "info" : "MethodDeclaration[11323-11756]:MethodDeclaration[11263-11696]"
  }, {
    "left" : "public getClassIntrospector() : ",
    "right" : "public getClassIntrospector() : ",
    "info" : "MethodDeclaration[11921-12011]:MethodDeclaration[11861-11951]"
  }, {
    "left" : "public getAnnotationIntrospector() : ",
    "right" : "public getAnnotationIntrospector() : ",
    "info" : "MethodDeclaration[12021-12126]:MethodDeclaration[11961-12066]"
  }, {
    "left" : "public getVisibilityChecker() : ",
    "right" : "public getVisibilityChecker() : ",
    "info" : "MethodDeclaration[12132-12225]:MethodDeclaration[12072-12165]"
  }, {
    "left" : "public getPropertyNamingStrategy() : ",
    "right" : "public getPropertyNamingStrategy() : ",
    "info" : "MethodDeclaration[12231-12336]:MethodDeclaration[12171-12276]"
  }, {
    "left" : "public getTypeFactory() : ",
    "right" : "public getTypeFactory() : ",
    "info" : "MethodDeclaration[12342-12414]:MethodDeclaration[12282-12354]"
  }, {
    "left" : "public getTypeResolverBuilder() : ",
    "right" : "public getTypeResolverBuilder() : ",
    "info" : "MethodDeclaration[12420-12519]:MethodDeclaration[12360-12459]"
  }, {
    "left" : "public getDateFormat() : ",
    "right" : "public getDateFormat() : ",
    "info" : "MethodDeclaration[12529-12598]:MethodDeclaration[12469-12538]"
  }, {
    "left" : "public getHandlerInstantiator() : ",
    "right" : "public getHandlerInstantiator() : ",
    "info" : "MethodDeclaration[12604-12700]:MethodDeclaration[12544-12640]"
  }, {
    "left" : "public getLocale() : ",
    "right" : "public getLocale() : ",
    "info" : "MethodDeclaration[12706-12763]:MethodDeclaration[12646-12703]"
  }, {
    "left" : "public getTimeZone() : ",
    "right" : "public getTimeZone() : ",
    "info" : "MethodDeclaration[12769-12832]:MethodDeclaration[12709-12772]"
  }, {
    "left" : "public getBase64Variant() : ",
    "right" : "public getBase64Variant() : ",
    "info" : "MethodDeclaration[12838-12916]:MethodDeclaration[12778-12856]"
  } ],
  "mappings" : [
 {
    "left" : "public",
    "right" : "public",
    "info" : "Modifier[917-923]:Modifier[917-923]"
  }, {
    "left" : "final",
    "right" : "final",
    "info" : "Modifier[924-929]:Modifier[924-929]"
  }, {
    "left" : "class",
    "right" : "class",
    "info" : "TYPE_DECLARATION_KIND[930-935]:TYPE_DECLARATION_KIND[930-935]"
  }, {
    "left" : "public",
    "right" : "public",
    "info" : "Modifier[5006-5012]:Modifier[5006-5012]"
  }, {
    "left" : "BaseSettings",
    "right" : "BaseSettings",
    "info" : "SimpleName[5013-5025]:SimpleName[5013-5025]"
  }, {
    "left" : "ClassIntrospector ci",
    "right" : "ClassIntrospector ci",
    "info" : "SingleVariableDeclaration[5026-5046]:SingleVariableDeclaration[5026-5046]"
  }, {
    "left" : "AnnotationIntrospector ai",
    "right" : "AnnotationIntrospector ai",
    "info" : "SingleVariableDeclaration[5048-5073]:SingleVariableDeclaration[5048-5073]"
  }, {
    "left" : "VisibilityChecker<?> vc",
    "right" : "VisibilityChecker<?> vc",
    "info" : "SingleVariableDeclaration[5087-5110]:SingleVariableDeclaration[5087-5110]"
  }, {
    "left" : "PropertyNamingStrategy pns",
    "right" : "PropertyNamingStrategy pns",
    "info" : "SingleVariableDeclaration[5112-5138]:SingleVariableDeclaration[5112-5138]"
  }, {
    "left" : "TypeFactory tf",
    "right" : "TypeFactory tf",
    "info" : "SingleVariableDeclaration[5140-5154]:SingleVariableDeclaration[5140-5154]"
  }, {
    "left" : "TypeResolverBuilder<?> typer",
    "right" : "TypeResolverBuilder<?> typer",
    "info" : "SingleVariableDeclaration[5168-5196]:SingleVariableDeclaration[5168-5196]"
  }, {
    "left" : "DateFormat dateFormat",
    "right" : "DateFormat dateFormat",
    "info" : "SingleVariableDeclaration[5198-5219]:SingleVariableDeclaration[5198-5219]"
  }, {
    "left" : "HandlerInstantiator hi",
    "right" : "HandlerInstantiator hi",
    "info" : "SingleVariableDeclaration[5221-5243]:SingleVariableDeclaration[5221-5243]"
  }, {
    "left" : "Locale locale",
    "right" : "Locale locale",
    "info" : "SingleVariableDeclaration[5257-5270]:SingleVariableDeclaration[5257-5270]"
  }, {
    "left" : "TimeZone tz",
    "right" : "TimeZone tz",
    "info" : "SingleVariableDeclaration[5272-5283]:SingleVariableDeclaration[5272-5283]"
  }, {
    "left" : "Base64Variant defaultBase64",
    "right" : "Base64Variant defaultBase64",
    "info" : "SingleVariableDeclaration[5285-5312]:SingleVariableDeclaration[5285-5312]"
  }, {
    "left" : "{}",
    "right" : "{}",
    "info" : "Block[5318-5692]:Block[5318-5692]"
  }, {
    "left" : "_classIntrospector = ci;",
    "right" : "_classIntrospector = ci;",
    "info" : "ExpressionStatement[5328-5352]:ExpressionStatement[5328-5352]"
  }, {
    "left" : "_annotationIntrospector = ai;",
    "right" : "_annotationIntrospector = ai;",
    "info" : "ExpressionStatement[5361-5390]:ExpressionStatement[5361-5390]"
  }, {
    "left" : "_visibilityChecker = vc;",
    "right" : "_visibilityChecker = vc;",
    "info" : "ExpressionStatement[5399-5423]:ExpressionStatement[5399-5423]"
  }, {
    "left" : "_propertyNamingStrategy = pns;",
    "right" : "_propertyNamingStrategy = pns;",
    "info" : "ExpressionStatement[5432-5462]:ExpressionStatement[5432-5462]"
  }, {
    "left" : "_typeFactory = tf;",
    "right" : "_typeFactory = tf;",
    "info" : "ExpressionStatement[5471-5489]:ExpressionStatement[5471-5489]"
  }, {
    "left" : "_typeResolverBuilder = typer;",
    "right" : "_typeResolverBuilder = typer;",
    "info" : "ExpressionStatement[5498-5527]:ExpressionStatement[5498-5527]"
  }, {
    "left" : "_dateFormat = dateFormat;",
    "right" : "_dateFormat = dateFormat;",
    "info" : "ExpressionStatement[5536-5561]:ExpressionStatement[5536-5561]"
  }, {
    "left" : "_handlerInstantiator = hi;",
    "right" : "_handlerInstantiator = hi;",
    "info" : "ExpressionStatement[5570-5596]:ExpressionStatement[5570-5596]"
  }, {
    "left" : "_locale = locale;",
    "right" : "_locale = locale;",
    "info" : "ExpressionStatement[5605-5622]:ExpressionStatement[5605-5622]"
  }, {
    "left" : "_timeZone = tz;",
    "right" : "_timeZone = tz;",
    "info" : "ExpressionStatement[5631-5646]:ExpressionStatement[5631-5646]"
  }, {
    "left" : "_defaultBase64 = defaultBase64;",
    "right" : "_defaultBase64 = defaultBase64;",
    "info" : "ExpressionStatement[5655-5686]:ExpressionStatement[5655-5686]"
  }, {
    "left" : "public",
    "right" : "public",
    "info" : "Modifier[5869-5875]:Modifier[5869-5875]"
  }, {
    "left" : "BaseSettings",
    "right" : "BaseSettings",
    "info" : "SimpleType[5876-5888]:SimpleType[5876-5888]"
  }, {
    "left" : "withClassIntrospector",
    "right" : "withClassIntrospector",
    "info" : "SimpleName[5889-5910]:SimpleName[5889-5910]"
  }, {
    "left" : "ClassIntrospector ci",
    "right" : "ClassIntrospector ci",
    "info" : "SingleVariableDeclaration[5911-5931]:SingleVariableDeclaration[5911-5931]"
  }, {
    "left" : "{}",
    "right" : "{}",
    "info" : "Block[5933-6261]:Block[5933-6261]"
  }, {
    "left" : "if (_classIntrospector == ci)",
    "right" : "if (_classIntrospector == ci)",
    "info" : "IfStatement[5943-6009]:IfStatement[5943-6009]"
  }, {
    "left" : "{}",
    "right" : "{}",
    "info" : "Block[5973-6009]:Block[5973-6009]"
  }, {
    "left" : "return this;",
    "right" : "return this;",
    "info" : "ReturnStatement[5987-5999]:ReturnStatement[5987-5999]"
  }, {
    "left" : "return new BaseSettings(ci, _annotationIntrospector, _visibilityChecker, _propertyNamingStrategy, _typeFactory,\n                _typeResolverBuilder, _dateFormat, _handlerInstantiator, _locale,\n                _timeZone, _defaultBase64);",
    "right" : "return new BaseSettings(ci, _annotationIntrospector, _visibilityChecker, _propertyNamingStrategy, _typeFactory,\n                _typeResolverBuilder, _dateFormat, _handlerInstantiator, _locale,\n                _timeZone, _defaultBase64);",
    "info" : "ReturnStatement[6018-6255]:ReturnStatement[6018-6255]"
  }, {
    "left" : "public",
    "right" : "public",
    "info" : "Modifier[6271-6277]:Modifier[6271-6277]"
  }, {
    "left" : "BaseSettings",
    "right" : "BaseSettings",
    "info" : "SimpleType[6278-6290]:SimpleType[6278-6290]"
  }, {
    "left" : "withAnnotationIntrospector",
    "right" : "withAnnotationIntrospector",
    "info" : "SimpleName[6291-6317]:SimpleName[6291-6317]"
  }, {
    "left" : "AnnotationIntrospector ai",
    "right" : "AnnotationIntrospector ai",
    "info" : "SingleVariableDeclaration[6318-6343]:SingleVariableDeclaration[6318-6343]"
  }, {
    "left" : "{}",
    "right" : "{}",
    "info" : "Block[6345-6673]:Block[6345-6673]"
  }, {
    "left" : "if (_annotationIntrospector == ai)",
    "right" : "if (_annotationIntrospector == ai)",
    "info" : "IfStatement[6355-6426]:IfStatement[6355-6426]"
  }, {
    "left" : "{}",
    "right" : "{}",
    "info" : "Block[6390-6426]:Block[6390-6426]"
  }, {
    "left" : "return this;",
    "right" : "return this;",
    "info" : "ReturnStatement[6404-6416]:ReturnStatement[6404-6416]"
  }, {
    "left" : "return new BaseSettings(_classIntrospector, ai, _visibilityChecker, _propertyNamingStrategy, _typeFactory,\n                _typeResolverBuilder, _dateFormat, _handlerInstantiator, _locale,\n                _timeZone, _defaultBase64);",
    "right" : "return new BaseSettings(_classIntrospector, ai, _visibilityChecker, _propertyNamingStrategy, _typeFactory,\n                _typeResolverBuilder, _dateFormat, _handlerInstantiator, _locale,\n                _timeZone, _defaultBase64);",
    "info" : "ReturnStatement[6435-6667]:ReturnStatement[6435-6667]"
  }, {
    "left" : "public",
    "right" : "public",
    "info" : "Modifier[6679-6685]:Modifier[6679-6685]"
  }, {
    "left" : "BaseSettings",
    "right" : "BaseSettings",
    "info" : "SimpleType[6686-6698]:SimpleType[6686-6698]"
  }, {
    "left" : "withInsertedAnnotationIntrospector",
    "right" : "withInsertedAnnotationIntrospector",
    "info" : "SimpleName[6699-6733]:SimpleName[6699-6733]"
  }, {
    "left" : "AnnotationIntrospector ai",
    "right" : "AnnotationIntrospector ai",
    "info" : "SingleVariableDeclaration[6734-6759]:SingleVariableDeclaration[6734-6759]"
  }, {
    "left" : "{}",
    "right" : "{}",
    "info" : "Block[6761-6875]:Block[6761-6875]"
  }, {
    "left" : "return withAnnotationIntrospector(AnnotationIntrospectorPair.create(ai, _annotationIntrospector));",
    "right" : "return withAnnotationIntrospector(AnnotationIntrospectorPair.create(ai, _annotationIntrospector));",
    "info" : "ReturnStatement[6771-6869]:ReturnStatement[6771-6869]"
  }, {
    "left" : "public",
    "right" : "public",
    "info" : "Modifier[6881-6887]:Modifier[6881-6887]"
  }, {
    "left" : "BaseSettings",
    "right" : "BaseSettings",
    "info" : "SimpleType[6888-6900]:SimpleType[6888-6900]"
  }, {
    "left" : "withAppendedAnnotationIntrospector",
    "right" : "withAppendedAnnotationIntrospector",
    "info" : "SimpleName[6901-6935]:SimpleName[6901-6935]"
  }, {
    "left" : "AnnotationIntrospector ai",
    "right" : "AnnotationIntrospector ai",
    "info" : "SingleVariableDeclaration[6936-6961]:SingleVariableDeclaration[6936-6961]"
  }, {
    "left" : "{}",
    "right" : "{}",
    "info" : "Block[6963-7077]:Block[6963-7077]"
  }, {
    "left" : "return withAnnotationIntrospector(AnnotationIntrospectorPair.create(_annotationIntrospector, ai));",
    "right" : "return withAnnotationIntrospector(AnnotationIntrospectorPair.create(_annotationIntrospector, ai));",
    "info" : "ReturnStatement[6973-7071]:ReturnStatement[6973-7071]"
  }, {
    "left" : "public",
    "right" : "public",
    "info" : "Modifier[7087-7093]:Modifier[7087-7093]"
  }, {
    "left" : "BaseSettings",
    "right" : "BaseSettings",
    "info" : "SimpleType[7094-7106]:SimpleType[7094-7106]"
  }, {
    "left" : "withVisibilityChecker",
    "right" : "withVisibilityChecker",
    "info" : "SimpleName[7107-7128]:SimpleName[7107-7128]"
  }, {
    "left" : "VisibilityChecker<?> vc",
    "right" : "VisibilityChecker<?> vc",
    "info" : "SingleVariableDeclaration[7129-7152]:SingleVariableDeclaration[7129-7152]"
  }, {
    "left" : "{}",
    "right" : "{}",
    "info" : "Block[7154-7482]:Block[7154-7482]"
  }, {
    "left" : "if (_visibilityChecker == vc)",
    "right" : "if (_visibilityChecker == vc)",
    "info" : "IfStatement[7164-7230]:IfStatement[7164-7230]"
  }, {
    "left" : "{}",
    "right" : "{}",
    "info" : "Block[7194-7230]:Block[7194-7230]"
  }, {
    "left" : "return this;",
    "right" : "return this;",
    "info" : "ReturnStatement[7208-7220]:ReturnStatement[7208-7220]"
  }, {
    "left" : "return new BaseSettings(_classIntrospector, _annotationIntrospector, vc, _propertyNamingStrategy, _typeFactory,\n                _typeResolverBuilder, _dateFormat, _handlerInstantiator, _locale,\n                _timeZone, _defaultBase64);",
    "right" : "return new BaseSettings(_classIntrospector, _annotationIntrospector, vc, _propertyNamingStrategy, _typeFactory,\n                _typeResolverBuilder, _dateFormat, _handlerInstantiator, _locale,\n                _timeZone, _defaultBase64);",
    "info" : "ReturnStatement[7239-7476]:ReturnStatement[7239-7476]"
  }, {
    "left" : "public",
    "right" : "public",
    "info" : "Modifier[7488-7494]:Modifier[7488-7494]"
  }, {
    "left" : "BaseSettings",
    "right" : "BaseSettings",
    "info" : "SimpleType[7495-7507]:SimpleType[7495-7507]"
  }, {
    "left" : "withVisibility",
    "right" : "withVisibility",
    "info" : "SimpleName[7508-7522]:SimpleName[7508-7522]"
  }, {
    "left" : "PropertyAccessor forMethod",
    "right" : "PropertyAccessor forMethod",
    "info" : "SingleVariableDeclaration[7523-7549]:SingleVariableDeclaration[7523-7549]"
  }, {
    "left" : "JsonAutoDetect.Visibility visibility",
    "right" : "JsonAutoDetect.Visibility visibility",
    "info" : "SingleVariableDeclaration[7551-7587]:SingleVariableDeclaration[7551-7587]"
  }, {
    "left" : "{}",
    "right" : "{}",
    "info" : "Block[7589-7928]:Block[7589-7928]"
  }, {
    "left" : "return new BaseSettings(_classIntrospector, _annotationIntrospector,\n                _visibilityChecker.withVisibility(forMethod, visibility),\n                _propertyNamingStrategy, _typeFactory,\n                _typeResolverBuilder, _dateFormat, _handlerInstantiator, _locale,\n                _timeZone, _defaultBase64);",
    "right" : "return new BaseSettings(_classIntrospector, _annotationIntrospector,\n                _visibilityChecker.withVisibility(forMethod, visibility),\n                _propertyNamingStrategy, _typeFactory,\n                _typeResolverBuilder, _dateFormat, _handlerInstantiator, _locale,\n                _timeZone, _defaultBase64);",
    "info" : "ReturnStatement[7599-7922]:ReturnStatement[7599-7922]"
  }, {
    "left" : "public",
    "right" : "public",
    "info" : "Modifier[7938-7944]:Modifier[7938-7944]"
  }, {
    "left" : "BaseSettings",
    "right" : "BaseSettings",
    "info" : "SimpleType[7945-7957]:SimpleType[7945-7957]"
  }, {
    "left" : "withPropertyNamingStrategy",
    "right" : "withPropertyNamingStrategy",
    "info" : "SimpleName[7958-7984]:SimpleName[7958-7984]"
  }, {
    "left" : "PropertyNamingStrategy pns",
    "right" : "PropertyNamingStrategy pns",
    "info" : "SingleVariableDeclaration[7985-8011]:SingleVariableDeclaration[7985-8011]"
  }, {
    "left" : "{}",
    "right" : "{}",
    "info" : "Block[8013-8343]:Block[8013-8343]"
  }, {
    "left" : "if (_propertyNamingStrategy == pns)",
    "right" : "if (_propertyNamingStrategy == pns)",
    "info" : "IfStatement[8023-8095]:IfStatement[8023-8095]"
  }, {
    "left" : "{}",
    "right" : "{}",
    "info" : "Block[8059-8095]:Block[8059-8095]"
  }, {
    "left" : "return this;",
    "right" : "return this;",
    "info" : "ReturnStatement[8073-8085]:ReturnStatement[8073-8085]"
  }, {
    "left" : "return new BaseSettings(_classIntrospector, _annotationIntrospector, _visibilityChecker, pns, _typeFactory,\n                _typeResolverBuilder, _dateFormat, _handlerInstantiator, _locale,\n                _timeZone, _defaultBase64);",
    "right" : "return new BaseSettings(_classIntrospector, _annotationIntrospector, _visibilityChecker, pns, _typeFactory,\n                _typeResolverBuilder, _dateFormat, _handlerInstantiator, _locale,\n                _timeZone, _defaultBase64);",
    "info" : "ReturnStatement[8104-8337]:ReturnStatement[8104-8337]"
  }, {
    "left" : "public",
    "right" : "public",
    "info" : "Modifier[8349-8355]:Modifier[8349-8355]"
  }, {
    "left" : "BaseSettings",
    "right" : "BaseSettings",
    "info" : "SimpleType[8356-8368]:SimpleType[8356-8368]"
  }, {
    "left" : "withTypeFactory",
    "right" : "withTypeFactory",
    "info" : "SimpleName[8369-8384]:SimpleName[8369-8384]"
  }, {
    "left" : "TypeFactory tf",
    "right" : "TypeFactory tf",
    "info" : "SingleVariableDeclaration[8385-8399]:SingleVariableDeclaration[8385-8399]"
  }, {
    "left" : "{}",
    "right" : "{}",
    "info" : "Block[8401-8729]:Block[8401-8729]"
  }, {
    "left" : "if (_typeFactory == tf)",
    "right" : "if (_typeFactory == tf)",
    "info" : "IfStatement[8411-8471]:IfStatement[8411-8471]"
  }, {
    "left" : "{}",
    "right" : "{}",
    "info" : "Block[8435-8471]:Block[8435-8471]"
  }, {
    "left" : "return this;",
    "right" : "return this;",
    "info" : "ReturnStatement[8449-8461]:ReturnStatement[8449-8461]"
  }, {
    "left" : "return new BaseSettings(_classIntrospector, _annotationIntrospector, _visibilityChecker, _propertyNamingStrategy, tf,\n                _typeResolverBuilder, _dateFormat, _handlerInstantiator, _locale,\n                _timeZone, _defaultBase64);",
    "right" : "return new BaseSettings(_classIntrospector, _annotationIntrospector, _visibilityChecker, _propertyNamingStrategy, tf,\n                _typeResolverBuilder, _dateFormat, _handlerInstantiator, _locale,\n                _timeZone, _defaultBase64);",
    "info" : "ReturnStatement[8480-8723]:ReturnStatement[8480-8723]"
  }, {
    "left" : "public",
    "right" : "public",
    "info" : "Modifier[8735-8741]:Modifier[8735-8741]"
  }, {
    "left" : "BaseSettings",
    "right" : "BaseSettings",
    "info" : "SimpleType[8742-8754]:SimpleType[8742-8754]"
  }, {
    "left" : "withTypeResolverBuilder",
    "right" : "withTypeResolverBuilder",
    "info" : "SimpleName[8755-8778]:SimpleName[8755-8778]"
  }, {
    "left" : "TypeResolverBuilder<?> typer",
    "right" : "TypeResolverBuilder<?> typer",
    "info" : "SingleVariableDeclaration[8779-8807]:SingleVariableDeclaration[8779-8807]"
  }, {
    "left" : "{}",
    "right" : "{}",
    "info" : "Block[8809-9143]:Block[8809-9143]"
  }, {
    "left" : "if (_typeResolverBuilder == typer)",
    "right" : "if (_typeResolverBuilder == typer)",
    "info" : "IfStatement[8819-8890]:IfStatement[8819-8890]"
  }, {
    "left" : "{}",
    "right" : "{}",
    "info" : "Block[8854-8890]:Block[8854-8890]"
  }, {
    "left" : "return this;",
    "right" : "return this;",
    "info" : "ReturnStatement[8868-8880]:ReturnStatement[8868-8880]"
  }, {
    "left" : "return new BaseSettings(_classIntrospector, _annotationIntrospector, _visibilityChecker, _propertyNamingStrategy, _typeFactory,\n                typer, _dateFormat, _handlerInstantiator, _locale,\n                _timeZone, _defaultBase64);",
    "right" : "return new BaseSettings(_classIntrospector, _annotationIntrospector, _visibilityChecker, _propertyNamingStrategy, _typeFactory,\n                typer, _dateFormat, _handlerInstantiator, _locale,\n                _timeZone, _defaultBase64);",
    "info" : "ReturnStatement[8899-9137]:ReturnStatement[8899-9137]"
  }, {
    "left" : "public",
    "right" : "public",
    "info" : "Modifier[9153-9159]:Modifier[9153-9159]"
  }, {
    "left" : "BaseSettings",
    "right" : "BaseSettings",
    "info" : "SimpleType[9160-9172]:SimpleType[9160-9172]"
  }, {
    "left" : "withDateFormat",
    "right" : "withDateFormat",
    "info" : "SimpleName[9173-9187]:SimpleName[9173-9187]"
  }, {
    "left" : "DateFormat df",
    "right" : "DateFormat df",
    "info" : "SingleVariableDeclaration[9188-9201]:SingleVariableDeclaration[9188-9201]"
  }, {
    "left" : "{}",
    "right" : "{}",
    "info" : "Block[9203-9591]:Block[9203-9531]"
  }, {
    "left" : "if (_dateFormat == df)",
    "right" : "if (_dateFormat == df)",
    "info" : "IfStatement[9213-9272]:IfStatement[9213-9272]"
  }, {
    "left" : "{}",
    "right" : "{}",
    "info" : "Block[9236-9272]:Block[9236-9272]"
  }, {
    "left" : "return this;",
    "right" : "return this;",
    "info" : "ReturnStatement[9250-9262]:ReturnStatement[9250-9262]"
  }, {
    "left" : "return new BaseSettings(_classIntrospector, _annotationIntrospector, _visibilityChecker, _propertyNamingStrategy, _typeFactory,\n                _typeResolverBuilder, df, _handlerInstantiator, _locale,\n                tz, _defaultBase64);",
    "right" : "return new BaseSettings(_classIntrospector, _annotationIntrospector, _visibilityChecker, _propertyNamingStrategy, _typeFactory,\n                _typeResolverBuilder, df, _handlerInstantiator, _locale,\n                _timeZone, _defaultBase64);",
    "info" : "ReturnStatement[9348-9585]:ReturnStatement[9281-9525]"
  }, {
    "left" : "tz",
    "right" : "_timeZone",
    "info" : "SimpleName[9565-9567]:SimpleName[9498-9507]"
  }, {
    "left" : "public",
    "right" : "public",
    "info" : "Modifier[9597-9603]:Modifier[9537-9543]"
  }, {
    "left" : "BaseSettings",
    "right" : "BaseSettings",
    "info" : "SimpleType[9604-9616]:SimpleType[9544-9556]"
  }, {
    "left" : "withHandlerInstantiator",
    "right" : "withHandlerInstantiator",
    "info" : "SimpleName[9617-9640]:SimpleName[9557-9580]"
  }, {
    "left" : "HandlerInstantiator hi",
    "right" : "HandlerInstantiator hi",
    "info" : "SingleVariableDeclaration[9641-9663]:SingleVariableDeclaration[9581-9603]"
  }, {
    "left" : "{}",
    "right" : "{}",
    "info" : "Block[9665-9993]:Block[9605-9933]"
  }, {
    "left" : "if (_handlerInstantiator == hi)",
    "right" : "if (_handlerInstantiator == hi)",
    "info" : "IfStatement[9675-9743]:IfStatement[9615-9683]"
  }, {
    "left" : "{}",
    "right" : "{}",
    "info" : "Block[9707-9743]:Block[9647-9683]"
  }, {
    "left" : "return this;",
    "right" : "return this;",
    "info" : "ReturnStatement[9721-9733]:ReturnStatement[9661-9673]"
  }, {
    "left" : "return new BaseSettings(_classIntrospector, _annotationIntrospector, _visibilityChecker, _propertyNamingStrategy, _typeFactory,\n                _typeResolverBuilder, _dateFormat, hi, _locale,\n                _timeZone, _defaultBase64);",
    "right" : "return new BaseSettings(_classIntrospector, _annotationIntrospector, _visibilityChecker, _propertyNamingStrategy, _typeFactory,\n                _typeResolverBuilder, _dateFormat, hi, _locale,\n                _timeZone, _defaultBase64);",
    "info" : "ReturnStatement[9752-9987]:ReturnStatement[9692-9927]"
  }, {
    "left" : "public",
    "right" : "public",
    "info" : "Modifier[9999-10005]:Modifier[9939-9945]"
  }, {
    "left" : "BaseSettings",
    "right" : "BaseSettings",
    "info" : "SimpleType[10006-10018]:SimpleType[9946-9958]"
  }, {
    "left" : "with",
    "right" : "with",
    "info" : "SimpleName[10019-10023]:SimpleName[9959-9963]"
  }, {
    "left" : "Locale l",
    "right" : "Locale l",
    "info" : "SingleVariableDeclaration[10024-10032]:SingleVariableDeclaration[9964-9972]"
  }, {
    "left" : "{}",
    "right" : "{}",
    "info" : "Block[10034-10360]:Block[9974-10300]"
  }, {
    "left" : "if (_locale == l)",
    "right" : "if (_locale == l)",
    "info" : "IfStatement[10044-10098]:IfStatement[9984-10038]"
  }, {
    "left" : "{}",
    "right" : "{}",
    "info" : "Block[10062-10098]:Block[10002-10038]"
  }, {
    "left" : "return this;",
    "right" : "return this;",
    "info" : "ReturnStatement[10076-10088]:ReturnStatement[10016-10028]"
  }, {
    "left" : "return new BaseSettings(_classIntrospector, _annotationIntrospector, _visibilityChecker, _propertyNamingStrategy, _typeFactory,\n                _typeResolverBuilder, _dateFormat, _handlerInstantiator, l,\n                _timeZone, _defaultBase64);",
    "right" : "return new BaseSettings(_classIntrospector, _annotationIntrospector, _visibilityChecker, _propertyNamingStrategy, _typeFactory,\n                _typeResolverBuilder, _dateFormat, _handlerInstantiator, l,\n                _timeZone, _defaultBase64);",
    "info" : "ReturnStatement[10107-10354]:ReturnStatement[10047-10294]"
  }, {
    "left" : "public",
    "right" : "public",
    "info" : "Modifier[10595-10601]:Modifier[10535-10541]"
  }, {
    "left" : "BaseSettings",
    "right" : "BaseSettings",
    "info" : "SimpleType[10602-10614]:SimpleType[10542-10554]"
  }, {
    "left" : "with",
    "right" : "with",
    "info" : "SimpleName[10615-10619]:SimpleName[10555-10559]"
  }, {
    "left" : "TimeZone tz",
    "right" : "TimeZone tz",
    "info" : "SingleVariableDeclaration[10620-10631]:SingleVariableDeclaration[10560-10571]"
  }, {
    "left" : "{}",
    "right" : "{}",
    "info" : "Block[10637-11317]:Block[10577-11257]"
  }, {
    "left" : "if (tz == null)",
    "right" : "if (tz == null)",
    "info" : "IfStatement[10647-10724]:IfStatement[10587-10664]"
  }, {
    "left" : "{}",
    "right" : "{}",
    "info" : "Block[10663-10724]:Block[10603-10664]"
  }, {
    "left" : "throw new IllegalArgumentException();",
    "right" : "throw new IllegalArgumentException();",
    "info" : "ThrowStatement[10677-10714]:ThrowStatement[10617-10654]"
  }, {
    "left" : "DateFormat df = _dateFormat;",
    "right" : "DateFormat df = _dateFormat;",
    "info" : "VariableDeclarationStatement[10733-10761]:VariableDeclarationStatement[10673-10701]"
  }, {
    "left" : "if (df instanceof StdDateFormat)",
    "right" : "if (df instanceof StdDateFormat)",
    "info" : "IfStatement[10770-11049]:IfStatement[10710-10989]"
  }, {
    "left" : "{}",
    "right" : "{}",
    "info" : "Block[10803-10870]:Block[10743-10810]"
  }, {
    "left" : "df = ((StdDateFormat) df).withTimeZone(tz);",
    "right" : "df = ((StdDateFormat) df).withTimeZone(tz);",
    "info" : "ExpressionStatement[10817-10860]:ExpressionStatement[10757-10800]"
  }, {
    "left" : "{}",
    "right" : "{}",
    "info" : "Block[10876-11049]:Block[10816-10989]"
  }, {
    "left" : "df = (DateFormat) df.clone();",
    "right" : "df = (DateFormat) df.clone();",
    "info" : "ExpressionStatement[10978-11007]:ExpressionStatement[10918-10947]"
  }, {
    "left" : "df.setTimeZone(tz);",
    "right" : "df.setTimeZone(tz);",
    "info" : "ExpressionStatement[11020-11039]:ExpressionStatement[10960-10979]"
  }, {
    "left" : "return new BaseSettings(_classIntrospector, _annotationIntrospector,\n                _visibilityChecker, _propertyNamingStrategy, _typeFactory,\n                _typeResolverBuilder, df, _handlerInstantiator, _locale,\n                tz, _defaultBase64);",
    "right" : "return new BaseSettings(_classIntrospector, _annotationIntrospector,\n                _visibilityChecker, _propertyNamingStrategy, _typeFactory,\n                _typeResolverBuilder, df, _handlerInstantiator, _locale,\n                tz, _defaultBase64);",
    "info" : "ReturnStatement[11058-11311]:ReturnStatement[10998-11251]"
  }, {
    "left" : "public",
    "right" : "public",
    "info" : "Modifier[11357-11363]:Modifier[11297-11303]"
  }, {
    "left" : "BaseSettings",
    "right" : "BaseSettings",
    "info" : "SimpleType[11364-11376]:SimpleType[11304-11316]"
  }, {
    "left" : "with",
    "right" : "with",
    "info" : "SimpleName[11377-11381]:SimpleName[11317-11321]"
  }, {
    "left" : "Base64Variant base64",
    "right" : "Base64Variant base64",
    "info" : "SingleVariableDeclaration[11382-11402]:SingleVariableDeclaration[11322-11342]"
  }, {
    "left" : "{}",
    "right" : "{}",
    "info" : "Block[11404-11756]:Block[11344-11696]"
  }, {
    "left" : "if (base64 == _defaultBase64)",
    "right" : "if (base64 == _defaultBase64)",
    "info" : "IfStatement[11414-11480]:IfStatement[11354-11420]"
  }, {
    "left" : "{}",
    "right" : "{}",
    "info" : "Block[11444-11480]:Block[11384-11420]"
  }, {
    "left" : "return this;",
    "right" : "return this;",
    "info" : "ReturnStatement[11458-11470]:ReturnStatement[11398-11410]"
  }, {
    "left" : "return new BaseSettings(_classIntrospector, _annotationIntrospector,\n                _visibilityChecker, _propertyNamingStrategy, _typeFactory,\n                _typeResolverBuilder, _dateFormat, _handlerInstantiator, _locale,\n                _timeZone, base64);",
    "right" : "return new BaseSettings(_classIntrospector, _annotationIntrospector,\n                _visibilityChecker, _propertyNamingStrategy, _typeFactory,\n                _typeResolverBuilder, _dateFormat, _handlerInstantiator, _locale,\n                _timeZone, base64);",
    "info" : "ReturnStatement[11489-11750]:ReturnStatement[11429-11690]"
  }, {
    "left" : "public",
    "right" : "public",
    "info" : "Modifier[11921-11927]:Modifier[11861-11867]"
  }, {
    "left" : "ClassIntrospector",
    "right" : "ClassIntrospector",
    "info" : "SimpleType[11928-11945]:SimpleType[11868-11885]"
  }, {
    "left" : "getClassIntrospector",
    "right" : "getClassIntrospector",
    "info" : "SimpleName[11946-11966]:SimpleName[11886-11906]"
  }, {
    "left" : "{}",
    "right" : "{}",
    "info" : "Block[11969-12011]:Block[11909-11951]"
  }, {
    "left" : "return _classIntrospector;",
    "right" : "return _classIntrospector;",
    "info" : "ReturnStatement[11979-12005]:ReturnStatement[11919-11945]"
  }, {
    "left" : "public",
    "right" : "public",
    "info" : "Modifier[12021-12027]:Modifier[11961-11967]"
  }, {
    "left" : "AnnotationIntrospector",
    "right" : "AnnotationIntrospector",
    "info" : "SimpleType[12028-12050]:SimpleType[11968-11990]"
  }, {
    "left" : "getAnnotationIntrospector",
    "right" : "getAnnotationIntrospector",
    "info" : "SimpleName[12051-12076]:SimpleName[11991-12016]"
  }, {
    "left" : "{}",
    "right" : "{}",
    "info" : "Block[12079-12126]:Block[12019-12066]"
  }, {
    "left" : "return _annotationIntrospector;",
    "right" : "return _annotationIntrospector;",
    "info" : "ReturnStatement[12089-12120]:ReturnStatement[12029-12060]"
  }, {
    "left" : "public",
    "right" : "public",
    "info" : "Modifier[12132-12138]:Modifier[12072-12078]"
  }, {
    "left" : "VisibilityChecker<?>",
    "right" : "VisibilityChecker<?>",
    "info" : "ParameterizedType[12139-12159]:ParameterizedType[12079-12099]"
  }, {
    "left" : "getVisibilityChecker",
    "right" : "getVisibilityChecker",
    "info" : "SimpleName[12160-12180]:SimpleName[12100-12120]"
  }, {
    "left" : "{}",
    "right" : "{}",
    "info" : "Block[12183-12225]:Block[12123-12165]"
  }, {
    "left" : "return _visibilityChecker;",
    "right" : "return _visibilityChecker;",
    "info" : "ReturnStatement[12193-12219]:ReturnStatement[12133-12159]"
  }, {
    "left" : "public",
    "right" : "public",
    "info" : "Modifier[12231-12237]:Modifier[12171-12177]"
  }, {
    "left" : "PropertyNamingStrategy",
    "right" : "PropertyNamingStrategy",
    "info" : "SimpleType[12238-12260]:SimpleType[12178-12200]"
  }, {
    "left" : "getPropertyNamingStrategy",
    "right" : "getPropertyNamingStrategy",
    "info" : "SimpleName[12261-12286]:SimpleName[12201-12226]"
  }, {
    "left" : "{}",
    "right" : "{}",
    "info" : "Block[12289-12336]:Block[12229-12276]"
  }, {
    "left" : "return _propertyNamingStrategy;",
    "right" : "return _propertyNamingStrategy;",
    "info" : "ReturnStatement[12299-12330]:ReturnStatement[12239-12270]"
  }, {
    "left" : "public",
    "right" : "public",
    "info" : "Modifier[12342-12348]:Modifier[12282-12288]"
  }, {
    "left" : "TypeFactory",
    "right" : "TypeFactory",
    "info" : "SimpleType[12349-12360]:SimpleType[12289-12300]"
  }, {
    "left" : "getTypeFactory",
    "right" : "getTypeFactory",
    "info" : "SimpleName[12361-12375]:SimpleName[12301-12315]"
  }, {
    "left" : "{}",
    "right" : "{}",
    "info" : "Block[12378-12414]:Block[12318-12354]"
  }, {
    "left" : "return _typeFactory;",
    "right" : "return _typeFactory;",
    "info" : "ReturnStatement[12388-12408]:ReturnStatement[12328-12348]"
  }, {
    "left" : "public",
    "right" : "public",
    "info" : "Modifier[12420-12426]:Modifier[12360-12366]"
  }, {
    "left" : "TypeResolverBuilder<?>",
    "right" : "TypeResolverBuilder<?>",
    "info" : "ParameterizedType[12427-12449]:ParameterizedType[12367-12389]"
  }, {
    "left" : "getTypeResolverBuilder",
    "right" : "getTypeResolverBuilder",
    "info" : "SimpleName[12450-12472]:SimpleName[12390-12412]"
  }, {
    "left" : "{}",
    "right" : "{}",
    "info" : "Block[12475-12519]:Block[12415-12459]"
  }, {
    "left" : "return _typeResolverBuilder;",
    "right" : "return _typeResolverBuilder;",
    "info" : "ReturnStatement[12485-12513]:ReturnStatement[12425-12453]"
  }, {
    "left" : "public",
    "right" : "public",
    "info" : "Modifier[12529-12535]:Modifier[12469-12475]"
  }, {
    "left" : "DateFormat",
    "right" : "DateFormat",
    "info" : "SimpleType[12536-12546]:SimpleType[12476-12486]"
  }, {
    "left" : "getDateFormat",
    "right" : "getDateFormat",
    "info" : "SimpleName[12547-12560]:SimpleName[12487-12500]"
  }, {
    "left" : "{}",
    "right" : "{}",
    "info" : "Block[12563-12598]:Block[12503-12538]"
  }, {
    "left" : "return _dateFormat;",
    "right" : "return _dateFormat;",
    "info" : "ReturnStatement[12573-12592]:ReturnStatement[12513-12532]"
  }, {
    "left" : "public",
    "right" : "public",
    "info" : "Modifier[12604-12610]:Modifier[12544-12550]"
  }, {
    "left" : "HandlerInstantiator",
    "right" : "HandlerInstantiator",
    "info" : "SimpleType[12611-12630]:SimpleType[12551-12570]"
  }, {
    "left" : "getHandlerInstantiator",
    "right" : "getHandlerInstantiator",
    "info" : "SimpleName[12631-12653]:SimpleName[12571-12593]"
  }, {
    "left" : "{}",
    "right" : "{}",
    "info" : "Block[12656-12700]:Block[12596-12640]"
  }, {
    "left" : "return _handlerInstantiator;",
    "right" : "return _handlerInstantiator;",
    "info" : "ReturnStatement[12666-12694]:ReturnStatement[12606-12634]"
  }, {
    "left" : "public",
    "right" : "public",
    "info" : "Modifier[12706-12712]:Modifier[12646-12652]"
  }, {
    "left" : "Locale",
    "right" : "Locale",
    "info" : "SimpleType[12713-12719]:SimpleType[12653-12659]"
  }, {
    "left" : "getLocale",
    "right" : "getLocale",
    "info" : "SimpleName[12720-12729]:SimpleName[12660-12669]"
  }, {
    "left" : "{}",
    "right" : "{}",
    "info" : "Block[12732-12763]:Block[12672-12703]"
  }, {
    "left" : "return _locale;",
    "right" : "return _locale;",
    "info" : "ReturnStatement[12742-12757]:ReturnStatement[12682-12697]"
  }, {
    "left" : "public",
    "right" : "public",
    "info" : "Modifier[12769-12775]:Modifier[12709-12715]"
  }, {
    "left" : "TimeZone",
    "right" : "TimeZone",
    "info" : "SimpleType[12776-12784]:SimpleType[12716-12724]"
  }, {
    "left" : "getTimeZone",
    "right" : "getTimeZone",
    "info" : "SimpleName[12785-12796]:SimpleName[12725-12736]"
  }, {
    "left" : "{}",
    "right" : "{}",
    "info" : "Block[12799-12832]:Block[12739-12772]"
  }, {
    "left" : "return _timeZone;",
    "right" : "return _timeZone;",
    "info" : "ReturnStatement[12809-12826]:ReturnStatement[12749-12766]"
  }, {
    "left" : "public",
    "right" : "public",
    "info" : "Modifier[12838-12844]:Modifier[12778-12784]"
  }, {
    "left" : "Base64Variant",
    "right" : "Base64Variant",
    "info" : "SimpleType[12845-12858]:SimpleType[12785-12798]"
  }, {
    "left" : "getBase64Variant",
    "right" : "getBase64Variant",
    "info" : "SimpleName[12859-12875]:SimpleName[12799-12815]"
  }, {
    "left" : "{}",
    "right" : "{}",
    "info" : "Block[12878-12916]:Block[12818-12856]"
  }, {
    "left" : "return _defaultBase64;",
    "right" : "return _defaultBase64;",
    "info" : "ReturnStatement[12888-12910]:ReturnStatement[12828-12850]"
  } ]
}