{
  "matchedElements" : [
 {
    "left" : "class : WritableObjectId",
    "right" : "class : WritableObjectId",
    "info" : "TypeDeclaration[302-2398]:TypeDeclaration[302-2434]"
  }, {
    "left" : "generator",
    "right" : "generator",
    "info" : "FieldDeclaration[436-480]:FieldDeclaration[436-480]"
  }, {
    "left" : "id",
    "right" : "id",
    "info" : "FieldDeclaration[486-503]:FieldDeclaration[486-503]"
  }, {
    "left" : "idWritten",
    "right" : "idWritten",
    "info" : "FieldDeclaration[509-724]:FieldDeclaration[509-724]"
  }, {
    "left" : "public WritableObjectId(generator )",
    "right" : "public WritableObjectId(generator )",
    "info" : "MethodDeclaration[730-829]:MethodDeclaration[730-829]"
  }, {
    "left" : "public writeAsId(gen , provider , w ) : boolean",
    "right" : "public writeAsId(gen , provider , w ) : boolean",
    "info" : "MethodDeclaration[835-1336]:MethodDeclaration[835-1336]"
  }, {
    "left" : "public generateId(forPojo ) : ",
    "right" : "public generateId(forPojo ) : ",
    "info" : "MethodDeclaration[1346-1696]:MethodDeclaration[1346-1732]"
  }, {
    "left" : "public writeAsField(gen , provider , w ) : void",
    "right" : "public writeAsField(gen , provider , w ) : void",
    "info" : "MethodDeclaration[1702-2396]:MethodDeclaration[1738-2432]"
  } ],
  "mappings" : [
 {
    "left" : "public",
    "right" : "public",
    "info" : "Modifier[394-400]:Modifier[394-400]"
  }, {
    "left" : "final",
    "right" : "final",
    "info" : "Modifier[401-406]:Modifier[401-406]"
  }, {
    "left" : "class",
    "right" : "class",
    "info" : "TYPE_DECLARATION_KIND[407-412]:TYPE_DECLARATION_KIND[407-412]"
  }, {
    "left" : "public",
    "right" : "public",
    "info" : "Modifier[730-736]:Modifier[730-736]"
  }, {
    "left" : "WritableObjectId",
    "right" : "WritableObjectId",
    "info" : "SimpleName[737-753]:SimpleName[737-753]"
  }, {
    "left" : "ObjectIdGenerator<?> generator",
    "right" : "ObjectIdGenerator<?> generator",
    "info" : "SingleVariableDeclaration[754-784]:SingleVariableDeclaration[754-784]"
  }, {
    "left" : "{}",
    "right" : "{}",
    "info" : "Block[786-829]:Block[786-829]"
  }, {
    "left" : "this.generator = generator;",
    "right" : "this.generator = generator;",
    "info" : "ExpressionStatement[796-823]:ExpressionStatement[796-823]"
  }, {
    "left" : "public",
    "right" : "public",
    "info" : "Modifier[835-841]:Modifier[835-841]"
  }, {
    "left" : "boolean",
    "right" : "boolean",
    "info" : "PrimitiveType[842-849]:PrimitiveType[842-849]"
  }, {
    "left" : "writeAsId",
    "right" : "writeAsId",
    "info" : "SimpleName[850-859]:SimpleName[850-859]"
  }, {
    "left" : "JsonGenerator gen",
    "right" : "JsonGenerator gen",
    "info" : "SingleVariableDeclaration[860-877]:SingleVariableDeclaration[860-877]"
  }, {
    "left" : "SerializerProvider provider",
    "right" : "SerializerProvider provider",
    "info" : "SingleVariableDeclaration[879-906]:SingleVariableDeclaration[879-906]"
  }, {
    "left" : "ObjectIdWriter w",
    "right" : "ObjectIdWriter w",
    "info" : "SingleVariableDeclaration[908-924]:SingleVariableDeclaration[908-924]"
  }, {
    "left" : "IOException",
    "right" : "IOException",
    "info" : "SimpleType[933-944]:SimpleType[933-944]"
  }, {
    "left" : "{}",
    "right" : "{}",
    "info" : "Block[949-1336]:Block[949-1336]"
  }, {
    "left" : "if ((id != null) && (idWritten || w.alwaysAsId))",
    "right" : "if ((id != null) && (idWritten || w.alwaysAsId))",
    "info" : "IfStatement[959-1308]:IfStatement[959-1308]"
  }, {
    "left" : "{}",
    "right" : "{}",
    "info" : "Block[1008-1308]:Block[1008-1308]"
  }, {
    "left" : "if (gen.canWriteObjectId())",
    "right" : "if (gen.canWriteObjectId())",
    "info" : "IfStatement[1094-1273]:IfStatement[1094-1273]"
  }, {
    "left" : "{}",
    "right" : "{}",
    "info" : "Block[1122-1193]:Block[1122-1193]"
  }, {
    "left" : "gen.writeObjectRef(String.valueOf(id));",
    "right" : "gen.writeObjectRef(String.valueOf(id));",
    "info" : "ExpressionStatement[1140-1179]:ExpressionStatement[1140-1179]"
  }, {
    "left" : "{}",
    "right" : "{}",
    "info" : "Block[1199-1273]:Block[1199-1273]"
  }, {
    "left" : "w.serializer.serialize(id, gen, provider);",
    "right" : "w.serializer.serialize(id, gen, provider);",
    "info" : "ExpressionStatement[1217-1259]:ExpressionStatement[1217-1259]"
  }, {
    "left" : "return true;",
    "right" : "return true;",
    "info" : "ReturnStatement[1286-1298]:ReturnStatement[1286-1298]"
  }, {
    "left" : "return false;",
    "right" : "return false;",
    "info" : "ReturnStatement[1317-1330]:ReturnStatement[1317-1330]"
  }, {
    "left" : "public",
    "right" : "public",
    "info" : "Modifier[1346-1352]:Modifier[1346-1352]"
  }, {
    "left" : "Object",
    "right" : "Object",
    "info" : "SimpleType[1353-1359]:SimpleType[1353-1359]"
  }, {
    "left" : "generateId",
    "right" : "generateId",
    "info" : "SimpleName[1360-1370]:SimpleName[1360-1370]"
  }, {
    "left" : "Object forPojo",
    "right" : "Object forPojo",
    "info" : "SingleVariableDeclaration[1371-1385]:SingleVariableDeclaration[1371-1385]"
  }, {
    "left" : "{}",
    "right" : "{}",
    "info" : "Block[1387-1696]:Block[1648-1707]"
  }, {
    "left" : "id = generator.generateId(forPojo);",
    "right" : "id = generator.generateId(forPojo);",
    "info" : "ExpressionStatement[1636-1671]:ExpressionStatement[1662-1697]"
  }, {
    "left" : "return id;",
    "right" : "return id;",
    "info" : "ReturnStatement[1680-1690]:ReturnStatement[1716-1726]"
  }, {
    "left" : "public",
    "right" : "public",
    "info" : "Modifier[1773-1779]:Modifier[1809-1815]"
  }, {
    "left" : "void",
    "right" : "void",
    "info" : "PrimitiveType[1780-1784]:PrimitiveType[1816-1820]"
  }, {
    "left" : "writeAsField",
    "right" : "writeAsField",
    "info" : "SimpleName[1785-1797]:SimpleName[1821-1833]"
  }, {
    "left" : "JsonGenerator gen",
    "right" : "JsonGenerator gen",
    "info" : "SingleVariableDeclaration[1798-1815]:SingleVariableDeclaration[1834-1851]"
  }, {
    "left" : "SerializerProvider provider",
    "right" : "SerializerProvider provider",
    "info" : "SingleVariableDeclaration[1817-1844]:SingleVariableDeclaration[1853-1880]"
  }, {
    "left" : "ObjectIdWriter w",
    "right" : "ObjectIdWriter w",
    "info" : "SingleVariableDeclaration[1858-1874]:SingleVariableDeclaration[1894-1910]"
  }, {
    "left" : "IOException",
    "right" : "IOException",
    "info" : "SimpleType[1883-1894]:SimpleType[1919-1930]"
  }, {
    "left" : "{}",
    "right" : "{}",
    "info" : "Block[1899-2396]:Block[1935-2432]"
  }, {
    "left" : "idWritten = true;",
    "right" : "idWritten = true;",
    "info" : "ExpressionStatement[1909-1926]:ExpressionStatement[1945-1962]"
  }, {
    "left" : "if (gen.canWriteObjectId())",
    "right" : "if (gen.canWriteObjectId())",
    "info" : "IfStatement[2004-2200]:IfStatement[2040-2236]"
  }, {
    "left" : "{}",
    "right" : "{}",
    "info" : "Block[2032-2200]:Block[2068-2236]"
  }, {
    "left" : "gen.writeObjectId(String.valueOf(id));",
    "right" : "gen.writeObjectId(String.valueOf(id));",
    "info" : "ExpressionStatement[2132-2170]:ExpressionStatement[2168-2206]"
  }, {
    "left" : "return;",
    "right" : "return;",
    "info" : "ReturnStatement[2183-2190]:ReturnStatement[2219-2226]"
  }, {
    "left" : "SerializableString name = w.propertyName;",
    "right" : "SerializableString name = w.propertyName;",
    "info" : "VariableDeclarationStatement[2218-2259]:VariableDeclarationStatement[2254-2295]"
  }, {
    "left" : "if (name != null)",
    "right" : "if (name != null)",
    "info" : "IfStatement[2268-2390]:IfStatement[2304-2426]"
  }, {
    "left" : "{}",
    "right" : "{}",
    "info" : "Block[2286-2390]:Block[2322-2426]"
  }, {
    "left" : "gen.writeFieldName(name);",
    "right" : "gen.writeFieldName(name);",
    "info" : "ExpressionStatement[2300-2325]:ExpressionStatement[2336-2361]"
  }, {
    "left" : "w.serializer.serialize(id, gen, provider);",
    "right" : "w.serializer.serialize(id, gen, provider);",
    "info" : "ExpressionStatement[2338-2380]:ExpressionStatement[2374-2416]"
  } ]
}