{
  "matchedElements" : [
 {
    "left" : "class : StringUtils",
    "right" : "class : StringUtils",
    "info" : "TypeDeclaration[1042-19467]:TypeDeclaration[1042-19466]"
  }, {
    "left" : "public equals(cs1 , cs2 ) : boolean",
    "right" : "public equals(cs1 , cs2 ) : boolean",
    "info" : "MethodDeclaration[1547-3059]:MethodDeclaration[1547-3059]"
  }, {
    "left" : "private getBytes(string , charset ) : ",
    "right" : "private getBytes(string , charset ) : ",
    "info" : "MethodDeclaration[3065-3533]:MethodDeclaration[3065-3533]"
  }, {
    "left" : "private getByteBuffer(string , charset ) : ",
    "right" : "private getByteBuffer(string , charset ) : ",
    "info" : "MethodDeclaration[3539-4052]:MethodDeclaration[3539-4052]"
  }, {
    "left" : "public getByteBufferUtf8(string ) : ",
    "right" : "public getByteBufferUtf8(string ) : ",
    "info" : "MethodDeclaration[4058-4905]:MethodDeclaration[4058-4905]"
  }, {
    "left" : "public getBytesIso8859_1(string ) : ",
    "right" : "public getBytesIso8859_1(string ) : ",
    "info" : "MethodDeclaration[4911-5852]:MethodDeclaration[4911-5852]"
  }, {
    "left" : "public getBytesUnchecked(string , charsetName ) : ",
    "right" : "public getBytesUnchecked(string , charsetName ) : ",
    "info" : "MethodDeclaration[5859-7168]:MethodDeclaration[5859-7168]"
  }, {
    "left" : "public getBytesUsAscii(string ) : ",
    "right" : "public getBytesUsAscii(string ) : ",
    "info" : "MethodDeclaration[7174-8107]:MethodDeclaration[7174-8107]"
  }, {
    "left" : "public getBytesUtf16(string ) : ",
    "right" : "public getBytesUtf16(string ) : ",
    "info" : "MethodDeclaration[8113-9038]:MethodDeclaration[8113-9038]"
  }, {
    "left" : "public getBytesUtf16Be(string ) : ",
    "right" : "public getBytesUtf16Be(string ) : ",
    "info" : "MethodDeclaration[9044-9977]:MethodDeclaration[9044-9977]"
  }, {
    "left" : "public getBytesUtf16Le(string ) : ",
    "right" : "public getBytesUtf16Le(string ) : ",
    "info" : "MethodDeclaration[9983-10916]:MethodDeclaration[9983-10916]"
  }, {
    "left" : "public getBytesUtf8(string ) : ",
    "right" : "public getBytesUtf8(string ) : ",
    "info" : "MethodDeclaration[10922-11843]:MethodDeclaration[10922-11843]"
  }, {
    "left" : "private newIllegalStateException(charsetName , e ) : ",
    "right" : "private newIllegalStateException(charsetName , e ) : ",
    "info" : "MethodDeclaration[11849-12114]:MethodDeclaration[11849-12114]"
  }, {
    "left" : "private newString(bytes , charset ) : ",
    "right" : "private newString(bytes , charset ) : ",
    "info" : "MethodDeclaration[12120-12974]:MethodDeclaration[12120-12974]"
  }, {
    "left" : "public newString(bytes , charsetName ) : ",
    "right" : "public newString(bytes , charsetName ) : ",
    "info" : "MethodDeclaration[12980-14383]:MethodDeclaration[12980-14383]"
  }, {
    "left" : "public newStringIso8859_1(bytes ...) : ",
    "right" : "public newStringIso8859_1(bytes ...) : ",
    "info" : "MethodDeclaration[14389-15265]:MethodDeclaration[14389-15264]"
  }, {
    "left" : "public newStringUsAscii(bytes ...) : ",
    "right" : "public newStringUsAscii(bytes ...) : ",
    "info" : "MethodDeclaration[15271-16110]:MethodDeclaration[15270-16109]"
  }, {
    "left" : "public newStringUtf16(bytes ...) : ",
    "right" : "public newStringUtf16(bytes ...) : ",
    "info" : "MethodDeclaration[16116-16944]:MethodDeclaration[16115-16943]"
  }, {
    "left" : "public newStringUtf16Be(bytes ...) : ",
    "right" : "public newStringUtf16Be(bytes ...) : ",
    "info" : "MethodDeclaration[16950-17789]:MethodDeclaration[16949-17788]"
  }, {
    "left" : "public newStringUtf16Le(bytes ...) : ",
    "right" : "public newStringUtf16Le(bytes ...) : ",
    "info" : "MethodDeclaration[17795-18634]:MethodDeclaration[17794-18633]"
  }, {
    "left" : "public newStringUtf8(bytes ...) : ",
    "right" : "public newStringUtf8(bytes ...) : ",
    "info" : "MethodDeclaration[18640-19464]:MethodDeclaration[18639-19463]"
  } ],
  "mappings" : [
 {
    "left" : "public",
    "right" : "public",
    "info" : "Modifier[1515-1521]:Modifier[1515-1521]"
  }, {
    "left" : "class",
    "right" : "class",
    "info" : "TYPE_DECLARATION_KIND[1522-1527]:TYPE_DECLARATION_KIND[1522-1527]"
  }, {
    "left" : "public",
    "right" : "public",
    "info" : "Modifier[2619-2625]:Modifier[2619-2625]"
  }, {
    "left" : "static",
    "right" : "static",
    "info" : "Modifier[2626-2632]:Modifier[2626-2632]"
  }, {
    "left" : "boolean",
    "right" : "boolean",
    "info" : "PrimitiveType[2633-2640]:PrimitiveType[2633-2640]"
  }, {
    "left" : "equals",
    "right" : "equals",
    "info" : "SimpleName[2641-2647]:SimpleName[2641-2647]"
  }, {
    "left" : "final CharSequence cs1",
    "right" : "final CharSequence cs1",
    "info" : "SingleVariableDeclaration[2648-2670]:SingleVariableDeclaration[2648-2670]"
  }, {
    "left" : "final CharSequence cs2",
    "right" : "final CharSequence cs2",
    "info" : "SingleVariableDeclaration[2672-2694]:SingleVariableDeclaration[2672-2694]"
  }, {
    "left" : "{}",
    "right" : "{}",
    "info" : "Block[2696-3059]:Block[2696-3059]"
  }, {
    "left" : "if (cs1 == cs2)",
    "right" : "if (cs1 == cs2)",
    "info" : "IfStatement[2706-2758]:IfStatement[2706-2758]"
  }, {
    "left" : "{}",
    "right" : "{}",
    "info" : "Block[2722-2758]:Block[2722-2758]"
  }, {
    "left" : "return true;",
    "right" : "return true;",
    "info" : "ReturnStatement[2736-2748]:ReturnStatement[2736-2748]"
  }, {
    "left" : "if (cs1 == null || cs2 == null)",
    "right" : "if (cs1 == null || cs2 == null)",
    "info" : "IfStatement[2767-2836]:IfStatement[2767-2836]"
  }, {
    "left" : "{}",
    "right" : "{}",
    "info" : "Block[2799-2836]:Block[2799-2836]"
  }, {
    "left" : "return false;",
    "right" : "return false;",
    "info" : "ReturnStatement[2813-2826]:ReturnStatement[2813-2826]"
  }, {
    "left" : "if (cs1 instanceof String && cs2 instanceof String)",
    "right" : "if (cs1 instanceof String && cs2 instanceof String)",
    "info" : "IfStatement[2845-2944]:IfStatement[2845-2944]"
  }, {
    "left" : "{}",
    "right" : "{}",
    "info" : "Block[2897-2944]:Block[2897-2944]"
  }, {
    "left" : "return cs1.equals(cs2);",
    "right" : "return cs1.equals(cs2);",
    "info" : "ReturnStatement[2911-2934]:ReturnStatement[2911-2934]"
  }, {
    "left" : "return CharSequenceUtils.regionMatches(cs1, false, 0, cs2, 0, Math.max(cs1.length(), cs2.length()));",
    "right" : "return CharSequenceUtils.regionMatches(cs1, false, 0, cs2, 0, Math.max(cs1.length(), cs2.length()));",
    "info" : "ReturnStatement[2953-3053]:ReturnStatement[2953-3053]"
  }, {
    "left" : "private",
    "right" : "private",
    "info" : "Modifier[3345-3352]:Modifier[3345-3352]"
  }, {
    "left" : "static",
    "right" : "static",
    "info" : "Modifier[3353-3359]:Modifier[3353-3359]"
  }, {
    "left" : "byte[]",
    "right" : "byte[]",
    "info" : "ArrayType[3360-3366]:ArrayType[3360-3366]"
  }, {
    "left" : "getBytes",
    "right" : "getBytes",
    "info" : "SimpleName[3367-3375]:SimpleName[3367-3375]"
  }, {
    "left" : "final String string",
    "right" : "final String string",
    "info" : "SingleVariableDeclaration[3376-3395]:SingleVariableDeclaration[3376-3395]"
  }, {
    "left" : "final Charset charset",
    "right" : "final Charset charset",
    "info" : "SingleVariableDeclaration[3397-3418]:SingleVariableDeclaration[3397-3418]"
  }, {
    "left" : "{}",
    "right" : "{}",
    "info" : "Block[3420-3533]:Block[3420-3533]"
  }, {
    "left" : "if (string == null)",
    "right" : "if (string == null)",
    "info" : "IfStatement[3430-3486]:IfStatement[3430-3486]"
  }, {
    "left" : "{}",
    "right" : "{}",
    "info" : "Block[3450-3486]:Block[3450-3486]"
  }, {
    "left" : "return null;",
    "right" : "return null;",
    "info" : "ReturnStatement[3464-3476]:ReturnStatement[3464-3476]"
  }, {
    "left" : "return string.getBytes(charset);",
    "right" : "return string.getBytes(charset);",
    "info" : "ReturnStatement[3495-3527]:ReturnStatement[3495-3527]"
  }, {
    "left" : "private",
    "right" : "private",
    "info" : "Modifier[3838-3845]:Modifier[3838-3845]"
  }, {
    "left" : "static",
    "right" : "static",
    "info" : "Modifier[3846-3852]:Modifier[3846-3852]"
  }, {
    "left" : "ByteBuffer",
    "right" : "ByteBuffer",
    "info" : "SimpleType[3853-3863]:SimpleType[3853-3863]"
  }, {
    "left" : "getByteBuffer",
    "right" : "getByteBuffer",
    "info" : "SimpleName[3864-3877]:SimpleName[3864-3877]"
  }, {
    "left" : "final String string",
    "right" : "final String string",
    "info" : "SingleVariableDeclaration[3878-3897]:SingleVariableDeclaration[3878-3897]"
  }, {
    "left" : "final Charset charset",
    "right" : "final Charset charset",
    "info" : "SingleVariableDeclaration[3899-3920]:SingleVariableDeclaration[3899-3920]"
  }, {
    "left" : "{}",
    "right" : "{}",
    "info" : "Block[3922-4052]:Block[3922-4052]"
  }, {
    "left" : "if (string == null)",
    "right" : "if (string == null)",
    "info" : "IfStatement[3932-3988]:IfStatement[3932-3988]"
  }, {
    "left" : "{}",
    "right" : "{}",
    "info" : "Block[3952-3988]:Block[3952-3988]"
  }, {
    "left" : "return null;",
    "right" : "return null;",
    "info" : "ReturnStatement[3966-3978]:ReturnStatement[3966-3978]"
  }, {
    "left" : "return ByteBuffer.wrap(string.getBytes(charset));",
    "right" : "return ByteBuffer.wrap(string.getBytes(charset));",
    "info" : "ReturnStatement[3997-4046]:ReturnStatement[3997-4046]"
  }, {
    "left" : "public",
    "right" : "public",
    "info" : "Modifier[4780-4786]:Modifier[4780-4786]"
  }, {
    "left" : "static",
    "right" : "static",
    "info" : "Modifier[4787-4793]:Modifier[4787-4793]"
  }, {
    "left" : "ByteBuffer",
    "right" : "ByteBuffer",
    "info" : "SimpleType[4794-4804]:SimpleType[4794-4804]"
  }, {
    "left" : "getByteBufferUtf8",
    "right" : "getByteBufferUtf8",
    "info" : "SimpleName[4805-4822]:SimpleName[4805-4822]"
  }, {
    "left" : "final String string",
    "right" : "final String string",
    "info" : "SingleVariableDeclaration[4823-4842]:SingleVariableDeclaration[4823-4842]"
  }, {
    "left" : "{}",
    "right" : "{}",
    "info" : "Block[4844-4905]:Block[4844-4905]"
  }, {
    "left" : "return getByteBuffer(string, Charsets.UTF_8);",
    "right" : "return getByteBuffer(string, Charsets.UTF_8);",
    "info" : "ReturnStatement[4854-4899]:ReturnStatement[4854-4899]"
  }, {
    "left" : "public",
    "right" : "public",
    "info" : "Modifier[5731-5737]:Modifier[5731-5737]"
  }, {
    "left" : "static",
    "right" : "static",
    "info" : "Modifier[5738-5744]:Modifier[5738-5744]"
  }, {
    "left" : "byte[]",
    "right" : "byte[]",
    "info" : "ArrayType[5745-5751]:ArrayType[5745-5751]"
  }, {
    "left" : "getBytesIso8859_1",
    "right" : "getBytesIso8859_1",
    "info" : "SimpleName[5752-5769]:SimpleName[5752-5769]"
  }, {
    "left" : "final String string",
    "right" : "final String string",
    "info" : "SingleVariableDeclaration[5770-5789]:SingleVariableDeclaration[5770-5789]"
  }, {
    "left" : "{}",
    "right" : "{}",
    "info" : "Block[5791-5852]:Block[5791-5852]"
  }, {
    "left" : "return getBytes(string, Charsets.ISO_8859_1);",
    "right" : "return getBytes(string, Charsets.ISO_8859_1);",
    "info" : "ReturnStatement[5801-5846]:ReturnStatement[5801-5846]"
  }, {
    "left" : "public",
    "right" : "public",
    "info" : "Modifier[6808-6814]:Modifier[6808-6814]"
  }, {
    "left" : "static",
    "right" : "static",
    "info" : "Modifier[6815-6821]:Modifier[6815-6821]"
  }, {
    "left" : "byte[]",
    "right" : "byte[]",
    "info" : "ArrayType[6822-6828]:ArrayType[6822-6828]"
  }, {
    "left" : "getBytesUnchecked",
    "right" : "getBytesUnchecked",
    "info" : "SimpleName[6829-6846]:SimpleName[6829-6846]"
  }, {
    "left" : "final String string",
    "right" : "final String string",
    "info" : "SingleVariableDeclaration[6847-6866]:SingleVariableDeclaration[6847-6866]"
  }, {
    "left" : "final String charsetName",
    "right" : "final String charsetName",
    "info" : "SingleVariableDeclaration[6868-6892]:SingleVariableDeclaration[6868-6892]"
  }, {
    "left" : "{}",
    "right" : "{}",
    "info" : "Block[6894-7168]:Block[6894-7168]"
  }, {
    "left" : "if (string == null)",
    "right" : "if (string == null)",
    "info" : "IfStatement[6904-6960]:IfStatement[6904-6960]"
  }, {
    "left" : "{}",
    "right" : "{}",
    "info" : "Block[6924-6960]:Block[6924-6960]"
  }, {
    "left" : "return null;",
    "right" : "return null;",
    "info" : "ReturnStatement[6938-6950]:ReturnStatement[6938-6950]"
  }, {
    "left" : "try{...}",
    "right" : "try{...}",
    "info" : "TryStatement[6969-7162]:TryStatement[6969-7162]"
  }, {
    "left" : "{}",
    "right" : "{}",
    "info" : "Block[6973-7033]:Block[6973-7033]"
  }, {
    "left" : "return string.getBytes(charsetName);",
    "right" : "return string.getBytes(charsetName);",
    "info" : "ReturnStatement[6987-7023]:ReturnStatement[6987-7023]"
  }, {
    "left" : "{}",
    "right" : "{}",
    "info" : "Block[7079-7162]:Block[7079-7162]"
  }, {
    "left" : "throw StringUtils.newIllegalStateException(charsetName, e);",
    "right" : "throw StringUtils.newIllegalStateException(charsetName, e);",
    "info" : "ThrowStatement[7093-7152]:ThrowStatement[7093-7152]"
  }, {
    "left" : "public",
    "right" : "public",
    "info" : "Modifier[7990-7996]:Modifier[7990-7996]"
  }, {
    "left" : "static",
    "right" : "static",
    "info" : "Modifier[7997-8003]:Modifier[7997-8003]"
  }, {
    "left" : "byte[]",
    "right" : "byte[]",
    "info" : "ArrayType[8004-8010]:ArrayType[8004-8010]"
  }, {
    "left" : "getBytesUsAscii",
    "right" : "getBytesUsAscii",
    "info" : "SimpleName[8011-8026]:SimpleName[8011-8026]"
  }, {
    "left" : "final String string",
    "right" : "final String string",
    "info" : "SingleVariableDeclaration[8027-8046]:SingleVariableDeclaration[8027-8046]"
  }, {
    "left" : "{}",
    "right" : "{}",
    "info" : "Block[8048-8107]:Block[8048-8107]"
  }, {
    "left" : "return getBytes(string, Charsets.US_ASCII);",
    "right" : "return getBytes(string, Charsets.US_ASCII);",
    "info" : "ReturnStatement[8058-8101]:ReturnStatement[8058-8101]"
  }, {
    "left" : "public",
    "right" : "public",
    "info" : "Modifier[8925-8931]:Modifier[8925-8931]"
  }, {
    "left" : "static",
    "right" : "static",
    "info" : "Modifier[8932-8938]:Modifier[8932-8938]"
  }, {
    "left" : "byte[]",
    "right" : "byte[]",
    "info" : "ArrayType[8939-8945]:ArrayType[8939-8945]"
  }, {
    "left" : "getBytesUtf16",
    "right" : "getBytesUtf16",
    "info" : "SimpleName[8946-8959]:SimpleName[8946-8959]"
  }, {
    "left" : "final String string",
    "right" : "final String string",
    "info" : "SingleVariableDeclaration[8960-8979]:SingleVariableDeclaration[8960-8979]"
  }, {
    "left" : "{}",
    "right" : "{}",
    "info" : "Block[8981-9038]:Block[8981-9038]"
  }, {
    "left" : "return getBytes(string, Charsets.UTF_16);",
    "right" : "return getBytes(string, Charsets.UTF_16);",
    "info" : "ReturnStatement[8991-9032]:ReturnStatement[8991-9032]"
  }, {
    "left" : "public",
    "right" : "public",
    "info" : "Modifier[9860-9866]:Modifier[9860-9866]"
  }, {
    "left" : "static",
    "right" : "static",
    "info" : "Modifier[9867-9873]:Modifier[9867-9873]"
  }, {
    "left" : "byte[]",
    "right" : "byte[]",
    "info" : "ArrayType[9874-9880]:ArrayType[9874-9880]"
  }, {
    "left" : "getBytesUtf16Be",
    "right" : "getBytesUtf16Be",
    "info" : "SimpleName[9881-9896]:SimpleName[9881-9896]"
  }, {
    "left" : "final String string",
    "right" : "final String string",
    "info" : "SingleVariableDeclaration[9897-9916]:SingleVariableDeclaration[9897-9916]"
  }, {
    "left" : "{}",
    "right" : "{}",
    "info" : "Block[9918-9977]:Block[9918-9977]"
  }, {
    "left" : "return getBytes(string, Charsets.UTF_16BE);",
    "right" : "return getBytes(string, Charsets.UTF_16BE);",
    "info" : "ReturnStatement[9928-9971]:ReturnStatement[9928-9971]"
  }, {
    "left" : "public",
    "right" : "public",
    "info" : "Modifier[10799-10805]:Modifier[10799-10805]"
  }, {
    "left" : "static",
    "right" : "static",
    "info" : "Modifier[10806-10812]:Modifier[10806-10812]"
  }, {
    "left" : "byte[]",
    "right" : "byte[]",
    "info" : "ArrayType[10813-10819]:ArrayType[10813-10819]"
  }, {
    "left" : "getBytesUtf16Le",
    "right" : "getBytesUtf16Le",
    "info" : "SimpleName[10820-10835]:SimpleName[10820-10835]"
  }, {
    "left" : "final String string",
    "right" : "final String string",
    "info" : "SingleVariableDeclaration[10836-10855]:SingleVariableDeclaration[10836-10855]"
  }, {
    "left" : "{}",
    "right" : "{}",
    "info" : "Block[10857-10916]:Block[10857-10916]"
  }, {
    "left" : "return getBytes(string, Charsets.UTF_16LE);",
    "right" : "return getBytes(string, Charsets.UTF_16LE);",
    "info" : "ReturnStatement[10867-10910]:ReturnStatement[10867-10910]"
  }, {
    "left" : "public",
    "right" : "public",
    "info" : "Modifier[11732-11738]:Modifier[11732-11738]"
  }, {
    "left" : "static",
    "right" : "static",
    "info" : "Modifier[11739-11745]:Modifier[11739-11745]"
  }, {
    "left" : "byte[]",
    "right" : "byte[]",
    "info" : "ArrayType[11746-11752]:ArrayType[11746-11752]"
  }, {
    "left" : "getBytesUtf8",
    "right" : "getBytesUtf8",
    "info" : "SimpleName[11753-11765]:SimpleName[11753-11765]"
  }, {
    "left" : "final String string",
    "right" : "final String string",
    "info" : "SingleVariableDeclaration[11766-11785]:SingleVariableDeclaration[11766-11785]"
  }, {
    "left" : "{}",
    "right" : "{}",
    "info" : "Block[11787-11843]:Block[11787-11843]"
  }, {
    "left" : "return getBytes(string, Charsets.UTF_8);",
    "right" : "return getBytes(string, Charsets.UTF_8);",
    "info" : "ReturnStatement[11797-11837]:ReturnStatement[11797-11837]"
  }, {
    "left" : "private",
    "right" : "private",
    "info" : "Modifier[11849-11856]:Modifier[11849-11856]"
  }, {
    "left" : "static",
    "right" : "static",
    "info" : "Modifier[11857-11863]:Modifier[11857-11863]"
  }, {
    "left" : "IllegalStateException",
    "right" : "IllegalStateException",
    "info" : "SimpleType[11864-11885]:SimpleType[11864-11885]"
  }, {
    "left" : "newIllegalStateException",
    "right" : "newIllegalStateException",
    "info" : "SimpleName[11886-11910]:SimpleName[11886-11910]"
  }, {
    "left" : "final String charsetName",
    "right" : "final String charsetName",
    "info" : "SingleVariableDeclaration[11911-11935]:SingleVariableDeclaration[11911-11935]"
  }, {
    "left" : "final UnsupportedEncodingException e",
    "right" : "final UnsupportedEncodingException e",
    "info" : "SingleVariableDeclaration[12003-12039]:SingleVariableDeclaration[12003-12039]"
  }, {
    "left" : "{}",
    "right" : "{}",
    "info" : "Block[12041-12114]:Block[12041-12114]"
  }, {
    "left" : "return new IllegalStateException(charsetName + \": \" + e);",
    "right" : "return new IllegalStateException(charsetName + \": \" + e);",
    "info" : "ReturnStatement[12051-12108]:ReturnStatement[12051-12108]"
  }, {
    "left" : "private",
    "right" : "private",
    "info" : "Modifier[12826-12833]:Modifier[12826-12833]"
  }, {
    "left" : "static",
    "right" : "static",
    "info" : "Modifier[12834-12840]:Modifier[12834-12840]"
  }, {
    "left" : "String",
    "right" : "String",
    "info" : "SimpleType[12841-12847]:SimpleType[12841-12847]"
  }, {
    "left" : "newString",
    "right" : "newString",
    "info" : "SimpleName[12848-12857]:SimpleName[12848-12857]"
  }, {
    "left" : "final byte[] bytes",
    "right" : "final byte[] bytes",
    "info" : "SingleVariableDeclaration[12858-12876]:SingleVariableDeclaration[12858-12876]"
  }, {
    "left" : "final Charset charset",
    "right" : "final Charset charset",
    "info" : "SingleVariableDeclaration[12878-12899]:SingleVariableDeclaration[12878-12899]"
  }, {
    "left" : "{}",
    "right" : "{}",
    "info" : "Block[12901-12974]:Block[12901-12974]"
  }, {
    "left" : "return bytes == null ? null : new String(bytes, charset);",
    "right" : "return bytes == null ? null : new String(bytes, charset);",
    "info" : "ReturnStatement[12911-12968]:ReturnStatement[12911-12968]"
  }, {
    "left" : "public",
    "right" : "public",
    "info" : "Modifier[14031-14037]:Modifier[14031-14037]"
  }, {
    "left" : "static",
    "right" : "static",
    "info" : "Modifier[14038-14044]:Modifier[14038-14044]"
  }, {
    "left" : "String",
    "right" : "String",
    "info" : "SimpleType[14045-14051]:SimpleType[14045-14051]"
  }, {
    "left" : "newString",
    "right" : "newString",
    "info" : "SimpleName[14052-14061]:SimpleName[14052-14061]"
  }, {
    "left" : "final byte[] bytes",
    "right" : "final byte[] bytes",
    "info" : "SingleVariableDeclaration[14062-14080]:SingleVariableDeclaration[14062-14080]"
  }, {
    "left" : "final String charsetName",
    "right" : "final String charsetName",
    "info" : "SingleVariableDeclaration[14082-14106]:SingleVariableDeclaration[14082-14106]"
  }, {
    "left" : "{}",
    "right" : "{}",
    "info" : "Block[14108-14383]:Block[14108-14383]"
  }, {
    "left" : "if (bytes == null)",
    "right" : "if (bytes == null)",
    "info" : "IfStatement[14118-14173]:IfStatement[14118-14173]"
  }, {
    "left" : "{}",
    "right" : "{}",
    "info" : "Block[14137-14173]:Block[14137-14173]"
  }, {
    "left" : "return null;",
    "right" : "return null;",
    "info" : "ReturnStatement[14151-14163]:ReturnStatement[14151-14163]"
  }, {
    "left" : "try{...}",
    "right" : "try{...}",
    "info" : "TryStatement[14182-14377]:TryStatement[14182-14377]"
  }, {
    "left" : "{}",
    "right" : "{}",
    "info" : "Block[14186-14248]:Block[14186-14248]"
  }, {
    "left" : "return new String(bytes, charsetName);",
    "right" : "return new String(bytes, charsetName);",
    "info" : "ReturnStatement[14200-14238]:ReturnStatement[14200-14238]"
  }, {
    "left" : "{}",
    "right" : "{}",
    "info" : "Block[14294-14377]:Block[14294-14377]"
  }, {
    "left" : "throw StringUtils.newIllegalStateException(charsetName, e);",
    "right" : "throw StringUtils.newIllegalStateException(charsetName, e);",
    "info" : "ThrowStatement[14308-14367]:ThrowStatement[14308-14367]"
  }, {
    "left" : "public",
    "right" : "public",
    "info" : "Modifier[15143-15149]:Modifier[15143-15149]"
  }, {
    "left" : "static",
    "right" : "static",
    "info" : "Modifier[15150-15156]:Modifier[15150-15156]"
  }, {
    "left" : "String",
    "right" : "String",
    "info" : "SimpleType[15157-15163]:SimpleType[15157-15163]"
  }, {
    "left" : "newStringIso8859_1",
    "right" : "newStringIso8859_1",
    "info" : "SimpleName[15164-15182]:SimpleName[15164-15182]"
  }, {
    "left" : "final byte[] bytes",
    "right" : "final byte[] bytes",
    "info" : "SingleVariableDeclaration[15183-15201]:SingleVariableDeclaration[15183-15201]"
  }, {
    "left" : "{}",
    "right" : "{}",
    "info" : "Block[15203-15265]:Block[15203-15264]"
  }, {
    "left" : "return new String(bytes, Charsets.ISO_8859_1);",
    "right" : "return newString(bytes, Charsets.ISO_8859_1);",
    "info" : "ReturnStatement[15213-15259]:ReturnStatement[15213-15258]"
  }, {
    "left" : "public",
    "right" : "public",
    "info" : "Modifier[15993-15999]:Modifier[15992-15998]"
  }, {
    "left" : "static",
    "right" : "static",
    "info" : "Modifier[16000-16006]:Modifier[15999-16005]"
  }, {
    "left" : "String",
    "right" : "String",
    "info" : "SimpleType[16007-16013]:SimpleType[16006-16012]"
  }, {
    "left" : "newStringUsAscii",
    "right" : "newStringUsAscii",
    "info" : "SimpleName[16014-16030]:SimpleName[16013-16029]"
  }, {
    "left" : "final byte[] bytes",
    "right" : "final byte[] bytes",
    "info" : "SingleVariableDeclaration[16031-16049]:SingleVariableDeclaration[16030-16048]"
  }, {
    "left" : "{}",
    "right" : "{}",
    "info" : "Block[16051-16110]:Block[16050-16109]"
  }, {
    "left" : "return newString(bytes, Charsets.US_ASCII);",
    "right" : "return newString(bytes, Charsets.US_ASCII);",
    "info" : "ReturnStatement[16061-16104]:ReturnStatement[16060-16103]"
  }, {
    "left" : "public",
    "right" : "public",
    "info" : "Modifier[16831-16837]:Modifier[16830-16836]"
  }, {
    "left" : "static",
    "right" : "static",
    "info" : "Modifier[16838-16844]:Modifier[16837-16843]"
  }, {
    "left" : "String",
    "right" : "String",
    "info" : "SimpleType[16845-16851]:SimpleType[16844-16850]"
  }, {
    "left" : "newStringUtf16",
    "right" : "newStringUtf16",
    "info" : "SimpleName[16852-16866]:SimpleName[16851-16865]"
  }, {
    "left" : "final byte[] bytes",
    "right" : "final byte[] bytes",
    "info" : "SingleVariableDeclaration[16867-16885]:SingleVariableDeclaration[16866-16884]"
  }, {
    "left" : "{}",
    "right" : "{}",
    "info" : "Block[16887-16944]:Block[16886-16943]"
  }, {
    "left" : "return newString(bytes, Charsets.UTF_16);",
    "right" : "return newString(bytes, Charsets.UTF_16);",
    "info" : "ReturnStatement[16897-16938]:ReturnStatement[16896-16937]"
  }, {
    "left" : "public",
    "right" : "public",
    "info" : "Modifier[17672-17678]:Modifier[17671-17677]"
  }, {
    "left" : "static",
    "right" : "static",
    "info" : "Modifier[17679-17685]:Modifier[17678-17684]"
  }, {
    "left" : "String",
    "right" : "String",
    "info" : "SimpleType[17686-17692]:SimpleType[17685-17691]"
  }, {
    "left" : "newStringUtf16Be",
    "right" : "newStringUtf16Be",
    "info" : "SimpleName[17693-17709]:SimpleName[17692-17708]"
  }, {
    "left" : "final byte[] bytes",
    "right" : "final byte[] bytes",
    "info" : "SingleVariableDeclaration[17710-17728]:SingleVariableDeclaration[17709-17727]"
  }, {
    "left" : "{}",
    "right" : "{}",
    "info" : "Block[17730-17789]:Block[17729-17788]"
  }, {
    "left" : "return newString(bytes, Charsets.UTF_16BE);",
    "right" : "return newString(bytes, Charsets.UTF_16BE);",
    "info" : "ReturnStatement[17740-17783]:ReturnStatement[17739-17782]"
  }, {
    "left" : "public",
    "right" : "public",
    "info" : "Modifier[18517-18523]:Modifier[18516-18522]"
  }, {
    "left" : "static",
    "right" : "static",
    "info" : "Modifier[18524-18530]:Modifier[18523-18529]"
  }, {
    "left" : "String",
    "right" : "String",
    "info" : "SimpleType[18531-18537]:SimpleType[18530-18536]"
  }, {
    "left" : "newStringUtf16Le",
    "right" : "newStringUtf16Le",
    "info" : "SimpleName[18538-18554]:SimpleName[18537-18553]"
  }, {
    "left" : "final byte[] bytes",
    "right" : "final byte[] bytes",
    "info" : "SingleVariableDeclaration[18555-18573]:SingleVariableDeclaration[18554-18572]"
  }, {
    "left" : "{}",
    "right" : "{}",
    "info" : "Block[18575-18634]:Block[18574-18633]"
  }, {
    "left" : "return newString(bytes, Charsets.UTF_16LE);",
    "right" : "return newString(bytes, Charsets.UTF_16LE);",
    "info" : "ReturnStatement[18585-18628]:ReturnStatement[18584-18627]"
  }, {
    "left" : "public",
    "right" : "public",
    "info" : "Modifier[19353-19359]:Modifier[19352-19358]"
  }, {
    "left" : "static",
    "right" : "static",
    "info" : "Modifier[19360-19366]:Modifier[19359-19365]"
  }, {
    "left" : "String",
    "right" : "String",
    "info" : "SimpleType[19367-19373]:SimpleType[19366-19372]"
  }, {
    "left" : "newStringUtf8",
    "right" : "newStringUtf8",
    "info" : "SimpleName[19374-19387]:SimpleName[19373-19386]"
  }, {
    "left" : "final byte[] bytes",
    "right" : "final byte[] bytes",
    "info" : "SingleVariableDeclaration[19388-19406]:SingleVariableDeclaration[19387-19405]"
  }, {
    "left" : "{}",
    "right" : "{}",
    "info" : "Block[19408-19464]:Block[19407-19463]"
  }, {
    "left" : "return newString(bytes, Charsets.UTF_8);",
    "right" : "return newString(bytes, Charsets.UTF_8);",
    "info" : "ReturnStatement[19418-19458]:ReturnStatement[19417-19457]"
  } ]
}