{
  "matchedElements" : [
 {
    "left" : "class : InnerClassProperty",
    "right" : "class : InnerClassProperty",
    "info" : "TypeDeclaration[410-5354]:TypeDeclaration[410-5441]"
  }, {
    "left" : "serialVersionUID",
    "right" : "serialVersionUID",
    "info" : "FieldDeclaration[722-770]:FieldDeclaration[722-770]"
  }, {
    "left" : "_delegate",
    "right" : "_delegate",
    "info" : "FieldDeclaration[776-900]:FieldDeclaration[776-900]"
  }, {
    "left" : "_creator",
    "right" : "_creator",
    "info" : "FieldDeclaration[906-1133]:FieldDeclaration[906-1133]"
  }, {
    "left" : "_annotated",
    "right" : "_annotated",
    "info" : "FieldDeclaration[1143-1287]:FieldDeclaration[1143-1287]"
  }, {
    "left" : "public InnerClassProperty(delegate , ctor )",
    "right" : "public InnerClassProperty(delegate , ctor )",
    "info" : "MethodDeclaration[1293-1474]:MethodDeclaration[1293-1474]"
  }, {
    "left" : "protected InnerClassProperty(src , ann )",
    "right" : "protected InnerClassProperty(src , ann )",
    "info" : "MethodDeclaration[1480-2024]:MethodDeclaration[1480-2024]"
  }, {
    "left" : "protected InnerClassProperty(src , deser )",
    "right" : "protected InnerClassProperty(src , deser )",
    "info" : "MethodDeclaration[2034-2249]:MethodDeclaration[2034-2249]"
  }, {
    "left" : "protected InnerClassProperty(src , newName )",
    "right" : "protected InnerClassProperty(src , newName )",
    "info" : "MethodDeclaration[2255-2452]:MethodDeclaration[2255-2452]"
  }, {
    "left" : "public withName(newName ) : ",
    "right" : "public withName(newName ) : ",
    "info" : "MethodDeclaration[2458-2590]:MethodDeclaration[2458-2590]"
  }, {
    "left" : "public withValueDeserializer(deser ) : ",
    "right" : "public withValueDeserializer(deser ) : ",
    "info" : "MethodDeclaration[2596-2744]:MethodDeclaration[2596-2744]"
  }, {
    "left" : "public assignIndex(index int) : void",
    "right" : "public assignIndex(index int) : void",
    "info" : "MethodDeclaration[2750-2832]:MethodDeclaration[2750-2832]"
  }, {
    "left" : "public getPropertyIndex() : int",
    "right" : "public getPropertyIndex() : int",
    "info" : "MethodDeclaration[2838-2922]:MethodDeclaration[2838-2922]"
  }, {
    "left" : "public getAnnotation(acls ...) : ",
    "right" : "public getAnnotation(acls ...) : ",
    "info" : "MethodDeclaration[2969-3097]:MethodDeclaration[3056-3184]"
  }, {
    "left" : "public getMember() : ",
    "right" : "public getMember() : ",
    "info" : "MethodDeclaration[3103-3182]:MethodDeclaration[3190-3269]"
  }, {
    "left" : "public deserializeAndSet(jp , ctxt , bean ) : void",
    "right" : "public deserializeAndSet(jp , ctxt , bean ) : void",
    "info" : "MethodDeclaration[3363-4248]:MethodDeclaration[3450-4335]"
  }, {
    "left" : "public deserializeSetAndReturn(jp , ctxt , instance ) : ",
    "right" : "public deserializeSetAndReturn(jp , ctxt , instance ) : ",
    "info" : "MethodDeclaration[4254-4473]:MethodDeclaration[4341-4560]"
  }, {
    "left" : "public set(instance , value ) : void",
    "right" : "public set(instance , value ) : void",
    "info" : "MethodDeclaration[4483-4616]:MethodDeclaration[4570-4703]"
  }, {
    "left" : "public setAndReturn(instance , value ) : ",
    "right" : "public setAndReturn(instance , value ) : ",
    "info" : "MethodDeclaration[4622-4776]:MethodDeclaration[4709-4863]"
  }, {
    "left" : "package readResolve() : ",
    "right" : "package readResolve() : ",
    "info" : "MethodDeclaration[4994-5079]:MethodDeclaration[5081-5166]"
  }, {
    "left" : "package writeReplace() : ",
    "right" : "package writeReplace() : ",
    "info" : "MethodDeclaration[5085-5352]:MethodDeclaration[5172-5439]"
  } ],
  "mappings" : [
 {
    "left" : "public",
    "right" : "public",
    "info" : "Modifier[645-651]:Modifier[645-651]"
  }, {
    "left" : "final",
    "right" : "final",
    "info" : "Modifier[652-657]:Modifier[652-657]"
  }, {
    "left" : "class",
    "right" : "class",
    "info" : "TYPE_DECLARATION_KIND[658-663]:TYPE_DECLARATION_KIND[658-663]"
  }, {
    "left" : "public",
    "right" : "public",
    "info" : "Modifier[1293-1299]:Modifier[1293-1299]"
  }, {
    "left" : "InnerClassProperty",
    "right" : "InnerClassProperty",
    "info" : "SimpleName[1300-1318]:SimpleName[1300-1318]"
  }, {
    "left" : "SettableBeanProperty delegate",
    "right" : "SettableBeanProperty delegate",
    "info" : "SingleVariableDeclaration[1319-1348]:SingleVariableDeclaration[1319-1348]"
  }, {
    "left" : "Constructor<?> ctor",
    "right" : "Constructor<?> ctor",
    "info" : "SingleVariableDeclaration[1362-1381]:SingleVariableDeclaration[1362-1381]"
  }, {
    "left" : "{}",
    "right" : "{}",
    "info" : "Block[1387-1474]:Block[1387-1474]"
  }, {
    "left" : "super(delegate);",
    "right" : "super(delegate);",
    "info" : "SuperConstructorInvocation[1397-1413]:SuperConstructorInvocation[1397-1413]"
  }, {
    "left" : "_delegate = delegate;",
    "right" : "_delegate = delegate;",
    "info" : "ExpressionStatement[1422-1443]:ExpressionStatement[1422-1443]"
  }, {
    "left" : "_creator = ctor;",
    "right" : "_creator = ctor;",
    "info" : "ExpressionStatement[1452-1468]:ExpressionStatement[1452-1468]"
  }, {
    "left" : "protected",
    "right" : "protected",
    "info" : "Modifier[1632-1641]:Modifier[1632-1641]"
  }, {
    "left" : "InnerClassProperty",
    "right" : "InnerClassProperty",
    "info" : "SimpleName[1642-1660]:SimpleName[1642-1660]"
  }, {
    "left" : "InnerClassProperty src",
    "right" : "InnerClassProperty src",
    "info" : "SingleVariableDeclaration[1661-1683]:SingleVariableDeclaration[1661-1683]"
  }, {
    "left" : "AnnotatedConstructor ann",
    "right" : "AnnotatedConstructor ann",
    "info" : "SingleVariableDeclaration[1685-1709]:SingleVariableDeclaration[1685-1709]"
  }, {
    "left" : "{}",
    "right" : "{}",
    "info" : "Block[1715-2024]:Block[1715-2024]"
  }, {
    "left" : "super(src);",
    "right" : "super(src);",
    "info" : "SuperConstructorInvocation[1725-1736]:SuperConstructorInvocation[1725-1736]"
  }, {
    "left" : "_delegate = src._delegate;",
    "right" : "_delegate = src._delegate;",
    "info" : "ExpressionStatement[1745-1771]:ExpressionStatement[1745-1771]"
  }, {
    "left" : "_annotated = ann;",
    "right" : "_annotated = ann;",
    "info" : "ExpressionStatement[1780-1797]:ExpressionStatement[1780-1797]"
  }, {
    "left" : "_creator = (_annotated == null) ? null : _annotated.getAnnotated();",
    "right" : "_creator = (_annotated == null) ? null : _annotated.getAnnotated();",
    "info" : "ExpressionStatement[1806-1873]:ExpressionStatement[1806-1873]"
  }, {
    "left" : "if (_creator == null)",
    "right" : "if (_creator == null)",
    "info" : "IfStatement[1882-2018]:IfStatement[1882-2018]"
  }, {
    "left" : "{}",
    "right" : "{}",
    "info" : "Block[1904-2018]:Block[1904-2018]"
  }, {
    "left" : "throw new IllegalArgumentException(\"Missing constructor (broken JDK (de)serialization?)\");",
    "right" : "throw new IllegalArgumentException(\"Missing constructor (broken JDK (de)serialization?)\");",
    "info" : "ThrowStatement[1918-2008]:ThrowStatement[1918-2008]"
  }, {
    "left" : "protected",
    "right" : "protected",
    "info" : "Modifier[2034-2043]:Modifier[2034-2043]"
  }, {
    "left" : "InnerClassProperty",
    "right" : "InnerClassProperty",
    "info" : "SimpleName[2044-2062]:SimpleName[2044-2062]"
  }, {
    "left" : "InnerClassProperty src",
    "right" : "InnerClassProperty src",
    "info" : "SingleVariableDeclaration[2063-2085]:SingleVariableDeclaration[2063-2085]"
  }, {
    "left" : "JsonDeserializer<?> deser",
    "right" : "JsonDeserializer<?> deser",
    "info" : "SingleVariableDeclaration[2087-2112]:SingleVariableDeclaration[2087-2112]"
  }, {
    "left" : "{}",
    "right" : "{}",
    "info" : "Block[2118-2249]:Block[2118-2249]"
  }, {
    "left" : "super(src, deser);",
    "right" : "super(src, deser);",
    "info" : "SuperConstructorInvocation[2128-2146]:SuperConstructorInvocation[2128-2146]"
  }, {
    "left" : "_delegate = src._delegate.withValueDeserializer(deser);",
    "right" : "_delegate = src._delegate.withValueDeserializer(deser);",
    "info" : "ExpressionStatement[2155-2210]:ExpressionStatement[2155-2210]"
  }, {
    "left" : "_creator = src._creator;",
    "right" : "_creator = src._creator;",
    "info" : "ExpressionStatement[2219-2243]:ExpressionStatement[2219-2243]"
  }, {
    "left" : "protected",
    "right" : "protected",
    "info" : "Modifier[2255-2264]:Modifier[2255-2264]"
  }, {
    "left" : "InnerClassProperty",
    "right" : "InnerClassProperty",
    "info" : "SimpleName[2265-2283]:SimpleName[2265-2283]"
  }, {
    "left" : "InnerClassProperty src",
    "right" : "InnerClassProperty src",
    "info" : "SingleVariableDeclaration[2284-2306]:SingleVariableDeclaration[2284-2306]"
  }, {
    "left" : "PropertyName newName",
    "right" : "PropertyName newName",
    "info" : "SingleVariableDeclaration[2308-2328]:SingleVariableDeclaration[2308-2328]"
  }, {
    "left" : "{}",
    "right" : "{}",
    "info" : "Block[2330-2452]:Block[2330-2452]"
  }, {
    "left" : "super(src, newName);",
    "right" : "super(src, newName);",
    "info" : "SuperConstructorInvocation[2340-2360]:SuperConstructorInvocation[2340-2360]"
  }, {
    "left" : "_delegate = src._delegate.withName(newName);",
    "right" : "_delegate = src._delegate.withName(newName);",
    "info" : "ExpressionStatement[2369-2413]:ExpressionStatement[2369-2413]"
  }, {
    "left" : "_creator = src._creator;",
    "right" : "_creator = src._creator;",
    "info" : "ExpressionStatement[2422-2446]:ExpressionStatement[2422-2446]"
  }, {
    "left" : "@Override",
    "right" : "@Override",
    "info" : "MarkerAnnotation[2458-2467]:MarkerAnnotation[2458-2467]"
  }, {
    "left" : "public",
    "right" : "public",
    "info" : "Modifier[2472-2478]:Modifier[2472-2478]"
  }, {
    "left" : "InnerClassProperty",
    "right" : "InnerClassProperty",
    "info" : "SimpleType[2479-2497]:SimpleType[2479-2497]"
  }, {
    "left" : "withName",
    "right" : "withName",
    "info" : "SimpleName[2498-2506]:SimpleName[2498-2506]"
  }, {
    "left" : "PropertyName newName",
    "right" : "PropertyName newName",
    "info" : "SingleVariableDeclaration[2507-2527]:SingleVariableDeclaration[2507-2527]"
  }, {
    "left" : "{}",
    "right" : "{}",
    "info" : "Block[2529-2590]:Block[2529-2590]"
  }, {
    "left" : "return new InnerClassProperty(this, newName);",
    "right" : "return new InnerClassProperty(this, newName);",
    "info" : "ReturnStatement[2539-2584]:ReturnStatement[2539-2584]"
  }, {
    "left" : "@Override",
    "right" : "@Override",
    "info" : "MarkerAnnotation[2596-2605]:MarkerAnnotation[2596-2605]"
  }, {
    "left" : "public",
    "right" : "public",
    "info" : "Modifier[2610-2616]:Modifier[2610-2616]"
  }, {
    "left" : "InnerClassProperty",
    "right" : "InnerClassProperty",
    "info" : "SimpleType[2617-2635]:SimpleType[2617-2635]"
  }, {
    "left" : "withValueDeserializer",
    "right" : "withValueDeserializer",
    "info" : "SimpleName[2636-2657]:SimpleName[2636-2657]"
  }, {
    "left" : "JsonDeserializer<?> deser",
    "right" : "JsonDeserializer<?> deser",
    "info" : "SingleVariableDeclaration[2658-2683]:SingleVariableDeclaration[2658-2683]"
  }, {
    "left" : "{}",
    "right" : "{}",
    "info" : "Block[2685-2744]:Block[2685-2744]"
  }, {
    "left" : "return new InnerClassProperty(this, deser);",
    "right" : "return new InnerClassProperty(this, deser);",
    "info" : "ReturnStatement[2695-2738]:ReturnStatement[2695-2738]"
  }, {
    "left" : "@Override",
    "right" : "@Override",
    "info" : "MarkerAnnotation[2750-2759]:MarkerAnnotation[2750-2759]"
  }, {
    "left" : "public",
    "right" : "public",
    "info" : "Modifier[2764-2770]:Modifier[2764-2770]"
  }, {
    "left" : "void",
    "right" : "void",
    "info" : "PrimitiveType[2771-2775]:PrimitiveType[2771-2775]"
  }, {
    "left" : "assignIndex",
    "right" : "assignIndex",
    "info" : "SimpleName[2776-2787]:SimpleName[2776-2787]"
  }, {
    "left" : "int index",
    "right" : "int index",
    "info" : "SingleVariableDeclaration[2788-2797]:SingleVariableDeclaration[2788-2797]"
  }, {
    "left" : "{}",
    "right" : "{}",
    "info" : "Block[2799-2832]:Block[2799-2832]"
  }, {
    "left" : "_delegate.assignIndex(index);",
    "right" : "_delegate.assignIndex(index);",
    "info" : "ExpressionStatement[2801-2830]:ExpressionStatement[2801-2830]"
  }, {
    "left" : "@Override",
    "right" : "@Override",
    "info" : "MarkerAnnotation[2838-2847]:MarkerAnnotation[2838-2847]"
  }, {
    "left" : "public",
    "right" : "public",
    "info" : "Modifier[2852-2858]:Modifier[2852-2858]"
  }, {
    "left" : "int",
    "right" : "int",
    "info" : "PrimitiveType[2859-2862]:PrimitiveType[2859-2862]"
  }, {
    "left" : "getPropertyIndex",
    "right" : "getPropertyIndex",
    "info" : "SimpleName[2863-2879]:SimpleName[2863-2879]"
  }, {
    "left" : "{}",
    "right" : "{}",
    "info" : "Block[2882-2922]:Block[2882-2922]"
  }, {
    "left" : "return _delegate.getPropertyIndex();",
    "right" : "return _delegate.getPropertyIndex();",
    "info" : "ReturnStatement[2884-2920]:ReturnStatement[2884-2920]"
  }, {
    "left" : "@Override",
    "right" : "@Override",
    "info" : "MarkerAnnotation[2969-2978]:MarkerAnnotation[3056-3065]"
  }, {
    "left" : "public",
    "right" : "public",
    "info" : "Modifier[2983-2989]:Modifier[3070-3076]"
  }, {
    "left" : "A extends Annotation",
    "right" : "A extends Annotation",
    "info" : "TypeParameter[2991-3011]:TypeParameter[3078-3098]"
  }, {
    "left" : "A",
    "right" : "A",
    "info" : "SimpleType[3013-3014]:SimpleType[3100-3101]"
  }, {
    "left" : "getAnnotation",
    "right" : "getAnnotation",
    "info" : "SimpleName[3015-3028]:SimpleName[3102-3115]"
  }, {
    "left" : "Class<A> acls",
    "right" : "Class<A> acls",
    "info" : "SingleVariableDeclaration[3029-3042]:SingleVariableDeclaration[3116-3129]"
  }, {
    "left" : "{}",
    "right" : "{}",
    "info" : "Block[3044-3097]:Block[3131-3184]"
  }, {
    "left" : "return _delegate.getAnnotation(acls);",
    "right" : "return _delegate.getAnnotation(acls);",
    "info" : "ReturnStatement[3054-3091]:ReturnStatement[3141-3178]"
  }, {
    "left" : "@Override",
    "right" : "@Override",
    "info" : "MarkerAnnotation[3103-3112]:MarkerAnnotation[3190-3199]"
  }, {
    "left" : "public",
    "right" : "public",
    "info" : "Modifier[3113-3119]:Modifier[3200-3206]"
  }, {
    "left" : "AnnotatedMember",
    "right" : "AnnotatedMember",
    "info" : "SimpleType[3120-3135]:SimpleType[3207-3222]"
  }, {
    "left" : "getMember",
    "right" : "getMember",
    "info" : "SimpleName[3136-3145]:SimpleName[3223-3232]"
  }, {
    "left" : "{}",
    "right" : "{}",
    "info" : "Block[3148-3182]:Block[3235-3269]"
  }, {
    "left" : "return _delegate.getMember();",
    "right" : "return _delegate.getMember();",
    "info" : "ReturnStatement[3151-3180]:ReturnStatement[3238-3267]"
  }, {
    "left" : "@Override",
    "right" : "@Override",
    "info" : "MarkerAnnotation[3363-3372]:MarkerAnnotation[3450-3459]"
  }, {
    "left" : "public",
    "right" : "public",
    "info" : "Modifier[3377-3383]:Modifier[3464-3470]"
  }, {
    "left" : "void",
    "right" : "void",
    "info" : "PrimitiveType[3384-3388]:PrimitiveType[3471-3475]"
  }, {
    "left" : "deserializeAndSet",
    "right" : "deserializeAndSet",
    "info" : "SimpleName[3389-3406]:SimpleName[3476-3493]"
  }, {
    "left" : "JsonParser jp",
    "right" : "JsonParser jp",
    "info" : "SingleVariableDeclaration[3407-3420]:SingleVariableDeclaration[3494-3507]"
  }, {
    "left" : "DeserializationContext ctxt",
    "right" : "DeserializationContext ctxt",
    "info" : "SingleVariableDeclaration[3422-3449]:SingleVariableDeclaration[3509-3536]"
  }, {
    "left" : "Object bean",
    "right" : "Object bean",
    "info" : "SingleVariableDeclaration[3451-3462]:SingleVariableDeclaration[3538-3549]"
  }, {
    "left" : "IOException",
    "right" : "IOException",
    "info" : "SimpleType[3479-3490]:SimpleType[3566-3577]"
  }, {
    "left" : "{}",
    "right" : "{}",
    "info" : "Block[3495-4248]:Block[3582-4335]"
  }, {
    "left" : "JsonToken t = jp.getCurrentToken();",
    "right" : "JsonToken t = jp.getCurrentToken();",
    "info" : "VariableDeclarationStatement[3505-3540]:VariableDeclarationStatement[3592-3627]"
  }, {
    "left" : "Object value;",
    "right" : "Object value;",
    "info" : "VariableDeclarationStatement[3549-3562]:VariableDeclarationStatement[3636-3649]"
  }, {
    "left" : "if (t == JsonToken.VALUE_NULL)",
    "right" : "if (t == JsonToken.VALUE_NULL)",
    "info" : "IfStatement[3571-4216]:IfStatement[3658-4303]"
  }, {
    "left" : "{}",
    "right" : "{}",
    "info" : "Block[3602-3672]:Block[3689-3759]"
  }, {
    "left" : "value = _valueDeserializer.getNullValue(ctxt);",
    "right" : "value = _valueDeserializer.getNullValue(ctxt);",
    "info" : "ExpressionStatement[3616-3662]:ExpressionStatement[3703-3749]"
  }, {
    "left" : "if (_valueTypeDeserializer != null)",
    "right" : "if (_valueTypeDeserializer != null)",
    "info" : "IfStatement[3678-4216]:IfStatement[3765-4303]"
  }, {
    "left" : "{}",
    "right" : "{}",
    "info" : "Block[3714-3819]:Block[3801-3906]"
  }, {
    "left" : "value = _valueDeserializer.deserializeWithType(jp, ctxt, _valueTypeDeserializer);",
    "right" : "value = _valueDeserializer.deserializeWithType(jp, ctxt, _valueTypeDeserializer);",
    "info" : "ExpressionStatement[3728-3809]:ExpressionStatement[3815-3896]"
  }, {
    "left" : "{}",
    "right" : "{}",
    "info" : "Block[3826-4216]:Block[3913-4303]"
  }, {
    "left" : "try{...}",
    "right" : "try{...}",
    "info" : "TryStatement[3858-4145]:TryStatement[3945-4232]"
  }, {
    "left" : "{}",
    "right" : "{}",
    "info" : "Block[3862-3929]:Block[3949-4016]"
  }, {
    "left" : "value = _creator.newInstance(bean);",
    "right" : "value = _creator.newInstance(bean);",
    "info" : "ExpressionStatement[3880-3915]:ExpressionStatement[3967-4002]"
  }, {
    "left" : "{}",
    "right" : "{}",
    "info" : "Block[3950-4145]:Block[4037-4232]"
  }, {
    "left" : "ClassUtil.unwrapAndThrowAsIAE(e, \"Failed to instantiate class \"+_creator.getDeclaringClass().getName()+\", problem: \"+e.getMessage());",
    "right" : "ClassUtil.unwrapAndThrowAsIAE(e, \"Failed to instantiate class \"+_creator.getDeclaringClass().getName()+\", problem: \"+e.getMessage());",
    "info" : "ExpressionStatement[3968-4101]:ExpressionStatement[4055-4188]"
  }, {
    "left" : "value = null;",
    "right" : "value = null;",
    "info" : "ExpressionStatement[4118-4131]:ExpressionStatement[4205-4218]"
  }, {
    "left" : "_valueDeserializer.deserialize(jp, ctxt, value);",
    "right" : "_valueDeserializer.deserialize(jp, ctxt, value);",
    "info" : "ExpressionStatement[4158-4206]:ExpressionStatement[4245-4293]"
  }, {
    "left" : "set(bean, value);",
    "right" : "set(bean, value);",
    "info" : "ExpressionStatement[4225-4242]:ExpressionStatement[4312-4329]"
  }, {
    "left" : "@Override",
    "right" : "@Override",
    "info" : "MarkerAnnotation[4254-4263]:MarkerAnnotation[4341-4350]"
  }, {
    "left" : "public",
    "right" : "public",
    "info" : "Modifier[4268-4274]:Modifier[4355-4361]"
  }, {
    "left" : "Object",
    "right" : "Object",
    "info" : "SimpleType[4275-4281]:SimpleType[4362-4368]"
  }, {
    "left" : "deserializeSetAndReturn",
    "right" : "deserializeSetAndReturn",
    "info" : "SimpleName[4282-4305]:SimpleName[4369-4392]"
  }, {
    "left" : "JsonParser jp",
    "right" : "JsonParser jp",
    "info" : "SingleVariableDeclaration[4306-4319]:SingleVariableDeclaration[4393-4406]"
  }, {
    "left" : "DeserializationContext ctxt",
    "right" : "DeserializationContext ctxt",
    "info" : "SingleVariableDeclaration[4327-4354]:SingleVariableDeclaration[4414-4441]"
  }, {
    "left" : "Object instance",
    "right" : "Object instance",
    "info" : "SingleVariableDeclaration[4356-4371]:SingleVariableDeclaration[4443-4458]"
  }, {
    "left" : "IOException",
    "right" : "IOException",
    "info" : "SimpleType[4388-4399]:SimpleType[4475-4486]"
  }, {
    "left" : "{}",
    "right" : "{}",
    "info" : "Block[4404-4473]:Block[4491-4560]"
  }, {
    "left" : "return setAndReturn(instance, deserialize(jp, ctxt));",
    "right" : "return setAndReturn(instance, deserialize(jp, ctxt));",
    "info" : "ReturnStatement[4414-4467]:ReturnStatement[4501-4554]"
  }, {
    "left" : "@Override",
    "right" : "@Override",
    "info" : "MarkerAnnotation[4483-4492]:MarkerAnnotation[4570-4579]"
  }, {
    "left" : "public",
    "right" : "public",
    "info" : "Modifier[4497-4503]:Modifier[4584-4590]"
  }, {
    "left" : "final",
    "right" : "final",
    "info" : "Modifier[4504-4509]:Modifier[4591-4596]"
  }, {
    "left" : "void",
    "right" : "void",
    "info" : "PrimitiveType[4510-4514]:PrimitiveType[4597-4601]"
  }, {
    "left" : "set",
    "right" : "set",
    "info" : "SimpleName[4515-4518]:SimpleName[4602-4605]"
  }, {
    "left" : "Object instance",
    "right" : "Object instance",
    "info" : "SingleVariableDeclaration[4519-4534]:SingleVariableDeclaration[4606-4621]"
  }, {
    "left" : "Object value",
    "right" : "Object value",
    "info" : "SingleVariableDeclaration[4536-4548]:SingleVariableDeclaration[4623-4635]"
  }, {
    "left" : "IOException",
    "right" : "IOException",
    "info" : "SimpleType[4557-4568]:SimpleType[4644-4655]"
  }, {
    "left" : "{}",
    "right" : "{}",
    "info" : "Block[4569-4616]:Block[4656-4703]"
  }, {
    "left" : "_delegate.set(instance, value);",
    "right" : "_delegate.set(instance, value);",
    "info" : "ExpressionStatement[4579-4610]:ExpressionStatement[4666-4697]"
  }, {
    "left" : "@Override",
    "right" : "@Override",
    "info" : "MarkerAnnotation[4622-4631]:MarkerAnnotation[4709-4718]"
  }, {
    "left" : "public",
    "right" : "public",
    "info" : "Modifier[4636-4642]:Modifier[4723-4729]"
  }, {
    "left" : "Object",
    "right" : "Object",
    "info" : "SimpleType[4643-4649]:SimpleType[4730-4736]"
  }, {
    "left" : "setAndReturn",
    "right" : "setAndReturn",
    "info" : "SimpleName[4650-4662]:SimpleName[4737-4749]"
  }, {
    "left" : "Object instance",
    "right" : "Object instance",
    "info" : "SingleVariableDeclaration[4663-4678]:SingleVariableDeclaration[4750-4765]"
  }, {
    "left" : "Object value",
    "right" : "Object value",
    "info" : "SingleVariableDeclaration[4680-4692]:SingleVariableDeclaration[4767-4779]"
  }, {
    "left" : "IOException",
    "right" : "IOException",
    "info" : "SimpleType[4701-4712]:SimpleType[4788-4799]"
  }, {
    "left" : "{}",
    "right" : "{}",
    "info" : "Block[4713-4776]:Block[4800-4863]"
  }, {
    "left" : "return _delegate.setAndReturn(instance, value);",
    "right" : "return _delegate.setAndReturn(instance, value);",
    "info" : "ReturnStatement[4723-4770]:ReturnStatement[4810-4857]"
  }, {
    "left" : "Object",
    "right" : "Object",
    "info" : "SimpleType[4994-5000]:SimpleType[5081-5087]"
  }, {
    "left" : "readResolve",
    "right" : "readResolve",
    "info" : "SimpleName[5001-5012]:SimpleName[5088-5099]"
  }, {
    "left" : "{}",
    "right" : "{}",
    "info" : "Block[5015-5079]:Block[5102-5166]"
  }, {
    "left" : "return new InnerClassProperty(this, _annotated);",
    "right" : "return new InnerClassProperty(this, _annotated);",
    "info" : "ReturnStatement[5025-5073]:ReturnStatement[5112-5160]"
  }, {
    "left" : "Object",
    "right" : "Object",
    "info" : "SimpleType[5085-5091]:SimpleType[5172-5178]"
  }, {
    "left" : "writeReplace",
    "right" : "writeReplace",
    "info" : "SimpleName[5092-5104]:SimpleName[5179-5191]"
  }, {
    "left" : "{}",
    "right" : "{}",
    "info" : "Block[5107-5352]:Block[5194-5439]"
  }, {
    "left" : "if (_annotated != null)",
    "right" : "if (_annotated != null)",
    "info" : "IfStatement[5187-5247]:IfStatement[5274-5334]"
  }, {
    "left" : "{}",
    "right" : "{}",
    "info" : "Block[5211-5247]:Block[5298-5334]"
  }, {
    "left" : "return this;",
    "right" : "return this;",
    "info" : "ReturnStatement[5225-5237]:ReturnStatement[5312-5324]"
  }, {
    "left" : "return new InnerClassProperty(this, new AnnotatedConstructor(null, _creator, null, null));",
    "right" : "return new InnerClassProperty(this, new AnnotatedConstructor(null, _creator, null, null));",
    "info" : "ReturnStatement[5256-5346]:ReturnStatement[5343-5433]"
  } ]
}