{
  "matchedElements" : [
 {
    "left" : "class : ShapeList",
    "right" : "class : ShapeList",
    "info" : "TypeDeclaration[1711-4614]:TypeDeclaration[1711-4848]"
  }, {
    "left" : "public ShapeList()",
    "right" : "public ShapeList()",
    "info" : "MethodDeclaration[1813-1899]:MethodDeclaration[1813-1899]"
  }, {
    "left" : "public getShape(index int) : ",
    "right" : "public getShape(index int) : ",
    "info" : "MethodDeclaration[1905-2134]:MethodDeclaration[1905-2134]"
  }, {
    "left" : "public setShape(index int, shape ) : void",
    "right" : "public setShape(index int, shape ) : void",
    "info" : "MethodDeclaration[2140-2423]:MethodDeclaration[2140-2423]"
  }, {
    "left" : "public clone() : ",
    "right" : "public clone() : ",
    "info" : "MethodDeclaration[2429-2730]:MethodDeclaration[2429-2730]"
  }, {
    "left" : "public equals(obj ) : boolean",
    "right" : "public equals(obj ) : boolean",
    "info" : "MethodDeclaration[2736-3157]:MethodDeclaration[2736-3391]"
  }, {
    "left" : "public hashCode() : int",
    "right" : "public hashCode() : int",
    "info" : "MethodDeclaration[3163-3325]:MethodDeclaration[3397-3559]"
  }, {
    "left" : "private writeObject(stream ) : void",
    "right" : "private writeObject(stream ) : void",
    "info" : "MethodDeclaration[3331-3975]:MethodDeclaration[3565-4209]"
  }, {
    "left" : "private readObject(stream ) : void",
    "right" : "private readObject(stream ) : void",
    "info" : "MethodDeclaration[3981-4611]:MethodDeclaration[4215-4845]"
  } ],
  "mappings" : [
 {
    "left" : "public",
    "right" : "public",
    "info" : "Modifier[1756-1762]:Modifier[1756-1762]"
  }, {
    "left" : "class",
    "right" : "class",
    "info" : "TYPE_DECLARATION_KIND[1763-1768]:TYPE_DECLARATION_KIND[1763-1768]"
  }, {
    "left" : "public",
    "right" : "public",
    "info" : "Modifier[1856-1862]:Modifier[1856-1862]"
  }, {
    "left" : "ShapeList",
    "right" : "ShapeList",
    "info" : "SimpleName[1863-1872]:SimpleName[1863-1872]"
  }, {
    "left" : "{}",
    "right" : "{}",
    "info" : "Block[1875-1899]:Block[1875-1899]"
  }, {
    "left" : "super();",
    "right" : "super();",
    "info" : "SuperConstructorInvocation[1885-1893]:SuperConstructorInvocation[1885-1893]"
  }, {
    "left" : "public",
    "right" : "public",
    "info" : "Modifier[2059-2065]:Modifier[2059-2065]"
  }, {
    "left" : "Shape",
    "right" : "Shape",
    "info" : "SimpleType[2066-2071]:SimpleType[2066-2071]"
  }, {
    "left" : "getShape",
    "right" : "getShape",
    "info" : "SimpleName[2072-2080]:SimpleName[2072-2080]"
  }, {
    "left" : "int index",
    "right" : "int index",
    "info" : "SingleVariableDeclaration[2081-2090]:SingleVariableDeclaration[2081-2090]"
  }, {
    "left" : "{}",
    "right" : "{}",
    "info" : "Block[2092-2134]:Block[2092-2134]"
  }, {
    "left" : "return (Shape) get(index);",
    "right" : "return (Shape) get(index);",
    "info" : "ReturnStatement[2102-2128]:ReturnStatement[2102-2128]"
  }, {
    "left" : "public",
    "right" : "public",
    "info" : "Modifier[2344-2350]:Modifier[2344-2350]"
  }, {
    "left" : "void",
    "right" : "void",
    "info" : "PrimitiveType[2351-2355]:PrimitiveType[2351-2355]"
  }, {
    "left" : "setShape",
    "right" : "setShape",
    "info" : "SimpleName[2356-2364]:SimpleName[2356-2364]"
  }, {
    "left" : "int index",
    "right" : "int index",
    "info" : "SingleVariableDeclaration[2365-2374]:SingleVariableDeclaration[2365-2374]"
  }, {
    "left" : "Shape shape",
    "right" : "Shape shape",
    "info" : "SingleVariableDeclaration[2376-2387]:SingleVariableDeclaration[2376-2387]"
  }, {
    "left" : "{}",
    "right" : "{}",
    "info" : "Block[2389-2423]:Block[2389-2423]"
  }, {
    "left" : "set(index, shape);",
    "right" : "set(index, shape);",
    "info" : "ExpressionStatement[2399-2417]:ExpressionStatement[2399-2417]"
  }, {
    "left" : "public",
    "right" : "public",
    "info" : "Modifier[2637-2643]:Modifier[2637-2643]"
  }, {
    "left" : "Object",
    "right" : "Object",
    "info" : "SimpleType[2644-2650]:SimpleType[2644-2650]"
  }, {
    "left" : "clone",
    "right" : "clone",
    "info" : "SimpleName[2651-2656]:SimpleName[2651-2656]"
  }, {
    "left" : "CloneNotSupportedException",
    "right" : "CloneNotSupportedException",
    "info" : "SimpleType[2666-2692]:SimpleType[2666-2692]"
  }, {
    "left" : "{}",
    "right" : "{}",
    "info" : "Block[2693-2730]:Block[2693-2730]"
  }, {
    "left" : "return super.clone();",
    "right" : "return super.clone();",
    "info" : "ReturnStatement[2703-2724]:ReturnStatement[2703-2724]"
  }, {
    "left" : "public",
    "right" : "public",
    "info" : "Modifier[2939-2945]:Modifier[2939-2945]"
  }, {
    "left" : "boolean",
    "right" : "boolean",
    "info" : "PrimitiveType[2946-2953]:PrimitiveType[2946-2953]"
  }, {
    "left" : "equals",
    "right" : "equals",
    "info" : "SimpleName[2954-2960]:SimpleName[2954-2960]"
  }, {
    "left" : "Object obj",
    "right" : "Object obj",
    "info" : "SingleVariableDeclaration[2961-2971]:SingleVariableDeclaration[2961-2971]"
  }, {
    "left" : "{}",
    "right" : "{}",
    "info" : "Block[2973-3157]:Block[2973-3391]"
  }, {
    "left" : "if (obj == this)",
    "right" : "if (obj == this)",
    "info" : "IfStatement[2984-3037]:IfStatement[2984-3037]"
  }, {
    "left" : "{}",
    "right" : "{}",
    "info" : "Block[3001-3037]:Block[3001-3037]"
  }, {
    "left" : "return true;",
    "right" : "return true;",
    "info" : "ReturnStatement[3015-3027]:ReturnStatement[3015-3027]"
  }, {
    "left" : "if (!(obj instanceof ShapeList))",
    "right" : "if (!(obj instanceof ShapeList))",
    "info" : "IfStatement[3046-3116]:IfStatement[3046-3116]"
  }, {
    "left" : "{}",
    "right" : "{}",
    "info" : "Block[3079-3116]:Block[3079-3116]"
  }, {
    "left" : "return false;",
    "right" : "return false;",
    "info" : "ReturnStatement[3093-3106]:ReturnStatement[3093-3106]"
  }, {
    "left" : "return super.equals(obj);",
    "right" : "return true;",
    "info" : "ReturnStatement[3125-3150]:ReturnStatement[3372-3384]"
  }, {
    "left" : "public",
    "right" : "public",
    "info" : "Modifier[3263-3269]:Modifier[3497-3503]"
  }, {
    "left" : "int",
    "right" : "int",
    "info" : "PrimitiveType[3270-3273]:PrimitiveType[3504-3507]"
  }, {
    "left" : "hashCode",
    "right" : "hashCode",
    "info" : "SimpleName[3274-3282]:SimpleName[3508-3516]"
  }, {
    "left" : "{}",
    "right" : "{}",
    "info" : "Block[3285-3325]:Block[3519-3559]"
  }, {
    "left" : "return super.hashCode();",
    "right" : "return super.hashCode();",
    "info" : "ReturnStatement[3295-3319]:ReturnStatement[3529-3553]"
  }, {
    "left" : "private",
    "right" : "private",
    "info" : "Modifier[3495-3502]:Modifier[3729-3736]"
  }, {
    "left" : "void",
    "right" : "void",
    "info" : "PrimitiveType[3503-3507]:PrimitiveType[3737-3741]"
  }, {
    "left" : "writeObject",
    "right" : "writeObject",
    "info" : "SimpleName[3508-3519]:SimpleName[3742-3753]"
  }, {
    "left" : "ObjectOutputStream stream",
    "right" : "ObjectOutputStream stream",
    "info" : "SingleVariableDeclaration[3520-3545]:SingleVariableDeclaration[3754-3779]"
  }, {
    "left" : "IOException",
    "right" : "IOException",
    "info" : "SimpleType[3554-3565]:SimpleType[3788-3799]"
  }, {
    "left" : "{}",
    "right" : "{}",
    "info" : "Block[3566-3975]:Block[3800-4209]"
  }, {
    "left" : "stream.defaultWriteObject();",
    "right" : "stream.defaultWriteObject();",
    "info" : "ExpressionStatement[3577-3605]:ExpressionStatement[3811-3839]"
  }, {
    "left" : "int count = size();",
    "right" : "int count = size();",
    "info" : "VariableDeclarationStatement[3614-3633]:VariableDeclarationStatement[3848-3867]"
  }, {
    "left" : "stream.writeInt(count);",
    "right" : "stream.writeInt(count);",
    "info" : "ExpressionStatement[3642-3665]:ExpressionStatement[3876-3899]"
  }, {
    "left" : "for (int i = 0; i < count; i++)",
    "right" : "for (int i = 0; i < count; i++)",
    "info" : "ForStatement[3674-3968]:ForStatement[3908-4202]"
  }, {
    "left" : "{}",
    "right" : "{}",
    "info" : "Block[3706-3968]:Block[3940-4202]"
  }, {
    "left" : "Shape shape = getShape(i);",
    "right" : "Shape shape = getShape(i);",
    "info" : "VariableDeclarationStatement[3720-3746]:VariableDeclarationStatement[3954-3980]"
  }, {
    "left" : "if (shape != null)",
    "right" : "if (shape != null)",
    "info" : "IfStatement[3759-3958]:IfStatement[3993-4192]"
  }, {
    "left" : "{}",
    "right" : "{}",
    "info" : "Block[3778-3888]:Block[4012-4122]"
  }, {
    "left" : "stream.writeInt(i);",
    "right" : "stream.writeInt(i);",
    "info" : "ExpressionStatement[3796-3815]:ExpressionStatement[4030-4049]"
  }, {
    "left" : "SerialUtilities.writeShape(shape, stream);",
    "right" : "SerialUtilities.writeShape(shape, stream);",
    "info" : "ExpressionStatement[3832-3874]:ExpressionStatement[4066-4108]"
  }, {
    "left" : "{}",
    "right" : "{}",
    "info" : "Block[3906-3958]:Block[4140-4192]"
  }, {
    "left" : "stream.writeInt(-1);",
    "right" : "stream.writeInt(-1);",
    "info" : "ExpressionStatement[3924-3944]:ExpressionStatement[4158-4178]"
  }, {
    "left" : "private",
    "right" : "private",
    "info" : "Modifier[4216-4223]:Modifier[4450-4457]"
  }, {
    "left" : "void",
    "right" : "void",
    "info" : "PrimitiveType[4224-4228]:PrimitiveType[4458-4462]"
  }, {
    "left" : "readObject",
    "right" : "readObject",
    "info" : "SimpleName[4229-4239]:SimpleName[4463-4473]"
  }, {
    "left" : "ObjectInputStream stream",
    "right" : "ObjectInputStream stream",
    "info" : "SingleVariableDeclaration[4240-4264]:SingleVariableDeclaration[4474-4498]"
  }, {
    "left" : "IOException",
    "right" : "IOException",
    "info" : "SimpleType[4273-4284]:SimpleType[4507-4518]"
  }, {
    "left" : "ClassNotFoundException",
    "right" : "ClassNotFoundException",
    "info" : "SimpleType[4298-4320]:SimpleType[4532-4554]"
  }, {
    "left" : "{}",
    "right" : "{}",
    "info" : "Block[4321-4611]:Block[4555-4845]"
  }, {
    "left" : "stream.defaultReadObject();",
    "right" : "stream.defaultReadObject();",
    "info" : "ExpressionStatement[4332-4359]:ExpressionStatement[4566-4593]"
  }, {
    "left" : "int count = stream.readInt();",
    "right" : "int count = stream.readInt();",
    "info" : "VariableDeclarationStatement[4368-4397]:VariableDeclarationStatement[4602-4631]"
  }, {
    "left" : "for (int i = 0; i < count; i++)",
    "right" : "for (int i = 0; i < count; i++)",
    "info" : "ForStatement[4406-4604]:ForStatement[4640-4838]"
  }, {
    "left" : "{}",
    "right" : "{}",
    "info" : "Block[4438-4604]:Block[4672-4838]"
  }, {
    "left" : "int index = stream.readInt();",
    "right" : "int index = stream.readInt();",
    "info" : "VariableDeclarationStatement[4452-4481]:VariableDeclarationStatement[4686-4715]"
  }, {
    "left" : "if (index != -1)",
    "right" : "if (index != -1)",
    "info" : "IfStatement[4494-4594]:IfStatement[4728-4828]"
  }, {
    "left" : "{}",
    "right" : "{}",
    "info" : "Block[4511-4594]:Block[4745-4828]"
  }, {
    "left" : "setShape(index, SerialUtilities.readShape(stream));",
    "right" : "setShape(index, SerialUtilities.readShape(stream));",
    "info" : "ExpressionStatement[4529-4580]:ExpressionStatement[4763-4814]"
  } ]
}