{
  "matchedElements" : [
 {
    "left" : "class : TypeDeserializerBase",
    "right" : "class : TypeDeserializerBase",
    "info" : "TypeDeclaration[779-11601]:TypeDeclaration[779-11674]"
  }, {
    "left" : "serialVersionUID",
    "right" : "serialVersionUID",
    "info" : "FieldDeclaration[967-1014]:FieldDeclaration[967-1014]"
  }, {
    "left" : "_idResolver",
    "right" : "_idResolver",
    "info" : "FieldDeclaration[1024-1067]:FieldDeclaration[1024-1067]"
  }, {
    "left" : "_baseType",
    "right" : "_baseType",
    "info" : "FieldDeclaration[1077-1112]:FieldDeclaration[1077-1112]"
  }, {
    "left" : "_property",
    "right" : "_property",
    "info" : "FieldDeclaration[1118-1428]:FieldDeclaration[1118-1428]"
  }, {
    "left" : "_defaultImpl",
    "right" : "_defaultImpl",
    "info" : "FieldDeclaration[1434-1591]:FieldDeclaration[1434-1591]"
  }, {
    "left" : "_typePropertyName",
    "right" : "_typePropertyName",
    "info" : "FieldDeclaration[1597-1791]:FieldDeclaration[1597-1791]"
  }, {
    "left" : "_typeIdVisible",
    "right" : "_typeIdVisible",
    "info" : "FieldDeclaration[1801-1840]:FieldDeclaration[1801-1840]"
  }, {
    "left" : "_deserializers",
    "right" : "_deserializers",
    "info" : "FieldDeclaration[1850-2054]:FieldDeclaration[1850-2054]"
  }, {
    "left" : "_defaultImplDeserializer",
    "right" : "_defaultImplDeserializer",
    "info" : "FieldDeclaration[2060-2120]:FieldDeclaration[2060-2120]"
  }, {
    "left" : "protected TypeDeserializerBase(baseType , idRes , typePropertyName , typeIdVisible boolean, defaultImpl )",
    "right" : "protected TypeDeserializerBase(baseType , idRes , typePropertyName , typeIdVisible boolean, defaultImpl )",
    "info" : "MethodDeclaration[2288-2959]:MethodDeclaration[2288-2959]"
  }, {
    "left" : "protected TypeDeserializerBase(src , property )",
    "right" : "protected TypeDeserializerBase(src , property )",
    "info" : "MethodDeclaration[2965-3407]:MethodDeclaration[2965-3407]"
  }, {
    "left" : "public abstract forProperty(prop ) : ",
    "right" : "public abstract forProperty(prop ) : ",
    "info" : "MethodDeclaration[3413-3491]:MethodDeclaration[3413-3491]"
  }, {
    "left" : "public abstract getTypeInclusion() : ",
    "right" : "public abstract getTypeInclusion() : ",
    "info" : "MethodDeclaration[3662-3727]:MethodDeclaration[3662-3727]"
  }, {
    "left" : "public baseTypeName() : ",
    "right" : "public baseTypeName() : ",
    "info" : "MethodDeclaration[3733-3807]:MethodDeclaration[3733-3807]"
  }, {
    "left" : "public getPropertyName() : ",
    "right" : "public getPropertyName() : ",
    "info" : "MethodDeclaration[3813-3894]:MethodDeclaration[3813-3894]"
  }, {
    "left" : "public getTypeIdResolver() : ",
    "right" : "public getTypeIdResolver() : ",
    "info" : "MethodDeclaration[3904-3987]:MethodDeclaration[3904-3987]"
  }, {
    "left" : "public getDefaultImpl() : ",
    "right" : "public getDefaultImpl() : ",
    "info" : "MethodDeclaration[3993-4126]:MethodDeclaration[3993-4126]"
  }, {
    "left" : "public toString() : ",
    "right" : "public toString() : ",
    "info" : "MethodDeclaration[4136-4454]:MethodDeclaration[4136-4454]"
  }, {
    "left" : "protected _findDeserializer(ctxt , typeId ) : ",
    "right" : "protected _findDeserializer(ctxt , typeId ) : ",
    "info" : "MethodDeclaration[4646-7753]:MethodDeclaration[4646-7826]"
  }, {
    "left" : "protected _findDefaultImplDeserializer(ctxt ) : ",
    "right" : "protected _findDefaultImplDeserializer(ctxt ) : ",
    "info" : "MethodDeclaration[7759-8813]:MethodDeclaration[7832-8886]"
  }, {
    "left" : "protected _deserializeWithNativeTypeId(jp , ctxt ) : ",
    "right" : "protected _deserializeWithNativeTypeId(jp , ctxt ) : ",
    "info" : "MethodDeclaration[8819-9250]:MethodDeclaration[8892-9323]"
  }, {
    "left" : "protected _deserializeWithNativeTypeId(jp , ctxt , typeId ) : ",
    "right" : "protected _deserializeWithNativeTypeId(jp , ctxt , typeId ) : ",
    "info" : "MethodDeclaration[9256-10318]:MethodDeclaration[9329-10391]"
  }, {
    "left" : "protected _handleUnknownTypeId(ctxt , typeId , idResolver , baseType ) : ",
    "right" : "protected _handleUnknownTypeId(ctxt , typeId , idResolver , baseType ) : ",
    "info" : "MethodDeclaration[10324-11599]:MethodDeclaration[10397-11672]"
  } ],
  "mappings" : [
 {
    "left" : "public",
    "right" : "public",
    "info" : "Modifier[853-859]:Modifier[853-859]"
  }, {
    "left" : "abstract",
    "right" : "abstract",
    "info" : "Modifier[860-868]:Modifier[860-868]"
  }, {
    "left" : "class",
    "right" : "class",
    "info" : "TYPE_DECLARATION_KIND[869-874]:TYPE_DECLARATION_KIND[869-874]"
  }, {
    "left" : "protected",
    "right" : "protected",
    "info" : "Modifier[2322-2331]:Modifier[2322-2331]"
  }, {
    "left" : "TypeDeserializerBase",
    "right" : "TypeDeserializerBase",
    "info" : "SimpleName[2332-2352]:SimpleName[2332-2352]"
  }, {
    "left" : "JavaType baseType",
    "right" : "JavaType baseType",
    "info" : "SingleVariableDeclaration[2353-2370]:SingleVariableDeclaration[2353-2370]"
  }, {
    "left" : "TypeIdResolver idRes",
    "right" : "TypeIdResolver idRes",
    "info" : "SingleVariableDeclaration[2372-2392]:SingleVariableDeclaration[2372-2392]"
  }, {
    "left" : "String typePropertyName",
    "right" : "String typePropertyName",
    "info" : "SingleVariableDeclaration[2406-2429]:SingleVariableDeclaration[2406-2429]"
  }, {
    "left" : "boolean typeIdVisible",
    "right" : "boolean typeIdVisible",
    "info" : "SingleVariableDeclaration[2431-2452]:SingleVariableDeclaration[2431-2452]"
  }, {
    "left" : "JavaType defaultImpl",
    "right" : "JavaType defaultImpl",
    "info" : "SingleVariableDeclaration[2454-2474]:SingleVariableDeclaration[2454-2474]"
  }, {
    "left" : "{}",
    "right" : "{}",
    "info" : "Block[2480-2959]:Block[2480-2959]"
  }, {
    "left" : "_baseType = baseType;",
    "right" : "_baseType = baseType;",
    "info" : "ExpressionStatement[2490-2511]:ExpressionStatement[2490-2511]"
  }, {
    "left" : "_idResolver = idRes;",
    "right" : "_idResolver = idRes;",
    "info" : "ExpressionStatement[2520-2540]:ExpressionStatement[2520-2540]"
  }, {
    "left" : "_typePropertyName = (typePropertyName == null) ? \"\" : typePropertyName;",
    "right" : "_typePropertyName = (typePropertyName == null) ? \"\" : typePropertyName;",
    "info" : "ExpressionStatement[2613-2684]:ExpressionStatement[2613-2684]"
  }, {
    "left" : "_typeIdVisible = typeIdVisible;",
    "right" : "_typeIdVisible = typeIdVisible;",
    "info" : "ExpressionStatement[2693-2724]:ExpressionStatement[2693-2724]"
  }, {
    "left" : "_deserializers = new ConcurrentHashMap<String, JsonDeserializer<Object>>(16, 0.75f, 2);",
    "right" : "_deserializers = new ConcurrentHashMap<String, JsonDeserializer<Object>>(16, 0.75f, 2);",
    "info" : "ExpressionStatement[2804-2891]:ExpressionStatement[2804-2891]"
  }, {
    "left" : "_defaultImpl = defaultImpl;",
    "right" : "_defaultImpl = defaultImpl;",
    "info" : "ExpressionStatement[2900-2927]:ExpressionStatement[2900-2927]"
  }, {
    "left" : "_property = null;",
    "right" : "_property = null;",
    "info" : "ExpressionStatement[2936-2953]:ExpressionStatement[2936-2953]"
  }, {
    "left" : "protected",
    "right" : "protected",
    "info" : "Modifier[2965-2974]:Modifier[2965-2974]"
  }, {
    "left" : "TypeDeserializerBase",
    "right" : "TypeDeserializerBase",
    "info" : "SimpleName[2975-2995]:SimpleName[2975-2995]"
  }, {
    "left" : "TypeDeserializerBase src",
    "right" : "TypeDeserializerBase src",
    "info" : "SingleVariableDeclaration[2996-3020]:SingleVariableDeclaration[2996-3020]"
  }, {
    "left" : "BeanProperty property",
    "right" : "BeanProperty property",
    "info" : "SingleVariableDeclaration[3022-3043]:SingleVariableDeclaration[3022-3043]"
  }, {
    "left" : "{}",
    "right" : "{}",
    "info" : "Block[3049-3407]:Block[3049-3407]"
  }, {
    "left" : "_baseType = src._baseType;",
    "right" : "_baseType = src._baseType;",
    "info" : "ExpressionStatement[3059-3085]:ExpressionStatement[3059-3085]"
  }, {
    "left" : "_idResolver = src._idResolver;",
    "right" : "_idResolver = src._idResolver;",
    "info" : "ExpressionStatement[3094-3124]:ExpressionStatement[3094-3124]"
  }, {
    "left" : "_typePropertyName = src._typePropertyName;",
    "right" : "_typePropertyName = src._typePropertyName;",
    "info" : "ExpressionStatement[3133-3175]:ExpressionStatement[3133-3175]"
  }, {
    "left" : "_typeIdVisible = src._typeIdVisible;",
    "right" : "_typeIdVisible = src._typeIdVisible;",
    "info" : "ExpressionStatement[3184-3220]:ExpressionStatement[3184-3220]"
  }, {
    "left" : "_deserializers = src._deserializers;",
    "right" : "_deserializers = src._deserializers;",
    "info" : "ExpressionStatement[3229-3265]:ExpressionStatement[3229-3265]"
  }, {
    "left" : "_defaultImpl = src._defaultImpl;",
    "right" : "_defaultImpl = src._defaultImpl;",
    "info" : "ExpressionStatement[3274-3306]:ExpressionStatement[3274-3306]"
  }, {
    "left" : "_defaultImplDeserializer = src._defaultImplDeserializer;",
    "right" : "_defaultImplDeserializer = src._defaultImplDeserializer;",
    "info" : "ExpressionStatement[3315-3371]:ExpressionStatement[3315-3371]"
  }, {
    "left" : "_property = property;",
    "right" : "_property = property;",
    "info" : "ExpressionStatement[3380-3401]:ExpressionStatement[3380-3401]"
  }, {
    "left" : "@Override",
    "right" : "@Override",
    "info" : "MarkerAnnotation[3413-3422]:MarkerAnnotation[3413-3422]"
  }, {
    "left" : "public",
    "right" : "public",
    "info" : "Modifier[3427-3433]:Modifier[3427-3433]"
  }, {
    "left" : "abstract",
    "right" : "abstract",
    "info" : "Modifier[3434-3442]:Modifier[3434-3442]"
  }, {
    "left" : "TypeDeserializer",
    "right" : "TypeDeserializer",
    "info" : "SimpleType[3443-3459]:SimpleType[3443-3459]"
  }, {
    "left" : "forProperty",
    "right" : "forProperty",
    "info" : "SimpleName[3460-3471]:SimpleName[3460-3471]"
  }, {
    "left" : "BeanProperty prop",
    "right" : "BeanProperty prop",
    "info" : "SingleVariableDeclaration[3472-3489]:SingleVariableDeclaration[3472-3489]"
  }, {
    "left" : "@Override",
    "right" : "@Override",
    "info" : "MarkerAnnotation[3662-3671]:MarkerAnnotation[3662-3671]"
  }, {
    "left" : "public",
    "right" : "public",
    "info" : "Modifier[3676-3682]:Modifier[3676-3682]"
  }, {
    "left" : "abstract",
    "right" : "abstract",
    "info" : "Modifier[3683-3691]:Modifier[3683-3691]"
  }, {
    "left" : "JsonTypeInfo.As",
    "right" : "JsonTypeInfo.As",
    "info" : "SimpleType[3692-3707]:SimpleType[3692-3707]"
  }, {
    "left" : "getTypeInclusion",
    "right" : "getTypeInclusion",
    "info" : "SimpleName[3708-3724]:SimpleName[3708-3724]"
  }, {
    "left" : "public",
    "right" : "public",
    "info" : "Modifier[3733-3739]:Modifier[3733-3739]"
  }, {
    "left" : "String",
    "right" : "String",
    "info" : "SimpleType[3740-3746]:SimpleType[3740-3746]"
  }, {
    "left" : "baseTypeName",
    "right" : "baseTypeName",
    "info" : "SimpleName[3747-3759]:SimpleName[3747-3759]"
  }, {
    "left" : "{}",
    "right" : "{}",
    "info" : "Block[3762-3807]:Block[3762-3807]"
  }, {
    "left" : "return _baseType.getRawClass().getName();",
    "right" : "return _baseType.getRawClass().getName();",
    "info" : "ReturnStatement[3764-3805]:ReturnStatement[3764-3805]"
  }, {
    "left" : "@Override",
    "right" : "@Override",
    "info" : "MarkerAnnotation[3813-3822]:MarkerAnnotation[3813-3822]"
  }, {
    "left" : "public",
    "right" : "public",
    "info" : "Modifier[3827-3833]:Modifier[3827-3833]"
  }, {
    "left" : "final",
    "right" : "final",
    "info" : "Modifier[3834-3839]:Modifier[3834-3839]"
  }, {
    "left" : "String",
    "right" : "String",
    "info" : "SimpleType[3840-3846]:SimpleType[3840-3846]"
  }, {
    "left" : "getPropertyName",
    "right" : "getPropertyName",
    "info" : "SimpleName[3847-3862]:SimpleName[3847-3862]"
  }, {
    "left" : "{}",
    "right" : "{}",
    "info" : "Block[3865-3894]:Block[3865-3894]"
  }, {
    "left" : "return _typePropertyName;",
    "right" : "return _typePropertyName;",
    "info" : "ReturnStatement[3867-3892]:ReturnStatement[3867-3892]"
  }, {
    "left" : "@Override",
    "right" : "@Override",
    "info" : "MarkerAnnotation[3904-3913]:MarkerAnnotation[3904-3913]"
  }, {
    "left" : "public",
    "right" : "public",
    "info" : "Modifier[3922-3928]:Modifier[3922-3928]"
  }, {
    "left" : "TypeIdResolver",
    "right" : "TypeIdResolver",
    "info" : "SimpleType[3929-3943]:SimpleType[3929-3943]"
  }, {
    "left" : "getTypeIdResolver",
    "right" : "getTypeIdResolver",
    "info" : "SimpleName[3944-3961]:SimpleName[3944-3961]"
  }, {
    "left" : "{}",
    "right" : "{}",
    "info" : "Block[3964-3987]:Block[3964-3987]"
  }, {
    "left" : "return _idResolver;",
    "right" : "return _idResolver;",
    "info" : "ReturnStatement[3966-3985]:ReturnStatement[3966-3985]"
  }, {
    "left" : "@Override",
    "right" : "@Override",
    "info" : "MarkerAnnotation[3993-4002]:MarkerAnnotation[3993-4002]"
  }, {
    "left" : "public",
    "right" : "public",
    "info" : "Modifier[4011-4017]:Modifier[4011-4017]"
  }, {
    "left" : "Class<?>",
    "right" : "Class<?>",
    "info" : "ParameterizedType[4018-4026]:ParameterizedType[4018-4026]"
  }, {
    "left" : "getDefaultImpl",
    "right" : "getDefaultImpl",
    "info" : "SimpleName[4027-4041]:SimpleName[4027-4041]"
  }, {
    "left" : "{}",
    "right" : "{}",
    "info" : "Block[4044-4126]:Block[4044-4126]"
  }, {
    "left" : "return (_defaultImpl == null) ? null : _defaultImpl.getRawClass();",
    "right" : "return (_defaultImpl == null) ? null : _defaultImpl.getRawClass();",
    "info" : "ReturnStatement[4054-4120]:ReturnStatement[4054-4120]"
  }, {
    "left" : "@Override",
    "right" : "@Override",
    "info" : "MarkerAnnotation[4136-4145]:MarkerAnnotation[4136-4145]"
  }, {
    "left" : "public",
    "right" : "public",
    "info" : "Modifier[4150-4156]:Modifier[4150-4156]"
  }, {
    "left" : "String",
    "right" : "String",
    "info" : "SimpleType[4157-4163]:SimpleType[4157-4163]"
  }, {
    "left" : "toString",
    "right" : "toString",
    "info" : "SimpleName[4164-4172]:SimpleName[4164-4172]"
  }, {
    "left" : "{}",
    "right" : "{}",
    "info" : "Block[4179-4454]:Block[4179-4454]"
  }, {
    "left" : "StringBuilder sb = new StringBuilder();",
    "right" : "StringBuilder sb = new StringBuilder();",
    "info" : "VariableDeclarationStatement[4189-4228]:VariableDeclarationStatement[4189-4228]"
  }, {
    "left" : "sb.append('[').append(getClass().getName());",
    "right" : "sb.append('[').append(getClass().getName());",
    "info" : "ExpressionStatement[4237-4281]:ExpressionStatement[4237-4281]"
  }, {
    "left" : "sb.append(\"; base-type:\").append(_baseType);",
    "right" : "sb.append(\"; base-type:\").append(_baseType);",
    "info" : "ExpressionStatement[4290-4334]:ExpressionStatement[4290-4334]"
  }, {
    "left" : "sb.append(\"; id-resolver: \").append(_idResolver);",
    "right" : "sb.append(\"; id-resolver: \").append(_idResolver);",
    "info" : "ExpressionStatement[4343-4392]:ExpressionStatement[4343-4392]"
  }, {
    "left" : "sb.append(']');",
    "right" : "sb.append(']');",
    "info" : "ExpressionStatement[4402-4417]:ExpressionStatement[4402-4417]"
  }, {
    "left" : "return sb.toString();",
    "right" : "return sb.toString();",
    "info" : "ReturnStatement[4427-4448]:ReturnStatement[4427-4448]"
  }, {
    "left" : "protected",
    "right" : "protected",
    "info" : "Modifier[4646-4655]:Modifier[4646-4655]"
  }, {
    "left" : "final",
    "right" : "final",
    "info" : "Modifier[4656-4661]:Modifier[4656-4661]"
  }, {
    "left" : "JsonDeserializer<Object>",
    "right" : "JsonDeserializer<Object>",
    "info" : "ParameterizedType[4662-4686]:ParameterizedType[4662-4686]"
  }, {
    "left" : "_findDeserializer",
    "right" : "_findDeserializer",
    "info" : "SimpleName[4687-4704]:SimpleName[4687-4704]"
  }, {
    "left" : "DeserializationContext ctxt",
    "right" : "DeserializationContext ctxt",
    "info" : "SingleVariableDeclaration[4705-4732]:SingleVariableDeclaration[4705-4732]"
  }, {
    "left" : "String typeId",
    "right" : "String typeId",
    "info" : "SingleVariableDeclaration[4746-4759]:SingleVariableDeclaration[4746-4759]"
  }, {
    "left" : "IOException",
    "right" : "IOException",
    "info" : "SimpleType[4768-4779]:SimpleType[4768-4779]"
  }, {
    "left" : "{}",
    "right" : "{}",
    "info" : "Block[4784-7753]:Block[4784-7826]"
  }, {
    "left" : "JsonDeserializer<Object> deser = _deserializers.get(typeId);",
    "right" : "JsonDeserializer<Object> deser = _deserializers.get(typeId);",
    "info" : "VariableDeclarationStatement[4794-4854]:VariableDeclarationStatement[4794-4854]"
  }, {
    "left" : "if (deser == null)",
    "right" : "if (deser == null)",
    "info" : "IfStatement[4863-7725]:IfStatement[4863-7798]"
  }, {
    "left" : "{}",
    "right" : "{}",
    "info" : "Block[4882-7725]:Block[4882-7798]"
  }, {
    "left" : "JavaType type = _idResolver.typeFromId(ctxt, typeId);",
    "right" : "JavaType type = _idResolver.typeFromId(ctxt, typeId);",
    "info" : "VariableDeclarationStatement[5217-5270]:VariableDeclarationStatement[5217-5270]"
  }, {
    "left" : "if (type == null)",
    "right" : "if (type == null)",
    "info" : "IfStatement[5283-7668]:IfStatement[5283-7741]"
  }, {
    "left" : "{}",
    "right" : "{}",
    "info" : "Block[5301-6027]:Block[5301-6027]"
  }, {
    "left" : "deser = _findDefaultImplDeserializer(ctxt);",
    "right" : "deser = _findDefaultImplDeserializer(ctxt);",
    "info" : "ExpressionStatement[5406-5449]:ExpressionStatement[5406-5449]"
  }, {
    "left" : "if (deser == null)",
    "right" : "if (deser == null)",
    "info" : "IfStatement[5466-6013]:IfStatement[5466-6013]"
  }, {
    "left" : "{}",
    "right" : "{}",
    "info" : "Block[5485-6013]:Block[5485-6013]"
  }, {
    "left" : "JavaType actual = _handleUnknownTypeId(ctxt, typeId, _idResolver, _baseType);",
    "right" : "JavaType actual = _handleUnknownTypeId(ctxt, typeId, _idResolver, _baseType);",
    "info" : "VariableDeclarationStatement[5573-5650]:VariableDeclarationStatement[5573-5650]"
  }, {
    "left" : "if (actual == null)",
    "right" : "if (actual == null)",
    "info" : "IfStatement[5671-5857]:IfStatement[5671-5857]"
  }, {
    "left" : "{}",
    "right" : "{}",
    "info" : "Block[5691-5857]:Block[5691-5857]"
  }, {
    "left" : "return null;",
    "right" : "return null;",
    "info" : "ReturnStatement[5823-5835]:ReturnStatement[5823-5835]"
  }, {
    "left" : "deser = ctxt.findContextualValueDeserializer(actual, _property);",
    "right" : "deser = ctxt.findContextualValueDeserializer(actual, _property);",
    "info" : "ExpressionStatement[5931-5995]:ExpressionStatement[5931-5995]"
  }, {
    "left" : "{}",
    "right" : "{}",
    "info" : "Block[6033-7668]:Block[6033-7741]"
  }, {
    "left" : "if ((_baseType != null)\n                        && _baseType.getClass() == type.getClass())",
    "right" : "if ((_baseType != null)\n                        && _baseType.getClass() == type.getClass())",
    "info" : "IfStatement[6668-7575]:IfStatement[6668-7648]"
  }, {
    "left" : "{}",
    "right" : "{}",
    "info" : "Block[6760-7575]:Block[7497-7630]"
  }, {
    "left" : "type = ctxt.getTypeFactory().constructSpecializedType(_baseType, type.getRawClass());",
    "right" : "type = ctxt.getTypeFactory().constructSpecializedType(_baseType, type.getRawClass());",
    "info" : "ExpressionStatement[7472-7557]:ExpressionStatement[7523-7608]"
  }, {
    "left" : "deser = ctxt.findContextualValueDeserializer(type, _property);",
    "right" : "deser = ctxt.findContextualValueDeserializer(type, _property);",
    "info" : "ExpressionStatement[7592-7654]:ExpressionStatement[7665-7727]"
  }, {
    "left" : "_deserializers.put(typeId, deser);",
    "right" : "_deserializers.put(typeId, deser);",
    "info" : "ExpressionStatement[7681-7715]:ExpressionStatement[7754-7788]"
  }, {
    "left" : "return deser;",
    "right" : "return deser;",
    "info" : "ReturnStatement[7734-7747]:ReturnStatement[7807-7820]"
  }, {
    "left" : "protected",
    "right" : "protected",
    "info" : "Modifier[7759-7768]:Modifier[7832-7841]"
  }, {
    "left" : "final",
    "right" : "final",
    "info" : "Modifier[7769-7774]:Modifier[7842-7847]"
  }, {
    "left" : "JsonDeserializer<Object>",
    "right" : "JsonDeserializer<Object>",
    "info" : "ParameterizedType[7775-7799]:ParameterizedType[7848-7872]"
  }, {
    "left" : "_findDefaultImplDeserializer",
    "right" : "_findDefaultImplDeserializer",
    "info" : "SimpleName[7800-7828]:SimpleName[7873-7901]"
  }, {
    "left" : "DeserializationContext ctxt",
    "right" : "DeserializationContext ctxt",
    "info" : "SingleVariableDeclaration[7829-7856]:SingleVariableDeclaration[7902-7929]"
  }, {
    "left" : "IOException",
    "right" : "IOException",
    "info" : "SimpleType[7865-7876]:SimpleType[7938-7949]"
  }, {
    "left" : "{}",
    "right" : "{}",
    "info" : "Block[7881-8813]:Block[7954-8886]"
  }, {
    "left" : "if (_defaultImpl == null)",
    "right" : "if (_defaultImpl == null)",
    "info" : "IfStatement[8137-8352]:IfStatement[8210-8425]"
  }, {
    "left" : "{}",
    "right" : "{}",
    "info" : "Block[8163-8352]:Block[8236-8425]"
  }, {
    "left" : "if (!ctxt.isEnabled(DeserializationFeature.FAIL_ON_INVALID_SUBTYPE))",
    "right" : "if (!ctxt.isEnabled(DeserializationFeature.FAIL_ON_INVALID_SUBTYPE))",
    "info" : "IfStatement[8177-8317]:IfStatement[8250-8390]"
  }, {
    "left" : "{}",
    "right" : "{}",
    "info" : "Block[8246-8317]:Block[8319-8390]"
  }, {
    "left" : "return NullifyingDeserializer.instance;",
    "right" : "return NullifyingDeserializer.instance;",
    "info" : "ReturnStatement[8264-8303]:ReturnStatement[8337-8376]"
  }, {
    "left" : "return null;",
    "right" : "return null;",
    "info" : "ReturnStatement[8330-8342]:ReturnStatement[8403-8415]"
  }, {
    "left" : "Class<?> raw = _defaultImpl.getRawClass();",
    "right" : "Class<?> raw = _defaultImpl.getRawClass();",
    "info" : "VariableDeclarationStatement[8361-8403]:VariableDeclarationStatement[8434-8476]"
  }, {
    "left" : "if (ClassUtil.isBogusClass(raw))",
    "right" : "if (ClassUtil.isBogusClass(raw))",
    "info" : "IfStatement[8412-8508]:IfStatement[8485-8581]"
  }, {
    "left" : "{}",
    "right" : "{}",
    "info" : "Block[8445-8508]:Block[8518-8581]"
  }, {
    "left" : "return NullifyingDeserializer.instance;",
    "right" : "return NullifyingDeserializer.instance;",
    "info" : "ReturnStatement[8459-8498]:ReturnStatement[8532-8571]"
  }, {
    "left" : "synchronized (_defaultImpl) {\n            if (_defaultImplDeserializer == null) {\n                _defaultImplDeserializer = ctxt.findContextualValueDeserializer(\n                        _defaultImpl, _property);\n            }\n            return _defaultImplDeserializer;\n        }",
    "right" : "synchronized (_defaultImpl) {\n            if (_defaultImplDeserializer == null) {\n                _defaultImplDeserializer = ctxt.findContextualValueDeserializer(\n                        _defaultImpl, _property);\n            }\n            return _defaultImplDeserializer;\n        }",
    "info" : "SynchronizedStatement[8526-8807]:SynchronizedStatement[8599-8880]"
  }, {
    "left" : "{}",
    "right" : "{}",
    "info" : "Block[8554-8807]:Block[8627-8880]"
  }, {
    "left" : "if (_defaultImplDeserializer == null)",
    "right" : "if (_defaultImplDeserializer == null)",
    "info" : "IfStatement[8568-8752]:IfStatement[8641-8825]"
  }, {
    "left" : "{}",
    "right" : "{}",
    "info" : "Block[8606-8752]:Block[8679-8825]"
  }, {
    "left" : "_defaultImplDeserializer = ctxt.findContextualValueDeserializer(\n                        _defaultImpl, _property);",
    "right" : "_defaultImplDeserializer = ctxt.findContextualValueDeserializer(\n                        _defaultImpl, _property);",
    "info" : "ExpressionStatement[8624-8738]:ExpressionStatement[8697-8811]"
  }, {
    "left" : "return _defaultImplDeserializer;",
    "right" : "return _defaultImplDeserializer;",
    "info" : "ReturnStatement[8765-8797]:ReturnStatement[8838-8870]"
  }, {
    "left" : "@Deprecated",
    "right" : "@Deprecated",
    "info" : "MarkerAnnotation[9047-9058]:MarkerAnnotation[9120-9131]"
  }, {
    "left" : "protected",
    "right" : "protected",
    "info" : "Modifier[9063-9072]:Modifier[9136-9145]"
  }, {
    "left" : "Object",
    "right" : "Object",
    "info" : "SimpleType[9073-9079]:SimpleType[9146-9152]"
  }, {
    "left" : "_deserializeWithNativeTypeId",
    "right" : "_deserializeWithNativeTypeId",
    "info" : "SimpleName[9080-9108]:SimpleName[9153-9181]"
  }, {
    "left" : "JsonParser jp",
    "right" : "JsonParser jp",
    "info" : "SingleVariableDeclaration[9109-9122]:SingleVariableDeclaration[9182-9195]"
  }, {
    "left" : "DeserializationContext ctxt",
    "right" : "DeserializationContext ctxt",
    "info" : "SingleVariableDeclaration[9124-9151]:SingleVariableDeclaration[9197-9224]"
  }, {
    "left" : "IOException",
    "right" : "IOException",
    "info" : "SimpleType[9160-9171]:SimpleType[9233-9244]"
  }, {
    "left" : "{}",
    "right" : "{}",
    "info" : "Block[9172-9250]:Block[9245-9323]"
  }, {
    "left" : "return _deserializeWithNativeTypeId(jp, ctxt, jp.getTypeId());",
    "right" : "return _deserializeWithNativeTypeId(jp, ctxt, jp.getTypeId());",
    "info" : "ReturnStatement[9182-9244]:ReturnStatement[9255-9317]"
  }, {
    "left" : "protected",
    "right" : "protected",
    "info" : "Modifier[9443-9452]:Modifier[9516-9525]"
  }, {
    "left" : "Object",
    "right" : "Object",
    "info" : "SimpleType[9453-9459]:SimpleType[9526-9532]"
  }, {
    "left" : "_deserializeWithNativeTypeId",
    "right" : "_deserializeWithNativeTypeId",
    "info" : "SimpleName[9460-9488]:SimpleName[9533-9561]"
  }, {
    "left" : "JsonParser jp",
    "right" : "JsonParser jp",
    "info" : "SingleVariableDeclaration[9489-9502]:SingleVariableDeclaration[9562-9575]"
  }, {
    "left" : "DeserializationContext ctxt",
    "right" : "DeserializationContext ctxt",
    "info" : "SingleVariableDeclaration[9504-9531]:SingleVariableDeclaration[9577-9604]"
  }, {
    "left" : "Object typeId",
    "right" : "Object typeId",
    "info" : "SingleVariableDeclaration[9533-9546]:SingleVariableDeclaration[9606-9619]"
  }, {
    "left" : "IOException",
    "right" : "IOException",
    "info" : "SimpleType[9563-9574]:SimpleType[9636-9647]"
  }, {
    "left" : "{}",
    "right" : "{}",
    "info" : "Block[9579-10318]:Block[9652-10391]"
  }, {
    "left" : "JsonDeserializer<Object> deser;",
    "right" : "JsonDeserializer<Object> deser;",
    "info" : "VariableDeclarationStatement[9589-9620]:VariableDeclarationStatement[9662-9693]"
  }, {
    "left" : "if (typeId == null)",
    "right" : "if (typeId == null)",
    "info" : "IfStatement[9629-10268]:IfStatement[9702-10341]"
  }, {
    "left" : "{}",
    "right" : "{}",
    "info" : "Block[9649-10093]:Block[9722-10166]"
  }, {
    "left" : "deser = _findDefaultImplDeserializer(ctxt);",
    "right" : "deser = _findDefaultImplDeserializer(ctxt);",
    "info" : "ExpressionStatement[9838-9881]:ExpressionStatement[9911-9954]"
  }, {
    "left" : "if (deser == null)",
    "right" : "if (deser == null)",
    "info" : "IfStatement[9894-10083]:IfStatement[9967-10156]"
  }, {
    "left" : "{}",
    "right" : "{}",
    "info" : "Block[9913-10083]:Block[9986-10156]"
  }, {
    "left" : "ctxt.reportMappingException(\"No (native) type id found when one was expected for polymorphic type handling\");",
    "right" : "ctxt.reportMappingException(\"No (native) type id found when one was expected for polymorphic type handling\");",
    "info" : "ExpressionStatement[9931-10040]:ExpressionStatement[10004-10113]"
  }, {
    "left" : "return null;",
    "right" : "return null;",
    "info" : "ReturnStatement[10057-10069]:ReturnStatement[10130-10142]"
  }, {
    "left" : "{}",
    "right" : "{}",
    "info" : "Block[10099-10268]:Block[10172-10341]"
  }, {
    "left" : "String typeIdStr = (typeId instanceof String) ? (String) typeId : String.valueOf(typeId);",
    "right" : "String typeIdStr = (typeId instanceof String) ? (String) typeId : String.valueOf(typeId);",
    "info" : "VariableDeclarationStatement[10113-10202]:VariableDeclarationStatement[10186-10275]"
  }, {
    "left" : "deser = _findDeserializer(ctxt, typeIdStr);",
    "right" : "deser = _findDeserializer(ctxt, typeIdStr);",
    "info" : "ExpressionStatement[10215-10258]:ExpressionStatement[10288-10331]"
  }, {
    "left" : "return deser.deserialize(jp, ctxt);",
    "right" : "return deser.deserialize(jp, ctxt);",
    "info" : "ReturnStatement[10277-10312]:ReturnStatement[10350-10385]"
  }, {
    "left" : "protected",
    "right" : "protected",
    "info" : "Modifier[10909-10918]:Modifier[10982-10991]"
  }, {
    "left" : "JavaType",
    "right" : "JavaType",
    "info" : "SimpleType[10919-10927]:SimpleType[10992-11000]"
  }, {
    "left" : "_handleUnknownTypeId",
    "right" : "_handleUnknownTypeId",
    "info" : "SimpleName[10928-10948]:SimpleName[11001-11021]"
  }, {
    "left" : "DeserializationContext ctxt",
    "right" : "DeserializationContext ctxt",
    "info" : "SingleVariableDeclaration[10949-10976]:SingleVariableDeclaration[11022-11049]"
  }, {
    "left" : "String typeId",
    "right" : "String typeId",
    "info" : "SingleVariableDeclaration[10978-10991]:SingleVariableDeclaration[11051-11064]"
  }, {
    "left" : "TypeIdResolver idResolver",
    "right" : "TypeIdResolver idResolver",
    "info" : "SingleVariableDeclaration[11005-11030]:SingleVariableDeclaration[11078-11103]"
  }, {
    "left" : "JavaType baseType",
    "right" : "JavaType baseType",
    "info" : "SingleVariableDeclaration[11032-11049]:SingleVariableDeclaration[11105-11122]"
  }, {
    "left" : "IOException",
    "right" : "IOException",
    "info" : "SimpleType[11066-11077]:SimpleType[11139-11150]"
  }, {
    "left" : "{}",
    "right" : "{}",
    "info" : "Block[11082-11599]:Block[11155-11672]"
  }, {
    "left" : "String extraDesc;",
    "right" : "String extraDesc;",
    "info" : "VariableDeclarationStatement[11092-11109]:VariableDeclarationStatement[11165-11182]"
  }, {
    "left" : "if (idResolver instanceof TypeIdResolverBase)",
    "right" : "if (idResolver instanceof TypeIdResolverBase)",
    "info" : "IfStatement[11118-11510]:IfStatement[11191-11583]"
  }, {
    "left" : "{}",
    "right" : "{}",
    "info" : "Block[11164-11463]:Block[11237-11536]"
  }, {
    "left" : "extraDesc = ((TypeIdResolverBase) idResolver).getDescForKnownTypeIds();",
    "right" : "extraDesc = ((TypeIdResolverBase) idResolver).getDescForKnownTypeIds();",
    "info" : "ExpressionStatement[11178-11249]:ExpressionStatement[11251-11322]"
  }, {
    "left" : "if (extraDesc == null)",
    "right" : "if (extraDesc == null)",
    "info" : "IfStatement[11262-11453]:IfStatement[11335-11526]"
  }, {
    "left" : "{}",
    "right" : "{}",
    "info" : "Block[11285-11371]:Block[11358-11444]"
  }, {
    "left" : "extraDesc = \"known type ids are not statically known\";",
    "right" : "extraDesc = \"known type ids are not statically known\";",
    "info" : "ExpressionStatement[11303-11357]:ExpressionStatement[11376-11430]"
  }, {
    "left" : "{}",
    "right" : "{}",
    "info" : "Block[11377-11453]:Block[11450-11526]"
  }, {
    "left" : "extraDesc = \"known type ids = \" + extraDesc;",
    "right" : "extraDesc = \"known type ids = \" + extraDesc;",
    "info" : "ExpressionStatement[11395-11439]:ExpressionStatement[11468-11512]"
  }, {
    "left" : "{}",
    "right" : "{}",
    "info" : "Block[11469-11510]:Block[11542-11583]"
  }, {
    "left" : "extraDesc = null;",
    "right" : "extraDesc = null;",
    "info" : "ExpressionStatement[11483-11500]:ExpressionStatement[11556-11573]"
  }, {
    "left" : "return ctxt.handleUnknownTypeId(_baseType, typeId, idResolver, extraDesc);",
    "right" : "return ctxt.handleUnknownTypeId(_baseType, typeId, idResolver, extraDesc);",
    "info" : "ReturnStatement[11519-11593]:ReturnStatement[11592-11666]"
  } ]
}