url,RMD,GTG,GTS,IJM,MTD,GT2
Chart/commit/1,115.25,118.75,69.00,159.25,789.75,144.75
Chart/commit/10,0.75,3.75,1.25,1.25,2.75,3.75
Chart/commit/11,22.25,34.75,14.00,30.75,89.50,24.50
Chart/commit/12,22.50,17.25,7.50,26.00,59.00,29.25
Chart/commit/13,22.75,155.00,8.25,16.25,100.25,16.50
Chart/commit/14,691.00,136.75,104.50,165.25,5728.00,311.00
Chart/commit/15,190.25,52.50,33.50,47.25,1100.25,119.75
Chart/commit/16,21.50,151.00,8.25,16.75,87.25,22.75
Chart/commit/17,25.25,8.75,9.25,14.25,120.50,19.25
Chart/commit/18,25.25,21.00,11.50,16.75,74.50,23.00
Chart/commit/19,237.25,45.50,42.75,76.75,1891.50,133.50
Chart/commit/2,127.00,531.25,35.75,51.75,764.25,64.50
Chart/commit/20,2.50,62.50,1.25,2.00,4.00,2.25
Chart/commit/21,17.00,62.00,7.00,10.75,72.25,16.25
Chart/commit/22,15.75,46.25,8.75,11.00,42.25,11.25
Chart/commit/23,21.00,8.00,11.25,17.75,69.50,26.25
Chart/commit/24,5.00,88.75,2.75,3.25,3.75,3.00
Chart/commit/25,22.50,882.75,10.75,18.00,131.50,30.75
Chart/commit/26,57.25,814.00,13.75,26.25,227.50,40.75
Chart/commit/3,32.75,23.50,11.00,17.50,176.00,24.00
Chart/commit/4,621.75,389.75,65.75,102.50,4638.25,195.50
Chart/commit/5,16.25,30.50,7.00,10.00,56.25,13.50
Chart/commit/6,3.00,106.00,1.50,2.75,4.25,2.75
Chart/commit/7,15.25,110.00,6.50,10.50,40.50,12.50
Chart/commit/8,15.25,7.75,7.00,10.00,45.25,12.50
Chart/commit/9,24.75,26.25,9.50,14.25,119.75,19.50
Cli/commit/1,10.25,479.75,3.50,5.50,18.50,11.25
Cli/commit/10,9.00,4.00,3.50,7.00,19.75,7.50
Cli/commit/11,21.75,14.00,7.75,12.75,101.75,15.75
Cli/commit/12,3.00,279.00,1.50,3.00,4.75,2.75
Cli/commit/13,15.75,687.00,7.75,14.00,38.50,17.50
Cli/commit/14,17.25,27.75,5.50,9.50,39.75,15.00
Cli/commit/15,11.75,11.50,4.00,7.25,20.25,11.00
Cli/commit/16,29.25,555.00,11.50,19.50,69.00,28.00
Cli/commit/17,6.00,963.50,3.75,4.25,12.50,5.25
Cli/commit/18,7.75,1000.50,4.00,5.75,17.00,6.75
Cli/commit/19,10.00,1087.75,4.75,6.75,19.00,6.25
Cli/commit/2,9.00,1057.00,3.00,5.00,12.75,8.00
Cli/commit/20,9.50,1127.25,3.75,5.75,14.25,6.75
Cli/commit/21,37.25,123.00,15.00,28.00,87.50,35.00
Cli/commit/22,9.00,983.75,3.25,6.00,23.00,6.25
Cli/commit/23,29.50,38.50,12.25,15.50,122.00,21.25
Cli/commit/24,34.50,40.00,11.00,19.75,145.25,19.50
Cli/commit/25,27.25,45.75,12.25,14.50,109.75,18.25
Cli/commit/26,5.75,575.00,3.25,4.00,11.75,4.75
Cli/commit/27,3.00,128.00,1.75,2.75,4.50,3.00
Cli/commit/28,11.00,59.00,4.00,7.25,26.50,13.25
Cli/commit/29,3.75,37.75,1.00,1.50,2.50,2.00
Cli/commit/3,5.25,265.00,2.50,7.00,7.00,7.00
Cli/commit/30,39.50,126.25,14.75,19.25,85.00,23.00
Cli/commit/31,54.50,623.75,21.00,31.00,182.25,37.75
Cli/commit/32,39.00,38.75,16.25,21.25,166.00,29.00
Cli/commit/33,29.00,16.25,14.75,21.75,145.25,19.50
Cli/commit/34,19.00,682.50,18.00,20.50,67.75,20.25
Cli/commit/35,8.50,876.50,5.00,6.00,16.75,9.25
Cli/commit/36,11.50,922.00,5.25,8.00,20.75,10.00
Cli/commit/37,24.25,8.50,9.50,13.75,75.00,14.75
Cli/commit/38,29.25,11.75,11.25,13.25,82.00,22.75
Cli/commit/39,5.50,411.75,2.50,4.25,8.75,5.00
Cli/commit/4,9.75,9.75,3.75,5.25,18.00,7.00
Cli/commit/40,7.00,535.25,5.00,8.75,11.25,5.75
Cli/commit/5,1.75,49.75,1.00,2.00,2.00,1.25
Cli/commit/7,7.50,326.50,3.00,13.75,13.00,11.50
Cli/commit/8,21.25,29.25,8.75,13.50,105.25,17.00
Cli/commit/9,10.50,15.00,4.50,6.00,21.00,8.00
Closure/commit/1,46.75,38.75,13.50,19.75,176.50,30.00
Closure/commit/10,229.75,61.75,40.00,100.00,1452.50,109.75
Closure/commit/100,4.25,253.50,2.00,3.50,6.00,3.50
Closure/commit/101,12.75,12.25,5.25,8.50,41.50,13.25
Closure/commit/102,26.50,16.00,8.50,13.00,61.50,19.50
Closure/commit/103,112.75,530.25,33.25,58.75,459.50,92.50
Closure/commit/104,27.25,32.75,11.00,16.25,65.00,19.25
Closure/commit/105,153.50,295.25,39.75,65.50,788.25,58.75
Closure/commit/106,87.00,256.75,29.50,39.75,297.25,55.75
Closure/commit/107,31.25,46.00,10.50,16.75,155.75,31.50
Closure/commit/108,28.25,922.75,9.75,25.00,119.25,23.50
Closure/commit/109,174.00,27.25,26.25,52.25,796.25,56.50
Closure/commit/11,110.25,36.75,26.25,45.00,634.00,61.25
Closure/commit/110,179.50,618.75,57.50,77.75,863.75,76.50
Closure/commit/111,14.50,655.25,4.00,7.00,23.25,14.25
Closure/commit/112,104.25,52.00,31.50,58.25,568.75,89.50
Closure/commit/113,70.25,83.00,14.75,22.25,286.00,36.50
Closure/commit/114,102.00,154.50,22.00,37.75,600.50,70.25
Closure/commit/115,50.50,87.00,11.75,32.50,151.25,33.75
Closure/commit/116,38.00,65.50,10.00,19.50,114.25,20.25
Closure/commit/117,41.75,59.25,11.00,20.25,155.75,38.50
Closure/commit/118,76.00,377.50,17.50,40.00,317.00,58.25
Closure/commit/119,88.75,263.75,23.75,54.75,417.50,62.50
Closure/commit/12,12.50,1055.25,5.75,6.25,23.50,10.75
Closure/commit/120,30.25,203.00,10.75,24.25,98.50,30.50
Closure/commit/121,45.00,248.00,15.75,35.00,160.25,27.50
Closure/commit/122,91.25,25.50,26.25,40.75,473.75,115.75
Closure/commit/123,132.75,30.75,28.00,74.50,396.00,65.75
Closure/commit/124,10.50,582.00,2.75,5.25,9.25,5.25
Closure/commit/125,183.25,57.25,41.25,83.75,785.00,96.25
Closure/commit/126,11.75,1456.50,6.50,10.25,32.50,10.75
Closure/commit/127,20.75,1006.75,5.00,9.75,30.75,11.25
Closure/commit/128,149.75,24.75,28.25,44.75,327.25,43.50
Closure/commit/129,5.75,580.50,3.75,6.50,11.00,4.50
Closure/commit/13,6.00,367.00,3.25,6.75,8.00,4.50
Closure/commit/130,50.00,53.50,18.75,24.75,196.00,48.75
Closure/commit/131,55.50,14.25,4.50,14.50,34.75,10.75
Closure/commit/132,138.25,184.75,31.50,50.25,564.50,58.00
Closure/commit/133,289.75,28.50,30.25,68.25,848.50,93.50
Closure/commit/134,121.50,242.00,30.00,62.50,571.00,167.00
Closure/commit/135,44.50,29.75,14.75,34.75,153.00,40.00
Closure/commit/136,34.00,1080.50,11.75,28.50,74.00,27.25
Closure/commit/137,248.00,128.75,47.75,112.50,713.50,177.25
Closure/commit/138,127.50,1434.50,25.25,48.75,356.75,92.25
Closure/commit/139,34.75,754.00,16.25,28.00,119.00,33.75
Closure/commit/14,58.25,142.25,16.25,25.75,188.50,31.50
Closure/commit/140,86.25,35.00,22.25,48.50,444.25,46.25
Closure/commit/141,128.75,57.25,37.25,60.25,525.00,59.75
Closure/commit/142,158.50,162.75,29.75,54.75,580.00,70.50
Closure/commit/143,58.50,396.00,16.75,29.50,219.50,35.00
Closure/commit/144,133.75,617.75,42.00,81.75,692.00,142.75
Closure/commit/145,96.75,19.00,21.75,28.00,188.75,32.50
Closure/commit/146,28.25,18.25,9.75,12.75,111.50,20.75
Closure/commit/147,21.00,560.25,8.50,13.25,46.50,18.50
Closure/commit/148,264.50,249.75,22.75,41.25,274.50,49.75
Closure/commit/149,237.50,157.25,66.00,109.75,970.25,124.00
Closure/commit/15,24.25,29.25,5.75,8.75,47.50,19.75
Closure/commit/150,71.25,79.25,20.50,31.25,452.00,100.25
Closure/commit/151,17.00,822.25,9.00,21.50,74.25,20.25
Closure/commit/152,34.75,45.75,10.75,19.00,128.00,22.00
Closure/commit/154,151.25,306.25,38.25,69.50,668.75,92.00
Closure/commit/155,138.75,266.25,26.00,49.50,255.00,64.75
Closure/commit/156,125.75,136.25,12.75,18.25,133.00,27.25
Closure/commit/157,268.50,231.75,55.75,112.75,889.75,178.75
Closure/commit/158,366.50,758.50,36.00,82.25,902.50,85.00
Closure/commit/159,43.50,15.75,11.50,17.00,162.00,24.75
Closure/commit/16,20.00,32.25,7.25,14.25,65.75,17.00
Closure/commit/160,123.00,54.25,25.50,47.75,602.75,68.00
Closure/commit/161,83.50,40.50,15.75,39.50,313.50,38.00
Closure/commit/164,7.75,727.75,3.50,6.25,12.50,5.75
Closure/commit/165,113.50,1196.25,39.25,54.50,531.00,84.00
Closure/commit/166,14.50,6.50,6.00,13.75,43.50,12.00
Closure/commit/167,77.00,120.25,27.75,35.50,252.25,52.50
Closure/commit/168,112.00,207.00,37.50,42.75,794.00,150.25
Closure/commit/169,191.50,2278.25,48.50,81.00,500.00,91.50
Closure/commit/17,141.25,409.00,34.25,65.75,1097.25,149.75
Closure/commit/170,25.25,340.25,6.00,10.75,53.00,17.25
Closure/commit/171,242.50,222.50,65.00,117.00,1660.25,235.00
Closure/commit/172,115.25,95.50,37.50,75.50,1221.25,157.50
Closure/commit/173,149.50,53.00,27.75,56.50,411.50,52.75
Closure/commit/175,44.50,56.75,10.25,16.75,117.25,23.00
Closure/commit/18,136.25,237.75,35.25,68.25,891.50,85.00
Closure/commit/19,19.00,17.25,6.50,9.75,61.50,25.50
Closure/commit/2,118.25,63.25,29.00,42.75,619.00,53.50
Closure/commit/20,101.00,40.25,37.75,45.25,453.00,40.00
Closure/commit/21,17.00,578.75,2.75,4.75,11.50,7.25
Closure/commit/22,11.00,662.00,3.00,5.50,12.75,5.75
Closure/commit/23,77.75,43.00,16.00,29.50,334.25,31.25
Closure/commit/24,16.25,41.25,5.50,11.00,50.50,11.50
Closure/commit/25,96.50,53.25,28.75,47.00,488.25,76.25
Closure/commit/26,9.75,214.00,5.50,9.00,27.25,8.75
Closure/commit/27,76.00,27.00,18.00,30.00,158.25,45.00
Closure/commit/28,2.25,119.50,1.75,4.00,9.25,2.75
Closure/commit/29,27.75,199.50,13.25,39.50,111.00,25.50
Closure/commit/3,37.00,474.00,11.00,18.50,67.00,25.75
Closure/commit/30,46.50,46.25,17.50,27.50,108.00,38.25
Closure/commit/31,219.50,437.75,40.50,74.00,1038.00,112.75
Closure/commit/32,207.50,230.75,31.75,68.00,672.75,62.00
Closure/commit/33,18.75,13.50,6.50,19.00,52.50,19.25
Closure/commit/34,135.50,165.50,32.25,73.25,377.75,53.00
Closure/commit/35,101.00,34.00,21.50,56.00,415.00,63.50
Closure/commit/36,28.00,50.50,11.00,21.75,130.25,23.00
Closure/commit/37,89.00,123.00,27.25,59.00,517.75,107.00
Closure/commit/38,6.25,491.50,3.50,5.50,11.00,8.50
Closure/commit/39,16.00,82.50,6.25,12.00,43.75,12.00
Closure/commit/4,10.00,12.75,3.75,6.50,22.75,7.75
Closure/commit/40,142.75,282.50,27.25,53.25,774.50,86.50
Closure/commit/41,59.25,414.50,20.00,35.00,173.50,51.00
Closure/commit/42,66.25,17.00,19.50,47.75,432.00,94.25
Closure/commit/43,132.50,103.00,36.50,87.25,1036.25,158.00
Closure/commit/44,9.50,463.25,3.25,7.75,12.75,5.50
Closure/commit/45,39.00,268.00,11.25,22.50,179.50,39.25
Closure/commit/46,10.00,1050.50,4.50,7.50,18.00,9.75
Closure/commit/47,47.25,468.00,16.75,25.00,115.25,29.25
Closure/commit/48,157.75,374.00,31.75,67.25,1037.25,162.50
Closure/commit/49,18.25,58.00,8.50,11.25,52.25,15.75
Closure/commit/5,20.75,154.50,7.00,15.25,67.00,22.25
Closure/commit/50,36.25,379.75,11.75,29.00,111.25,29.00
Closure/commit/51,6.50,445.25,3.00,5.50,11.25,5.00
Closure/commit/52,168.25,22.50,24.00,59.00,327.75,45.50
Closure/commit/53,18.75,131.50,7.25,23.50,68.75,18.50
Closure/commit/54,147.50,380.25,55.00,99.25,1245.00,168.00
Closure/commit/55,13.25,4.00,5.00,6.00,39.25,9.75
Closure/commit/56,11.25,15.75,4.50,7.75,32.00,10.00
Closure/commit/57,13.00,20.00,4.50,9.00,27.75,10.50
Closure/commit/58,16.25,259.00,6.00,10.25,32.00,15.00
Closure/commit/59,141.50,80.75,31.00,61.00,615.50,84.00
Closure/commit/6,37.50,44.00,16.00,23.75,160.50,33.00
Closure/commit/60,191.50,96.25,39.50,100.50,1270.75,71.25
Closure/commit/61,265.50,152.25,41.50,137.25,1347.50,109.00
Closure/commit/62,6.50,569.75,2.75,6.25,16.00,5.50
Closure/commit/64,162.00,436.00,27.00,71.00,690.00,79.00
Closure/commit/65,101.00,204.50,15.25,46.75,255.75,27.50
Closure/commit/66,143.75,32.25,36.00,72.50,753.50,143.75
Closure/commit/67,60.00,31.50,16.25,42.00,198.50,46.25
Closure/commit/68,279.25,273.75,195.00,158.75,1362.00,139.75
Closure/commit/69,190.50,131.75,38.00,60.25,822.00,77.50
Closure/commit/7,43.25,97.50,13.50,21.25,110.25,42.50
Closure/commit/70,115.25,123.25,37.50,53.50,669.25,134.75
Closure/commit/71,29.50,351.50,8.75,13.75,77.00,19.50
Closure/commit/72,31.25,1076.25,15.25,22.00,66.00,28.75
Closure/commit/73,97.50,200.75,15.50,38.75,246.00,28.25
Closure/commit/74,118.00,275.25,21.00,55.50,560.75,52.25
Closure/commit/75,327.75,87.00,64.25,146.75,1693.00,165.50
Closure/commit/76,66.00,150.00,19.25,34.25,92.25,38.25
Closure/commit/77,133.25,225.50,18.25,54.00,293.75,32.50
Closure/commit/78,146.00,192.25,45.75,96.00,781.75,70.75
Closure/commit/79,56.75,1298.00,23.25,29.00,142.50,45.25
Closure/commit/8,8.25,808.75,7.00,6.75,14.00,8.50
Closure/commit/80,189.00,110.25,46.50,93.50,1133.75,75.00
Closure/commit/81,82.25,101.00,31.00,101.00,420.00,112.00
Closure/commit/82,41.25,11.00,15.75,15.00,136.50,30.25
Closure/commit/83,21.25,901.25,9.25,30.50,99.75,24.50
Closure/commit/84,82.75,48.00,27.25,92.25,417.25,116.00
Closure/commit/85,9.75,633.25,3.75,6.25,15.50,9.75
Closure/commit/86,167.00,96.00,39.75,64.75,794.00,75.50
Closure/commit/87,68.50,16.25,15.50,23.00,176.00,30.25
Closure/commit/88,17.00,21.25,5.25,12.50,32.75,16.00
Closure/commit/89,89.00,348.75,27.50,52.00,320.75,65.50
Closure/commit/9,16.25,342.25,4.75,11.25,41.25,10.50
Closure/commit/90,72.25,58.00,24.25,36.25,226.00,49.75
Closure/commit/91,11.00,491.50,5.75,5.25,8.50,4.50
Closure/commit/92,61.00,760.50,20.75,35.00,242.00,32.50
Closure/commit/94,150.00,52.25,38.00,72.50,717.50,72.50
Closure/commit/95,109.25,269.50,35.50,78.00,818.25,140.75
Closure/commit/96,117.00,71.50,30.50,65.50,586.25,64.00
Closure/commit/97,79.50,96.75,22.25,42.75,255.75,38.25
Closure/commit/98,16.00,163.25,6.25,12.75,56.25,15.00
Closure/commit/99,8.50,294.50,2.50,3.75,7.75,4.75
Codec/commit/1,30.50,795.00,9.75,21.00,55.00,17.50
Codec/commit/10,10.75,736.75,5.00,8.00,13.50,8.00
Codec/commit/12,3.00,123.25,1.75,2.75,4.25,3.25
Codec/commit/13,79.25,26.25,25.00,36.50,368.25,47.75
Codec/commit/14,74.50,773.00,21.75,35.50,220.00,49.25
Codec/commit/16,39.00,57.75,29.50,35.75,88.75,27.25
Codec/commit/17,7.00,6.25,3.75,4.50,24.75,8.00
Codec/commit/2,35.75,223.25,14.75,26.75,157.75,33.25
Codec/commit/3,70.25,342.00,19.50,36.25,340.75,36.75
Codec/commit/4,41.00,25.50,19.50,36.00,211.50,36.00
Codec/commit/5,32.75,103.25,14.50,31.00,175.50,27.50
Codec/commit/6,4.50,394.25,2.25,4.00,7.00,4.25
Codec/commit/7,106.75,51.25,44.75,67.00,487.50,84.25
Codec/commit/8,69.50,789.75,25.00,60.25,338.00,52.25
Codec/commit/9,53.25,28.00,19.50,27.25,206.00,35.50
Collections/commit/25,65.25,49.00,24.25,30.00,431.50,96.25
Collections/commit/26,7.25,1000.00,6.25,8.50,15.75,12.25
Collections/commit/27,24.25,12.75,9.75,15.75,85.75,26.00
Collections/commit/28,197.25,308.50,48.25,66.75,1194.00,80.75
Compress/commit/1,13.75,6.00,5.25,10.50,55.00,18.75
Compress/commit/10,29.00,121.75,10.50,16.75,124.50,24.00
Compress/commit/11,11.25,879.00,4.00,6.50,15.25,13.25
Compress/commit/12,20.75,58.50,7.50,14.25,47.00,13.75
Compress/commit/13,29.25,10.00,9.75,17.75,89.25,30.25
Compress/commit/14,14.75,53.00,8.50,21.25,42.25,12.75
Compress/commit/15,59.75,106.00,9.50,29.25,87.00,28.00
Compress/commit/16,7.00,714.50,3.25,6.25,12.00,10.25
Compress/commit/17,34.00,58.00,14.75,18.75,118.00,39.25
Compress/commit/18,23.00,61.25,12.25,21.75,74.50,22.50
Compress/commit/19,12.25,61.25,4.50,9.00,28.50,12.25
Compress/commit/2,8.25,317.25,2.75,6.50,12.00,5.75
Compress/commit/20,22.25,101.75,8.00,14.25,65.25,19.50
Compress/commit/21,72.00,30.25,25.25,43.50,248.75,43.00
Compress/commit/22,67.25,87.75,19.25,41.50,314.75,41.50
Compress/commit/23,24.00,13.75,7.50,10.00,37.50,18.75
Compress/commit/24,32.00,68.25,13.75,28.50,123.75,28.25
Compress/commit/25,70.50,26.00,21.00,36.25,300.25,57.50
Compress/commit/26,6.75,345.50,3.25,6.00,13.50,5.75
Compress/commit/27,37.25,59.50,16.75,28.75,121.00,29.00
Compress/commit/28,29.50,22.75,18.00,24.25,82.25,28.75
Compress/commit/29,203.00,567.75,77.75,137.25,661.75,175.25
Compress/commit/3,10.50,1095.00,6.00,9.75,21.00,8.50
Compress/commit/30,103.25,49.00,30.00,73.25,491.50,50.25
Compress/commit/31,24.75,47.00,9.00,23.50,97.00,25.25
Compress/commit/32,18.75,185.25,7.50,12.00,64.50,15.25
Compress/commit/33,16.50,1645.50,8.75,17.25,32.00,24.50
Compress/commit/34,7.75,685.75,4.00,5.50,17.50,13.00
Compress/commit/35,27.00,37.00,11.75,17.50,99.00,32.75
Compress/commit/36,54.00,19.75,16.75,33.25,274.00,34.75
Compress/commit/37,25.50,210.25,12.75,18.50,87.00,22.50
Compress/commit/38,48.00,21.00,21.25,34.00,236.50,43.75
Compress/commit/39,13.50,22.00,3.75,9.25,24.00,8.50
Compress/commit/4,80.25,1652.50,28.75,54.75,230.75,56.50
Compress/commit/40,9.50,196.50,2.25,4.50,5.00,10.25
Compress/commit/41,68.25,303.25,19.50,32.25,242.25,50.75
Compress/commit/42,29.25,13.25,12.00,22.25,118.50,22.50
Compress/commit/43,103.00,372.50,20.75,45.25,581.00,78.25
Compress/commit/44,1.75,36.00,0.75,1.50,2.75,1.75
Compress/commit/45,28.75,27.25,11.75,18.25,120.50,24.25
Compress/commit/46,20.25,9.75,8.75,17.25,68.00,23.75
Compress/commit/47,61.00,62.25,20.50,31.00,230.50,45.75
Compress/commit/5,12.50,113.50,4.25,8.00,25.50,9.00
Compress/commit/6,22.25,10.50,8.50,11.50,45.50,14.75
Compress/commit/7,8.75,824.50,4.00,11.00,17.00,14.75
Compress/commit/9,10.50,617.75,5.75,12.25,26.75,15.75
Csv/commit/1,3.50,177.00,2.00,3.00,7.75,3.75
Csv/commit/10,14.50,10.25,5.25,10.75,32.00,10.50
Csv/commit/11,15.25,105.75,9.75,11.50,57.75,15.75
Csv/commit/12,39.00,31.00,15.50,24.75,191.25,29.75
Csv/commit/13,53.50,33.25,17.75,34.00,251.75,38.00
Csv/commit/14,74.50,208.00,29.75,44.00,470.00,55.00
Csv/commit/15,74.50,173.00,26.75,42.75,522.25,52.50
Csv/commit/16,19.75,21.00,7.25,10.75,62.75,17.75
Csv/commit/2,7.50,205.50,3.50,3.75,11.75,6.75
Csv/commit/3,4.75,316.50,3.25,6.75,11.25,10.50
Csv/commit/4,23.00,7.25,5.50,7.75,46.00,12.75
Csv/commit/5,12.75,8.50,14.25,9.00,41.00,10.50
Csv/commit/6,4.00,283.50,2.50,3.50,8.25,4.25
Csv/commit/7,12.75,32.00,5.75,10.50,37.00,13.00
Csv/commit/8,46.00,87.75,19.25,26.00,223.50,45.75
Csv/commit/9,5.50,440.25,5.25,5.75,10.25,12.00
Gson/commit/1,7.75,921.75,7.75,8.00,18.00,10.25
Gson/commit/10,23.50,148.75,8.50,9.75,34.75,21.25
Gson/commit/11,89.00,37.25,23.50,34.50,369.50,62.00
Gson/commit/12,15.00,10.25,6.00,9.75,35.50,16.25
Gson/commit/13,124.00,232.75,25.00,58.25,556.25,72.25
Gson/commit/14,38.50,19.25,11.50,21.50,121.25,28.75
Gson/commit/15,14.00,8.25,6.25,8.75,49.75,13.25
Gson/commit/16,50.00,824.50,12.00,27.25,145.75,24.50
Gson/commit/17,7.50,495.50,3.50,8.00,13.75,6.75
Gson/commit/18,52.25,27.75,12.50,34.50,170.00,41.00
Gson/commit/2,63.50,52.75,15.50,29.75,282.50,39.75
Gson/commit/3,13.00,1680.25,6.50,10.25,24.50,16.00
Gson/commit/4,100.50,265.50,35.25,56.25,505.75,62.75
Gson/commit/5,16.25,1128.75,6.50,16.00,46.00,13.75
Gson/commit/6,2.25,126.00,4.00,2.75,3.75,3.00
Gson/commit/7,97.00,173.25,28.25,44.50,437.25,50.75
Gson/commit/8,18.75,274.25,2.50,4.25,8.00,3.75
Gson/commit/9,100.25,521.50,29.50,54.00,402.00,72.00
JacksonCore/commit/1,37.75,22.25,12.25,27.25,98.00,30.25
JacksonCore/commit/10,49.25,28.00,21.75,32.75,260.00,25.50
JacksonCore/commit/11,77.75,24.00,26.50,51.25,385.25,43.00
JacksonCore/commit/12,435.00,357.00,93.75,222.25,3245.00,214.50
JacksonCore/commit/13,2.75,164.50,2.25,3.00,4.75,4.00
JacksonCore/commit/14,9.25,502.75,3.00,7.50,15.00,10.25
JacksonCore/commit/15,61.50,583.00,15.50,34.25,156.75,33.00
JacksonCore/commit/17,123.00,54.75,34.50,60.25,727.25,63.50
JacksonCore/commit/18,302.25,64.50,64.00,131.25,1388.00,138.50
JacksonCore/commit/19,354.25,475.00,90.25,188.25,3226.25,186.25
JacksonCore/commit/2,284.75,905.00,63.75,138.50,1978.00,168.00
JacksonCore/commit/20,38.50,14.50,18.00,19.00,283.00,33.75
JacksonCore/commit/21,51.75,684.50,15.00,34.00,140.50,25.50
JacksonCore/commit/22,48.25,2404.00,20.00,41.25,326.25,32.75
JacksonCore/commit/23,9.75,3.50,3.75,11.75,33.00,13.50
JacksonCore/commit/25,184.75,80.00,45.50,81.25,1143.75,80.25
JacksonCore/commit/26,160.75,45.75,39.75,91.50,1390.50,96.25
JacksonCore/commit/3,160.00,38.50,38.00,81.00,1529.75,67.75
JacksonCore/commit/4,18.50,8.75,7.75,11.50,59.75,12.25
JacksonCore/commit/5,6.50,598.50,3.00,5.25,15.50,5.25
JacksonCore/commit/6,13.75,617.25,3.75,7.00,14.50,5.75
JacksonCore/commit/7,7.00,366.00,2.50,4.25,9.25,7.00
JacksonCore/commit/8,25.50,8.00,7.00,19.25,81.75,17.00
JacksonCore/commit/9,401.50,78.75,82.50,161.50,2718.00,165.25
JacksonDatabind/commit/1,23.25,54.25,8.75,14.75,89.00,22.50
JacksonDatabind/commit/10,51.75,390.25,11.50,28.00,122.50,36.00
JacksonDatabind/commit/100,19.00,7.00,7.25,15.25,34.25,13.00
JacksonDatabind/commit/101,56.00,454.50,12.75,29.50,196.50,27.75
JacksonDatabind/commit/102,7.75,908.50,4.25,9.25,17.00,14.00
JacksonDatabind/commit/103,586.00,1962.50,212.50,379.75,3044.25,459.50
JacksonDatabind/commit/104,22.50,51.00,8.75,14.50,101.25,15.75
JacksonDatabind/commit/105,1.75,44.25,0.50,2.25,2.00,1.75
JacksonDatabind/commit/106,8.00,4.25,3.00,6.00,17.25,6.50
JacksonDatabind/commit/107,6.25,867.00,3.25,5.25,13.75,9.25
JacksonDatabind/commit/108,67.00,30.75,23.75,29.50,480.25,47.00
JacksonDatabind/commit/109,9.00,982.50,5.50,8.25,21.50,18.25
JacksonDatabind/commit/11,45.00,19.50,15.75,20.50,202.50,29.25
JacksonDatabind/commit/110,6.00,705.75,2.75,4.25,13.00,6.50
JacksonDatabind/commit/111,27.25,2388.50,14.50,25.75,53.50,42.50
JacksonDatabind/commit/112,8.25,56.25,3.25,6.00,17.25,9.00
JacksonDatabind/commit/12,30.00,13.75,11.25,15.25,104.25,21.00
JacksonDatabind/commit/13,11.00,172.25,5.00,8.75,23.50,14.00
JacksonDatabind/commit/14,57.00,35.25,20.75,27.50,384.50,41.50
JacksonDatabind/commit/15,79.75,1571.25,31.00,46.00,275.00,81.00
JacksonDatabind/commit/16,3.25,119.25,1.50,2.50,4.50,2.50
JacksonDatabind/commit/17,143.00,85.75,45.00,50.00,1166.25,82.75
JacksonDatabind/commit/19,39.00,15.75,12.25,19.25,218.75,24.75
JacksonDatabind/commit/2,64.00,19.00,19.50,28.25,372.25,32.50
JacksonDatabind/commit/20,18.50,8.50,7.00,18.75,79.00,15.75
JacksonDatabind/commit/21,42.00,18.75,18.25,24.00,195.75,33.50
JacksonDatabind/commit/22,141.25,530.25,24.25,40.25,341.25,60.25
JacksonDatabind/commit/23,7.50,956.25,4.75,10.25,29.50,11.50
JacksonDatabind/commit/24,8.50,1317.75,3.75,6.50,18.25,11.50
JacksonDatabind/commit/25,123.50,1270.50,48.25,62.25,782.75,77.75
JacksonDatabind/commit/26,27.75,10.25,10.50,15.75,103.75,29.25
JacksonDatabind/commit/27,32.00,262.75,9.75,16.75,140.00,17.50
JacksonDatabind/commit/29,10.75,24.25,4.50,8.00,34.50,9.50
JacksonDatabind/commit/3,6.00,484.75,3.00,5.25,13.75,6.00
JacksonDatabind/commit/30,217.75,182.75,52.75,76.50,2019.75,114.25
JacksonDatabind/commit/31,95.00,37.00,26.75,32.75,427.00,63.00
JacksonDatabind/commit/32,25.50,404.75,9.50,16.25,109.25,23.50
JacksonDatabind/commit/33,38.75,32.25,14.50,23.75,208.50,29.75
JacksonDatabind/commit/34,3.00,101.50,1.00,2.25,3.75,3.50
JacksonDatabind/commit/35,3.50,233.50,1.75,3.25,5.00,4.00
JacksonDatabind/commit/36,20.50,11.75,7.75,11.50,53.75,13.25
JacksonDatabind/commit/37,5.75,679.00,3.00,5.00,12.50,5.25
JacksonDatabind/commit/38,17.75,1420.50,7.25,13.00,30.75,15.25
JacksonDatabind/commit/39,1.00,14.75,0.75,1.25,1.50,1.50
JacksonDatabind/commit/4,5.00,479.25,2.75,4.75,11.25,5.50
JacksonDatabind/commit/40,24.75,16.00,8.75,11.50,74.50,17.25
JacksonDatabind/commit/42,11.00,126.00,4.00,8.25,26.00,11.00
JacksonDatabind/commit/43,2.50,127.75,1.50,3.25,4.00,3.00
JacksonDatabind/commit/44,7.50,932.75,4.00,6.50,18.75,7.50
JacksonDatabind/commit/45,4.50,338.25,2.75,4.25,7.25,7.25
JacksonDatabind/commit/46,4.00,291.25,2.00,3.25,7.50,3.50
JacksonDatabind/commit/47,34.00,384.25,12.00,16.50,171.00,36.25
JacksonDatabind/commit/48,68.50,35.00,22.75,38.75,295.00,53.00
JacksonDatabind/commit/49,3.50,61.25,2.00,2.50,5.25,4.00
JacksonDatabind/commit/5,52.50,41.00,12.50,32.25,223.75,34.00
JacksonDatabind/commit/50,64.50,386.50,12.50,21.75,186.25,26.75
JacksonDatabind/commit/51,6.00,844.75,3.75,5.75,14.00,9.50
JacksonDatabind/commit/52,78.75,415.50,21.75,37.00,410.75,52.00
JacksonDatabind/commit/53,101.00,422.50,26.50,46.25,388.25,50.25
JacksonDatabind/commit/54,9.00,690.75,3.50,6.75,16.50,7.50
JacksonDatabind/commit/55,7.00,553.75,2.50,5.00,12.00,7.00
JacksonDatabind/commit/56,12.50,301.25,4.50,10.25,41.75,12.00
JacksonDatabind/commit/57,54.50,20.25,17.75,27.50,431.25,39.75
JacksonDatabind/commit/58,33.00,88.50,12.50,17.50,145.25,23.25
JacksonDatabind/commit/59,79.75,2050.75,28.25,43.75,353.00,56.00
JacksonDatabind/commit/60,13.50,60.00,5.50,36.00,34.75,21.25
JacksonDatabind/commit/61,213.50,581.50,41.50,54.75,1974.75,105.75
JacksonDatabind/commit/62,12.50,74.75,4.75,8.50,37.00,13.00
JacksonDatabind/commit/63,12.75,109.50,5.25,9.25,41.00,10.50
JacksonDatabind/commit/65,42.75,31.50,12.50,21.00,104.75,31.75
JacksonDatabind/commit/66,20.25,29.25,9.00,17.75,52.00,17.00
JacksonDatabind/commit/67,125.25,65.25,34.50,55.75,851.75,68.50
JacksonDatabind/commit/69,11.50,56.25,5.00,9.25,33.00,10.75
JacksonDatabind/commit/7,76.50,21.00,21.50,30.00,406.00,41.25
JacksonDatabind/commit/70,19.00,23.00,7.00,12.25,62.50,15.75
JacksonDatabind/commit/71,16.00,238.25,5.25,9.75,42.75,14.00
JacksonDatabind/commit/72,5.00,347.00,3.50,4.50,9.75,5.25
JacksonDatabind/commit/73,94.50,39.25,27.25,46.75,397.25,52.00
JacksonDatabind/commit/74,6.75,490.75,2.75,4.75,9.25,5.75
JacksonDatabind/commit/75,10.00,548.00,5.75,6.50,13.50,9.75
JacksonDatabind/commit/76,35.00,184.50,8.75,27.75,163.50,25.00
JacksonDatabind/commit/77,32.00,37.75,9.50,15.75,155.00,22.75
JacksonDatabind/commit/78,44.50,49.50,15.75,22.75,190.00,30.25
JacksonDatabind/commit/79,90.75,1052.50,35.75,57.00,477.50,82.75
JacksonDatabind/commit/8,13.50,20.25,4.75,8.50,28.50,12.00
JacksonDatabind/commit/80,19.75,140.50,6.75,12.75,48.25,12.25
JacksonDatabind/commit/81,87.75,843.00,20.75,35.00,480.50,54.00
JacksonDatabind/commit/82,51.25,572.75,13.50,25.75,174.50,29.50
JacksonDatabind/commit/83,10.75,59.00,4.00,7.50,24.00,11.25
JacksonDatabind/commit/84,2.75,108.00,1.25,2.75,4.00,2.00
JacksonDatabind/commit/86,2.50,108.25,1.25,2.75,4.00,2.00
JacksonDatabind/commit/87,22.00,700.00,9.00,23.25,73.25,20.25
JacksonDatabind/commit/88,5.25,358.50,3.00,4.50,6.75,4.75
JacksonDatabind/commit/89,44.25,27.50,18.50,30.25,172.00,27.50
JacksonDatabind/commit/90,23.50,1739.75,10.00,15.50,62.75,20.25
JacksonDatabind/commit/91,29.00,14.50,7.00,16.25,66.75,15.50
JacksonDatabind/commit/92,37.00,30.25,11.50,24.50,165.25,26.75
JacksonDatabind/commit/93,3.50,130.75,1.50,2.50,3.50,3.00
JacksonDatabind/commit/94,2.75,146.75,1.50,2.50,3.75,3.00
JacksonDatabind/commit/95,79.75,541.75,19.25,41.00,378.75,51.00
JacksonDatabind/commit/96,141.50,84.25,30.25,61.75,949.00,76.75
JacksonDatabind/commit/97,3.25,129.25,2.00,3.00,5.00,3.50
JacksonDatabind/commit/98,18.75,145.50,6.00,10.50,57.50,13.25
JacksonDatabind/commit/99,6.25,894.75,3.50,6.00,17.00,8.75
JacksonXml/commit/1,35.75,284.75,20.25,23.25,107.75,26.50
JacksonXml/commit/2,20.25,51.00,6.00,11.75,43.00,14.00
JacksonXml/commit/3,22.75,105.50,8.00,13.50,73.50,16.00
JacksonXml/commit/4,14.00,504.25,5.00,13.50,21.25,14.50
JacksonXml/commit/5,6.25,649.50,3.00,5.75,12.50,9.75
JacksonXml/commit/6,70.00,25.75,24.00,27.75,232.75,40.00
Jsoup/commit/1,4.50,257.50,4.00,3.75,8.00,4.00
Jsoup/commit/10,13.25,27.25,5.50,8.00,37.75,10.00
Jsoup/commit/11,16.00,133.25,6.00,10.00,46.50,11.50
Jsoup/commit/12,24.25,22.00,8.00,11.00,55.75,14.00
Jsoup/commit/13,33.25,12.75,10.25,13.00,81.50,19.00
Jsoup/commit/14,188.25,757.00,23.50,98.25,630.00,48.50
Jsoup/commit/15,359.25,39.25,38.00,123.50,1048.75,55.25
Jsoup/commit/16,2.50,32.00,1.25,2.00,2.25,1.75
Jsoup/commit/17,367.25,33.00,33.00,100.00,815.75,49.50
Jsoup/commit/18,8.50,509.50,3.75,5.00,12.75,5.75
Jsoup/commit/19,21.25,12.50,7.75,12.00,59.50,18.75
Jsoup/commit/2,12.50,74.25,5.50,16.75,37.25,9.00
Jsoup/commit/20,4.25,449.25,2.25,4.00,7.75,4.25
Jsoup/commit/23,20.00,1668.75,7.25,13.25,31.25,20.00
Jsoup/commit/24,191.25,69.50,33.00,86.75,664.50,47.50
Jsoup/commit/25,8.50,645.00,3.50,9.00,16.75,10.25
Jsoup/commit/26,4.25,325.75,2.00,3.00,6.00,3.25
Jsoup/commit/27,8.75,557.50,3.75,5.50,9.50,9.50
Jsoup/commit/28,37.50,2226.25,14.75,18.75,49.75,30.50
Jsoup/commit/29,11.00,4.75,4.25,6.00,22.25,7.75
Jsoup/commit/3,195.25,414.00,24.25,40.75,222.25,52.00
Jsoup/commit/31,184.50,760.75,26.25,81.75,649.00,58.00
Jsoup/commit/33,42.75,19.75,16.50,23.25,154.75,26.50
Jsoup/commit/34,13.75,27.75,4.00,12.75,27.50,10.25
Jsoup/commit/35,341.50,3537.75,35.00,115.50,1044.00,55.00
Jsoup/commit/36,7.75,954.25,4.00,8.75,22.00,7.50
Jsoup/commit/37,57.25,20.75,19.50,29.00,276.50,36.50
Jsoup/commit/38,389.25,5052.25,81.50,151.00,2778.75,88.50
Jsoup/commit/39,11.25,1118.75,4.00,6.50,19.75,8.50
Jsoup/commit/4,178.00,199.50,117.00,487.00,1026.50,186.25
Jsoup/commit/40,1.75,38.50,1.00,9.25,2.25,1.75
Jsoup/commit/41,48.00,18.25,17.00,25.50,255.25,32.25
Jsoup/commit/42,4.00,284.75,2.00,3.00,5.75,3.50
Jsoup/commit/43,65.50,26.00,26.25,32.25,309.00,45.50
Jsoup/commit/44,5.00,116.00,1.25,3.00,4.50,3.00
Jsoup/commit/45,33.50,159.75,10.00,18.50,139.75,18.25
Jsoup/commit/46,13.50,279.25,5.25,7.75,26.75,8.75
Jsoup/commit/47,17.50,300.75,5.50,13.75,28.00,9.25
Jsoup/commit/48,75.25,89.00,22.25,42.00,396.50,50.25
Jsoup/commit/49,29.00,11.25,7.75,15.00,98.75,16.75
Jsoup/commit/5,12.00,27.00,4.00,7.50,31.75,8.25
Jsoup/commit/50,12.00,129.75,3.75,8.00,20.00,9.00
Jsoup/commit/51,17.00,7.00,6.00,10.50,45.25,11.00
Jsoup/commit/52,27.00,616.75,10.50,16.75,46.50,23.50
Jsoup/commit/53,9.50,22.25,4.00,6.25,24.00,7.50
Jsoup/commit/54,7.75,742.00,4.25,7.50,17.00,10.25
Jsoup/commit/55,175.25,33.50,29.25,69.25,632.00,45.75
Jsoup/commit/56,545.00,746.25,70.00,179.75,1490.00,111.00
Jsoup/commit/57,11.00,8.00,4.00,9.75,36.25,10.25
Jsoup/commit/58,22.25,2697.75,12.75,21.75,43.00,19.25
Jsoup/commit/59,11.75,188.00,4.50,21.00,31.00,9.50
Jsoup/commit/6,158.50,191.25,125.25,320.75,1024.75,172.50
Jsoup/commit/60,24.75,29.75,9.25,15.50,66.25,17.75
Jsoup/commit/61,69.75,42.00,23.00,27.50,313.75,49.25
Jsoup/commit/62,335.50,43.00,32.25,86.25,870.50,60.00
Jsoup/commit/64,316.00,30.75,37.25,75.50,796.25,51.50
Jsoup/commit/65,347.50,429.00,42.75,116.75,1018.25,82.00
Jsoup/commit/66,61.75,25.25,20.25,35.00,363.25,46.00
Jsoup/commit/67,54.00,27.50,17.50,26.75,199.25,32.00
Jsoup/commit/68,37.25,18.50,12.50,27.75,176.00,30.50
Jsoup/commit/69,4.25,198.25,1.75,2.25,5.00,3.50
Jsoup/commit/7,7.75,888.00,5.75,6.75,16.25,6.75
Jsoup/commit/70,81.25,26.75,27.50,33.00,438.25,50.75
Jsoup/commit/71,64.50,2293.75,25.25,38.75,240.75,46.25
Jsoup/commit/72,16.00,20.00,6.00,15.00,52.25,11.75
Jsoup/commit/73,9.00,1009.50,4.00,27.00,18.75,11.75
Jsoup/commit/74,8.25,20.00,3.25,6.50,20.25,7.25
Jsoup/commit/75,19.75,23.75,8.25,11.00,49.25,14.25
Jsoup/commit/76,383.00,44.00,38.75,110.25,1801.00,65.00
Jsoup/commit/77,11.00,966.75,6.25,21.25,22.50,13.00
Jsoup/commit/78,27.25,208.00,8.50,34.75,49.00,22.00
Jsoup/commit/79,6.25,191.25,2.25,14.50,16.25,8.00
Jsoup/commit/8,31.50,13.75,8.00,19.00,109.50,18.25
Jsoup/commit/80,18.50,1176.50,13.00,19.75,27.25,9.50
Jsoup/commit/81,16.25,287.25,6.00,12.50,45.00,16.00
Jsoup/commit/82,17.00,248.00,6.00,10.50,35.00,14.25
Jsoup/commit/84,10.25,1198.25,5.00,9.50,18.75,15.00
Jsoup/commit/86,3.00,120.00,2.75,5.50,6.75,5.00
Jsoup/commit/87,747.00,12591.00,218.25,262.50,7824.50,265.00
Jsoup/commit/88,10.50,663.75,7.75,7.00,18.50,7.75
Jsoup/commit/89,6.25,546.75,3.25,4.75,13.50,5.25
Jsoup/commit/9,163.00,111.25,120.25,492.50,1055.00,153.00
Jsoup/commit/90,92.50,41.75,24.25,33.00,467.50,59.25
Jsoup/commit/91,31.75,10.25,8.75,19.25,76.50,15.50
Jsoup/commit/92,86.00,665.00,32.50,57.50,277.00,62.25
Jsoup/commit/93,3.75,296.25,1.75,3.25,5.00,3.50
JxPath/commit/1,79.25,277.50,29.00,63.25,334.00,71.75
JxPath/commit/10,3.75,118.25,1.50,2.50,4.25,3.75
JxPath/commit/11,12.25,765.50,5.50,20.50,20.50,12.25
JxPath/commit/12,32.75,78.00,9.75,23.75,134.50,28.00
JxPath/commit/14,44.75,20.25,17.25,27.75,146.25,30.00
JxPath/commit/15,5.25,89.75,1.50,4.25,3.00,7.75
JxPath/commit/16,81.00,140.50,24.00,39.50,285.00,61.25
JxPath/commit/18,6.00,73.00,2.00,8.75,4.50,5.50
JxPath/commit/19,95.00,47.50,25.00,43.00,302.00,60.25
JxPath/commit/2,4.00,175.50,2.50,5.25,6.00,4.75
JxPath/commit/20,6.50,270.25,3.00,5.75,7.25,4.75
JxPath/commit/21,6.75,494.25,3.00,4.75,13.75,6.25
JxPath/commit/22,37.75,34.50,14.75,20.50,147.50,29.50
JxPath/commit/3,10.00,703.75,4.25,9.00,17.25,10.75
JxPath/commit/5,18.00,16.75,9.25,14.75,66.00,16.00
JxPath/commit/6,5.25,217.00,2.00,3.25,5.75,4.00
JxPath/commit/7,104.00,44.50,8.50,16.75,12.50,14.50
JxPath/commit/8,3.50,194.25,3.25,13.00,7.75,8.50
Lang/commit/1,66.25,589.00,19.25,36.25,282.25,42.00
Lang/commit/10,47.25,35.75,16.50,37.25,209.25,42.50
Lang/commit/11,15.50,1552.00,5.00,9.25,20.00,11.00
Lang/commit/12,13.75,1563.00,8.75,11.25,29.50,8.00
Lang/commit/13,7.25,848.75,4.00,8.75,19.00,9.25
Lang/commit/14,606.75,246.25,108.00,98.25,5547.75,400.25
Lang/commit/15,42.25,62.25,11.75,21.25,157.00,24.00
Lang/commit/16,37.75,424.25,14.75,20.75,205.25,23.25
Lang/commit/17,3.25,159.00,1.75,2.50,4.50,3.25
Lang/commit/18,51.25,482.75,18.25,26.50,318.75,34.00
Lang/commit/19,7.25,249.75,2.50,3.75,5.00,3.25
Lang/commit/20,602.75,233.00,77.00,86.50,5333.75,382.50
Lang/commit/21,54.50,45.25,16.25,22.75,363.50,32.75
Lang/commit/22,27.25,25.00,9.25,14.00,114.00,16.75
Lang/commit/23,15.75,5.25,6.25,8.75,47.00,12.50
Lang/commit/24,46.75,136.00,14.75,20.75,216.25,27.75
Lang/commit/26,77.25,17.75,23.00,36.25,424.25,45.75
Lang/commit/27,43.50,440.25,16.00,28.00,233.00,37.25
Lang/commit/28,2.50,83.25,1.75,2.75,2.50,2.25
Lang/commit/29,41.25,27.25,21.75,23.75,282.50,37.00
Lang/commit/3,55.75,560.50,17.25,31.75,270.75,36.50
Lang/commit/30,355.50,241.00,133.75,122.50,3669.25,153.75
Lang/commit/31,279.25,65.50,52.25,66.50,3604.25,113.25
Lang/commit/32,23.25,14.50,12.25,14.00,98.75,19.75
Lang/commit/33,33.50,16.00,10.75,15.75,146.25,24.00
Lang/commit/34,76.75,18.75,17.25,26.75,482.00,44.50
Lang/commit/35,186.25,104.75,70.25,72.25,2336.50,95.50
Lang/commit/36,40.75,577.50,15.00,22.50,209.75,25.75
Lang/commit/37,205.00,61.50,70.00,78.50,2402.00,113.75
Lang/commit/38,77.75,26.25,24.25,27.50,419.75,41.25
Lang/commit/39,235.75,312.50,54.00,66.25,3222.75,129.75
Lang/commit/4,3.00,86.75,1.25,3.00,3.75,2.75
Lang/commit/40,262.50,86.25,83.25,71.50,3039.00,131.75
Lang/commit/41,29.25,26.25,11.00,15.50,146.50,24.50
Lang/commit/43,14.25,36.50,5.25,9.00,40.25,10.50
Lang/commit/44,20.25,389.75,7.25,13.00,52.00,14.00
Lang/commit/45,19.75,57.00,8.00,11.00,60.25,15.75
Lang/commit/46,36.25,258.25,8.25,13.00,78.75,15.75
Lang/commit/47,139.00,73.00,26.50,39.75,931.50,78.75
Lang/commit/48,29.50,136.00,9.50,18.75,128.75,27.50
Lang/commit/49,45.75,23.00,13.25,27.75,155.50,32.25
Lang/commit/50,105.75,102.00,31.25,45.25,492.00,56.75
Lang/commit/51,20.50,117.25,9.50,13.00,83.75,15.50
Lang/commit/52,14.00,213.25,6.00,8.00,44.75,11.25
Lang/commit/53,43.75,262.25,15.00,25.00,171.50,32.50
Lang/commit/54,8.50,577.50,3.25,6.00,16.25,8.50
Lang/commit/55,8.25,558.75,3.00,6.25,10.25,4.75
Lang/commit/56,92.00,21.75,20.50,33.25,405.75,47.75
Lang/commit/57,8.00,558.00,3.50,5.50,15.50,10.00
Lang/commit/58,54.75,564.00,18.50,33.25,285.50,36.00
Lang/commit/59,108.00,57.25,36.00,48.00,727.25,56.25
Lang/commit/6,3.50,165.50,2.00,2.75,4.75,3.00
Lang/commit/60,109.50,37.25,32.25,47.50,767.25,54.25
Lang/commit/61,80.00,32.25,22.25,32.50,612.00,42.00
Lang/commit/63,51.25,185.00,7.50,14.00,85.25,14.25
Lang/commit/64,2.75,411.75,1.75,2.75,5.25,3.00
Lang/commit/65,31.25,237.75,14.25,31.50,142.00,25.75
Lang/commit/7,46.00,477.25,18.00,39.25,250.25,35.50
Lang/commit/8,44.00,32.25,15.00,21.00,212.50,25.75
Lang/commit/9,33.50,57.75,10.75,17.75,139.25,23.50
Math/commit/1,56.25,239.25,18.75,38.00,244.25,47.00
Math/commit/10,98.75,77.50,43.50,62.50,984.00,69.00
Math/commit/100,7.75,37.25,3.75,6.25,17.50,7.00
Math/commit/101,14.25,57.00,6.00,10.25,50.75,12.00
Math/commit/102,10.25,18.25,4.50,8.00,33.25,9.00
Math/commit/103,4.00,219.50,2.50,3.00,6.00,4.75
Math/commit/104,6.50,788.50,4.75,6.00,13.25,6.50
Math/commit/105,6.75,15.75,3.50,4.75,20.00,7.00
Math/commit/106,6.50,612.25,4.00,6.75,15.50,7.25
Math/commit/11,18.25,1020.50,5.50,14.25,24.75,11.50
Math/commit/12,8.00,385.50,3.25,6.50,16.25,8.75
Math/commit/13,16.75,12.00,16.00,19.75,94.25,41.25
Math/commit/14,11.25,924.00,7.00,9.50,23.25,20.25
Math/commit/15,421.75,315.25,90.75,115.00,2824.75,117.25
Math/commit/16,364.75,490.25,198.25,155.25,2925.00,176.25
Math/commit/17,148.25,35.50,36.75,79.00,1125.75,72.00
Math/commit/18,127.75,145.00,31.50,55.00,678.75,77.50
Math/commit/19,120.00,110.50,31.00,60.25,680.25,72.75
Math/commit/2,6.25,3.75,3.00,4.75,18.50,7.25
Math/commit/20,94.00,130.50,30.50,56.75,656.75,62.25
Math/commit/21,24.75,975.75,3.25,8.00,20.75,6.50
Math/commit/22,11.75,908.00,6.25,13.75,22.00,12.00
Math/commit/23,16.75,1257.25,5.75,10.50,31.75,10.75
Math/commit/24,13.75,1182.25,5.00,12.75,31.50,9.25
Math/commit/25,9.00,679.25,7.75,9.75,30.00,8.75
Math/commit/26,24.50,139.50,16.50,16.50,87.75,25.50
Math/commit/27,21.50,6.25,6.75,11.00,70.75,14.50
Math/commit/28,9.75,926.50,5.75,6.75,13.75,6.25
Math/commit/29,37.25,21.00,19.50,19.75,166.75,23.00
Math/commit/3,62.75,127.00,23.25,39.50,508.50,47.50
Math/commit/30,5.50,583.75,3.50,4.50,14.00,7.00
Math/commit/31,42.00,469.00,3.75,18.25,12.75,18.75
Math/commit/32,23.75,100.25,6.50,16.00,58.75,21.25
Math/commit/33,27.25,65.50,11.50,16.75,97.50,24.25
Math/commit/34,10.25,474.25,3.25,7.75,12.75,10.00
Math/commit/35,2.75,102.50,1.75,3.50,4.00,3.00
Math/commit/36,31.25,12.75,10.50,14.00,162.75,23.50
Math/commit/37,46.25,75.50,23.50,33.50,291.25,53.50
Math/commit/38,465.00,307.50,68.25,106.25,2334.50,97.75
Math/commit/39,15.50,1318.50,6.00,15.75,59.25,16.50
Math/commit/4,19.25,1598.50,8.50,17.25,33.75,25.75
Math/commit/40,21.00,909.50,6.50,16.50,46.50,16.50
Math/commit/41,10.75,126.75,6.25,10.00,50.75,16.25
Math/commit/42,18.00,49.25,7.00,13.00,73.25,17.00
Math/commit/43,21.25,13.25,7.50,10.00,69.00,20.50
Math/commit/44,24.00,400.75,8.75,20.50,49.50,28.75
Math/commit/45,13.00,6.25,4.00,9.75,32.75,12.00
Math/commit/46,26.75,73.75,12.00,13.50,187.75,22.25
Math/commit/47,61.25,95.00,27.25,17.00,211.00,36.50
Math/commit/48,6.75,673.50,3.00,8.75,14.50,5.50
Math/commit/49,71.00,41.50,28.50,36.00,252.25,44.75
Math/commit/5,45.25,35.50,17.75,27.75,258.50,35.75
Math/commit/50,10.75,763.00,3.50,7.75,21.50,6.25
Math/commit/51,9.00,769.75,5.75,8.00,20.25,8.25
Math/commit/52,53.50,266.25,17.75,39.00,318.00,29.25
Math/commit/53,33.25,18.25,13.25,13.75,135.75,27.75
Math/commit/54,136.00,146.75,44.50,83.25,968.25,73.00
Math/commit/55,33.25,6.50,6.75,11.25,69.00,15.75
Math/commit/56,10.75,699.00,5.25,8.00,16.50,7.75
Math/commit/57,14.25,65.25,4.50,7.25,28.00,9.25
Math/commit/58,10.50,5.25,4.75,6.00,25.50,12.75
Math/commit/59,302.00,109.25,111.00,136.25,2725.75,156.00
Math/commit/6,172.50,5384.75,70.50,128.00,931.50,158.50
Math/commit/60,6.00,433.50,2.75,4.75,11.00,6.50
Math/commit/61,6.75,527.50,3.50,7.25,9.75,8.00
Math/commit/62,14.00,579.00,4.00,5.75,29.00,10.25
Math/commit/63,68.75,25.25,19.50,38.00,539.50,39.50
Math/commit/64,63.00,1430.00,16.75,33.50,223.00,33.50
Math/commit/65,9.25,6.00,4.00,6.00,23.75,14.25
Math/commit/66,56.75,2156.25,6.75,10.75,31.00,15.00
Math/commit/67,10.00,5.25,4.25,9.00,36.00,12.75
Math/commit/68,48.75,1254.00,15.00,26.25,197.00,33.25
Math/commit/69,9.50,1241.00,6.75,7.00,23.50,9.75
Math/commit/7,18.50,301.25,8.25,10.00,43.50,19.25
Math/commit/70,5.50,132.50,2.25,3.00,4.50,7.00
Math/commit/71,31.25,3143.75,17.00,30.00,93.75,22.50
Math/commit/72,11.50,46.50,4.25,7.50,30.75,8.50
Math/commit/73,11.25,55.25,4.75,12.50,27.75,8.25
Math/commit/74,22.50,1534.50,6.50,17.50,57.75,15.25
Math/commit/75,20.00,6.75,7.75,9.50,57.50,15.75
Math/commit/76,27.00,481.75,9.25,14.50,96.75,15.25
Math/commit/77,110.25,32.00,39.00,53.00,599.00,61.00
Math/commit/78,13.25,824.00,10.00,15.75,43.00,15.00
Math/commit/79,88.00,21.25,21.75,35.25,394.25,42.00
Math/commit/8,5.75,455.50,3.50,6.75,9.25,11.00
Math/commit/80,171.00,47.75,36.00,58.75,1217.75,91.00
Math/commit/81,159.75,1434.75,49.00,79.75,1300.75,91.75
Math/commit/82,5.25,450.50,2.75,3.75,8.50,4.00
Math/commit/83,17.00,34.25,6.25,9.75,54.25,15.00
Math/commit/84,3.25,223.75,1.75,3.25,5.75,3.25
Math/commit/85,6.50,814.25,3.25,4.00,10.75,5.75
Math/commit/86,11.25,109.75,4.50,8.00,31.75,14.00
Math/commit/87,14.00,9.25,5.75,9.25,48.50,14.75
Math/commit/88,19.00,31.25,7.50,11.25,54.25,16.25
Math/commit/89,13.75,6.75,5.25,7.50,35.00,10.00
Math/commit/9,5.50,534.00,2.75,4.50,16.25,8.25
Math/commit/90,10.25,9.75,3.75,8.50,26.00,8.00
Math/commit/91,13.25,6.00,5.00,8.00,42.25,10.25
Math/commit/92,49.00,32.50,17.00,25.25,201.00,42.75
Math/commit/93,30.50,29.25,13.75,25.25,182.50,28.00
Math/commit/94,25.25,22.75,9.75,15.75,136.75,18.25
Math/commit/95,4.25,237.00,2.50,2.50,6.00,3.25
Math/commit/96,28.50,29.75,9.50,14.25,105.25,20.50
Math/commit/97,9.50,1009.25,3.25,5.75,14.00,5.50
Math/commit/98,128.00,63.75,41.00,84.25,866.50,79.50
Math/commit/99,28.50,50.50,15.75,18.50,174.00,20.75
Mockito/commit/1,9.50,607.75,6.50,6.00,11.25,9.25
Mockito/commit/10,11.50,446.75,2.50,4.00,8.75,8.75
Mockito/commit/11,1.00,17.50,0.75,1.25,1.75,1.50
Mockito/commit/12,0.50,10.00,0.75,1.00,1.00,0.75
Mockito/commit/13,13.75,315.75,2.25,4.00,6.25,9.00
Mockito/commit/14,9.75,855.50,5.50,24.25,16.75,26.00
Mockito/commit/15,4.00,50.50,1.00,2.75,2.00,2.50
Mockito/commit/16,27.25,437.00,18.00,10.75,146.25,30.75
Mockito/commit/17,7.25,414.50,3.50,17.00,9.50,12.25
Mockito/commit/18,3.75,394.25,1.50,3.75,5.25,7.25
Mockito/commit/19,12.25,485.50,8.75,12.00,14.75,16.75
Mockito/commit/2,1.50,7.50,1.50,1.50,1.50,1.25
Mockito/commit/20,20.50,416.25,2.75,8.75,9.00,10.25
Mockito/commit/21,4.00,48.25,1.00,3.00,3.25,4.00
Mockito/commit/22,1.50,28.00,0.00,2.00,2.00,1.00
Mockito/commit/23,4.25,302.25,2.50,5.00,7.75,6.25
Mockito/commit/24,8.25,302.75,3.25,5.75,8.75,10.75
Mockito/commit/25,24.75,219.75,2.50,15.00,6.50,7.00
Mockito/commit/26,3.50,138.25,2.00,2.25,5.00,2.75
Mockito/commit/27,5.75,314.25,3.00,4.25,8.00,7.00
Mockito/commit/28,5.00,169.00,2.25,3.00,4.50,7.50
Mockito/commit/29,1.50,19.50,1.00,1.25,1.75,2.00
Mockito/commit/3,11.50,584.50,3.00,5.25,11.00,7.25
Mockito/commit/30,15.75,103.50,8.25,26.25,54.75,33.25
Mockito/commit/31,4.50,99.75,2.00,14.00,4.00,10.00
Mockito/commit/32,5.25,189.00,2.50,8.00,4.50,4.50
Mockito/commit/33,4.25,262.50,2.00,3.75,6.00,6.25
Mockito/commit/34,3.50,178.25,2.00,3.25,5.25,4.75
Mockito/commit/35,16.00,11.00,8.00,7.75,54.25,14.75
Mockito/commit/36,8.25,765.50,3.50,10.25,15.25,8.25
Mockito/commit/37,2.00,89.00,1.00,2.00,2.25,1.75
Mockito/commit/38,2.25,33.50,0.75,1.75,2.00,2.50
Mockito/commit/4,35.00,20.75,12.25,19.25,109.50,34.00
Mockito/commit/5,3.25,250.75,3.25,4.50,7.00,4.25
Mockito/commit/6,15.75,46.25,7.75,9.00,89.00,16.25
Mockito/commit/7,17.00,108.00,6.75,10.25,65.75,12.50
Mockito/commit/8,21.25,32.75,10.00,10.25,66.50,16.25
Mockito/commit/9,0.75,27.00,0.50,2.00,1.00,1.75
Time/commit/1,35.75,755.50,12.50,21.00,177.00,31.50
Time/commit/10,8.75,1129.25,3.75,6.25,16.50,9.00
Time/commit/11,47.25,14.75,14.75,26.75,191.00,38.50
Time/commit/12,166.50,97.50,57.75,59.00,973.25,97.25
Time/commit/13,92.50,75.50,38.50,55.00,683.00,47.00
Time/commit/14,10.25,18.25,4.00,8.00,26.25,8.00
Time/commit/15,6.50,5.00,3.25,5.50,17.25,6.25
Time/commit/16,20.25,72.75,8.75,11.75,108.00,17.50
Time/commit/17,60.00,16.50,16.50,21.25,186.25,47.50
Time/commit/18,38.50,35.50,15.50,24.25,196.75,25.00
Time/commit/19,41.25,53.75,14.50,18.00,165.50,33.00
Time/commit/2,33.75,890.50,16.00,23.25,194.25,27.00
Time/commit/20,260.75,76.25,52.75,56.75,1479.75,102.75
Time/commit/22,16.50,6.50,6.75,10.25,72.50,16.25
Time/commit/23,44.50,125.00,14.25,23.00,172.25,32.75
Time/commit/24,18.50,100.75,6.50,16.25,50.75,15.50
Time/commit/25,37.50,45.75,15.50,18.25,151.75,32.00
Time/commit/27,110.50,60.50,36.25,44.00,616.00,52.75
Time/commit/3,47.75,28.00,17.25,18.00,231.50,34.25
Time/commit/4,31.00,214.75,10.75,17.00,154.00,19.75
Time/commit/5,58.75,81.00,26.00,33.25,385.75,40.25
Time/commit/6,49.25,333.75,15.75,30.25,245.25,41.25
Time/commit/7,24.00,84.50,8.50,11.75,120.25,18.75
Time/commit/8,39.00,43.25,13.50,18.75,168.00,31.50
Time/commit/9,49.00,36.25,21.25,32.25,223.50,37.75
