{
  "matchedElements" : [
 {
    "left" : "class : HelpFormatter",
    "right" : "class : HelpFormatter",
    "info" : "TypeDeclaration[1145-31834]:TypeDeclaration[1145-32470]"
  }, {
    "left" : "DEFAULT_WIDTH",
    "right" : "DEFAULT_WIDTH",
    "info" : "FieldDeclaration[1450-1542]:FieldDeclaration[1450-1542]"
  }, {
    "left" : "DEFAULT_LEFT_PAD",
    "right" : "DEFAULT_LEFT_PAD",
    "info" : "FieldDeclaration[1548-1645]:FieldDeclaration[1548-1645]"
  }, {
    "left" : "DEFAULT_DESC_PAD",
    "right" : "DEFAULT_DESC_PAD",
    "info" : "FieldDeclaration[1651-1802]:FieldDeclaration[1651-1802]"
  }, {
    "left" : "DEFAULT_SYNTAX_PREFIX",
    "right" : "DEFAULT_SYNTAX_PREFIX",
    "info" : "FieldDeclaration[1808-1942]:FieldDeclaration[1808-1942]"
  }, {
    "left" : "DEFAULT_OPT_PREFIX",
    "right" : "DEFAULT_OPT_PREFIX",
    "info" : "FieldDeclaration[1948-2040]:FieldDeclaration[1948-2040]"
  }, {
    "left" : "DEFAULT_LONG_OPT_PREFIX",
    "right" : "DEFAULT_LONG_OPT_PREFIX",
    "info" : "FieldDeclaration[2046-2146]:FieldDeclaration[2046-2146]"
  }, {
    "left" : "DEFAULT_LONG_OPT_SEPARATOR",
    "right" : "DEFAULT_LONG_OPT_SEPARATOR",
    "info" : "FieldDeclaration[2152-2287]:FieldDeclaration[2152-2287]"
  }, {
    "left" : "DEFAULT_ARG_NAME",
    "right" : "DEFAULT_ARG_NAME",
    "info" : "FieldDeclaration[2293-2385]:FieldDeclaration[2293-2385]"
  }, {
    "left" : "defaultWidth",
    "right" : "defaultWidth",
    "info" : "FieldDeclaration[2473-2685]:FieldDeclaration[2473-2685]"
  }, {
    "left" : "defaultLeftPad",
    "right" : "defaultLeftPad",
    "info" : "FieldDeclaration[2691-2927]:FieldDeclaration[2691-2927]"
  }, {
    "left" : "defaultDescPad",
    "right" : "defaultDescPad",
    "info" : "FieldDeclaration[2933-3209]:FieldDeclaration[2933-3209]"
  }, {
    "left" : "defaultSyntaxPrefix",
    "right" : "defaultSyntaxPrefix",
    "info" : "FieldDeclaration[3215-3483]:FieldDeclaration[3215-3483]"
  }, {
    "left" : "defaultNewLine",
    "right" : "defaultNewLine",
    "info" : "FieldDeclaration[3489-3721]:FieldDeclaration[3489-3721]"
  }, {
    "left" : "defaultOptPrefix",
    "right" : "defaultOptPrefix",
    "info" : "FieldDeclaration[3727-3945]:FieldDeclaration[3727-3945]"
  }, {
    "left" : "defaultLongOptPrefix",
    "right" : "defaultLongOptPrefix",
    "info" : "FieldDeclaration[3951-4182]:FieldDeclaration[3951-4182]"
  }, {
    "left" : "longOptSeparator",
    "right" : "longOptSeparator",
    "info" : "FieldDeclaration[4188-4323]:FieldDeclaration[4188-4323]"
  }, {
    "left" : "defaultArgName",
    "right" : "defaultArgName",
    "info" : "FieldDeclaration[4329-4546]:FieldDeclaration[4329-4546]"
  }, {
    "left" : "optionComparator",
    "right" : "optionComparator",
    "info" : "FieldDeclaration[4552-4783]:FieldDeclaration[4552-4783]"
  }, {
    "left" : "public setWidth(width int) : void",
    "right" : "public setWidth(width int) : void",
    "info" : "MethodDeclaration[4793-4964]:MethodDeclaration[4793-4964]"
  }, {
    "left" : "public getWidth() : int",
    "right" : "public getWidth() : int",
    "info" : "MethodDeclaration[4970-5110]:MethodDeclaration[4970-5110]"
  }, {
    "left" : "public setLeftPadding(padding int) : void",
    "right" : "public setLeftPadding(padding int) : void",
    "info" : "MethodDeclaration[5116-5313]:MethodDeclaration[5116-5313]"
  }, {
    "left" : "public getLeftPadding() : int",
    "right" : "public getLeftPadding() : int",
    "info" : "MethodDeclaration[5319-5479]:MethodDeclaration[5319-5479]"
  }, {
    "left" : "public setDescPadding(padding int) : void",
    "right" : "public setDescPadding(padding int) : void",
    "info" : "MethodDeclaration[5485-5682]:MethodDeclaration[5485-5682]"
  }, {
    "left" : "public getDescPadding() : int",
    "right" : "public getDescPadding() : int",
    "info" : "MethodDeclaration[5688-5848]:MethodDeclaration[5688-5848]"
  }, {
    "left" : "public setSyntaxPrefix(prefix ) : void",
    "right" : "public setSyntaxPrefix(prefix ) : void",
    "info" : "MethodDeclaration[5854-6059]:MethodDeclaration[5854-6059]"
  }, {
    "left" : "public getSyntaxPrefix() : ",
    "right" : "public getSyntaxPrefix() : ",
    "info" : "MethodDeclaration[6065-6236]:MethodDeclaration[6065-6236]"
  }, {
    "left" : "public setNewLine(newline ) : void",
    "right" : "public setNewLine(newline ) : void",
    "info" : "MethodDeclaration[6242-6430]:MethodDeclaration[6242-6430]"
  }, {
    "left" : "public getNewLine() : ",
    "right" : "public getNewLine() : ",
    "info" : "MethodDeclaration[6436-6587]:MethodDeclaration[6436-6587]"
  }, {
    "left" : "public setOptPrefix(prefix ) : void",
    "right" : "public setOptPrefix(prefix ) : void",
    "info" : "MethodDeclaration[6593-6786]:MethodDeclaration[6593-6786]"
  }, {
    "left" : "public getOptPrefix() : ",
    "right" : "public getOptPrefix() : ",
    "info" : "MethodDeclaration[6792-6951]:MethodDeclaration[6792-6951]"
  }, {
    "left" : "public setLongOptPrefix(prefix ) : void",
    "right" : "public setLongOptPrefix(prefix ) : void",
    "info" : "MethodDeclaration[6957-7166]:MethodDeclaration[6957-7166]"
  }, {
    "left" : "public getLongOptPrefix() : ",
    "right" : "public getLongOptPrefix() : ",
    "info" : "MethodDeclaration[7172-7347]:MethodDeclaration[7172-7347]"
  }, {
    "left" : "public setLongOptSeparator(longOptSeparator ) : void",
    "right" : "public setLongOptSeparator(longOptSeparator ) : void",
    "info" : "MethodDeclaration[7353-7758]:MethodDeclaration[7353-7758]"
  }, {
    "left" : "public getLongOptSeparator() : ",
    "right" : "public getLongOptSeparator() : ",
    "info" : "MethodDeclaration[7764-7991]:MethodDeclaration[7764-7991]"
  }, {
    "left" : "public setArgName(name ) : void",
    "right" : "public setArgName(name ) : void",
    "info" : "MethodDeclaration[7997-8176]:MethodDeclaration[7997-8176]"
  }, {
    "left" : "public getArgName() : ",
    "right" : "public getArgName() : ",
    "info" : "MethodDeclaration[8182-8333]:MethodDeclaration[8182-8333]"
  }, {
    "left" : "public getOptionComparator() : ",
    "right" : "public getOptionComparator() : ",
    "info" : "MethodDeclaration[8339-8611]:MethodDeclaration[8339-8611]"
  }, {
    "left" : "public setOptionComparator(comparator ) : void",
    "right" : "public setOptionComparator(comparator ) : void",
    "info" : "MethodDeclaration[8617-9078]:MethodDeclaration[8617-9078]"
  }, {
    "left" : "public printHelp(cmdLineSyntax , options ...) : void",
    "right" : "public printHelp(cmdLineSyntax , options ...) : void",
    "info" : "MethodDeclaration[9084-9511]:MethodDeclaration[9084-9511]"
  }, {
    "left" : "public printHelp(cmdLineSyntax , options , autoUsage boolean) : void",
    "right" : "public printHelp(cmdLineSyntax , options , autoUsage boolean) : void",
    "info" : "MethodDeclaration[9517-10059]:MethodDeclaration[9517-10059]"
  }, {
    "left" : "public printHelp(cmdLineSyntax , header , options , footer ) : void",
    "right" : "public printHelp(cmdLineSyntax , header , options , footer ) : void",
    "info" : "MethodDeclaration[10065-10649]:MethodDeclaration[10065-10649]"
  }, {
    "left" : "public printHelp(cmdLineSyntax , header , options , footer , autoUsage boolean) : void",
    "right" : "public printHelp(cmdLineSyntax , header , options , footer , autoUsage boolean) : void",
    "info" : "MethodDeclaration[10655-11368]:MethodDeclaration[10655-11368]"
  }, {
    "left" : "public printHelp(width int, cmdLineSyntax , header , options , footer ) : void",
    "right" : "public printHelp(width int, cmdLineSyntax , header , options , footer ) : void",
    "info" : "MethodDeclaration[11374-12051]:MethodDeclaration[11374-12051]"
  }, {
    "left" : "public printHelp(width int, cmdLineSyntax , header , options , footer , autoUsage boolean) : void",
    "right" : "public printHelp(width int, cmdLineSyntax , header , options , footer , autoUsage boolean) : void",
    "info" : "MethodDeclaration[12057-12985]:MethodDeclaration[12057-12985]"
  }, {
    "left" : "public printHelp(pw , width int, cmdLineSyntax , header , options , leftPad int, descPad int, footer ) : void",
    "right" : "public printHelp(pw , width int, cmdLineSyntax , header , options , leftPad int, descPad int, footer ) : void",
    "info" : "MethodDeclaration[12991-14066]:MethodDeclaration[12991-14066]"
  }, {
    "left" : "public printHelp(pw , width int, cmdLineSyntax , header , options , leftPad int, descPad int, footer , autoUsage boolean) : void",
    "right" : "public printHelp(pw , width int, cmdLineSyntax , header , options , leftPad int, descPad int, footer , autoUsage boolean) : void",
    "info" : "MethodDeclaration[14073-15832]:MethodDeclaration[14073-15832]"
  }, {
    "left" : "public printUsage(pw , width int, app , options ...) : void",
    "right" : "public printUsage(pw , width int, app , options ...) : void",
    "info" : "MethodDeclaration[15838-17920]:MethodDeclaration[15838-17920]"
  }, {
    "left" : "private appendOptionGroup(buff , group ) : void",
    "right" : "private appendOptionGroup(buff , group ) : void",
    "info" : "MethodDeclaration[17926-19025]:MethodDeclaration[17926-19025]"
  }, {
    "left" : "private appendOption(buff , option , required boolean) : void",
    "right" : "private appendOption(buff , option , required boolean) : void",
    "info" : "MethodDeclaration[19031-20168]:MethodDeclaration[19031-20168]"
  }, {
    "left" : "public printUsage(pw , width int, cmdLineSyntax ) : void",
    "right" : "public printUsage(pw , width int, cmdLineSyntax ) : void",
    "info" : "MethodDeclaration[20178-20719]:MethodDeclaration[20178-20719]"
  }, {
    "left" : "public printOptions(pw , width int, options , leftPad int, descPad int) : void",
    "right" : "public printOptions(pw , width int, options , leftPad int, descPad int) : void",
    "info" : "MethodDeclaration[20725-21537]:MethodDeclaration[20725-21537]"
  }, {
    "left" : "public printWrapped(pw , width int, text ) : void",
    "right" : "public printWrapped(pw , width int, text ) : void",
    "info" : "MethodDeclaration[21543-21926]:MethodDeclaration[21543-21926]"
  }, {
    "left" : "public printWrapped(pw , width int, nextLineTabStop int, text ) : void",
    "right" : "public printWrapped(pw , width int, nextLineTabStop int, text ) : void",
    "info" : "MethodDeclaration[21932-22529]:MethodDeclaration[21932-22534]"
  }, {
    "left" : "protected renderOptions(sb , width int, options , leftPad int, descPad int) : ",
    "right" : "protected renderOptions(sb , width int, options , leftPad int, descPad int) : ",
    "info" : "MethodDeclaration[22617-25944]:MethodDeclaration[22622-25949]"
  }, {
    "left" : "protected renderWrappedText(sb , width int, nextLineTabStop int, text ) : ",
    "right" : "protected renderWrappedText(sb , width int, nextLineTabStop int, text ) : ",
    "info" : "MethodDeclaration[25950-27547]:MethodDeclaration[25955-27552]"
  }, {
    "left" : "protected findWrapPos(text , width int, startPos int) : int",
    "right" : "protected findWrapPos(text , width int, startPos int) : int",
    "info" : "MethodDeclaration[28018-29754]:MethodDeclaration[28654-30390]"
  }, {
    "left" : "protected createPadding(len int) : ",
    "right" : "protected createPadding(len int) : ",
    "info" : "MethodDeclaration[29760-30125]:MethodDeclaration[30396-30761]"
  }, {
    "left" : "protected rtrim(s ...) : ",
    "right" : "protected rtrim(s ...) : ",
    "info" : "MethodDeclaration[30131-30659]:MethodDeclaration[30767-31295]"
  }, {
    "left" : "class : OptionComparator",
    "right" : "class : OptionComparator",
    "info" : "TypeDeclaration[30905-31831]:TypeDeclaration[31541-32467]"
  }, {
    "left" : "public compare(o1 , o2 ) : int",
    "right" : "public compare(o1 , o2 ) : int",
    "info" : "MethodDeclaration[31093-31825]:MethodDeclaration[31729-32461]"
  } ],
  "mappings" : [
 {
    "left" : "public",
    "right" : "public",
    "info" : "Modifier[1335-1341]:Modifier[1335-1341]"
  }, {
    "left" : "class",
    "right" : "class",
    "info" : "TYPE_DECLARATION_KIND[1342-1347]:TYPE_DECLARATION_KIND[1342-1347]"
  }, {
    "left" : "public",
    "right" : "public",
    "info" : "Modifier[4886-4892]:Modifier[4886-4892]"
  }, {
    "left" : "void",
    "right" : "void",
    "info" : "PrimitiveType[4893-4897]:PrimitiveType[4893-4897]"
  }, {
    "left" : "setWidth",
    "right" : "setWidth",
    "info" : "SimpleName[4898-4906]:SimpleName[4898-4906]"
  }, {
    "left" : "int width",
    "right" : "int width",
    "info" : "SingleVariableDeclaration[4907-4916]:SingleVariableDeclaration[4907-4916]"
  }, {
    "left" : "{}",
    "right" : "{}",
    "info" : "Block[4922-4964]:Block[4922-4964]"
  }, {
    "left" : "this.defaultWidth = width;",
    "right" : "this.defaultWidth = width;",
    "info" : "ExpressionStatement[4932-4958]:ExpressionStatement[4932-4958]"
  }, {
    "left" : "public",
    "right" : "public",
    "info" : "Modifier[5048-5054]:Modifier[5048-5054]"
  }, {
    "left" : "int",
    "right" : "int",
    "info" : "PrimitiveType[5055-5058]:PrimitiveType[5055-5058]"
  }, {
    "left" : "getWidth",
    "right" : "getWidth",
    "info" : "SimpleName[5059-5067]:SimpleName[5059-5067]"
  }, {
    "left" : "{}",
    "right" : "{}",
    "info" : "Block[5074-5110]:Block[5074-5110]"
  }, {
    "left" : "return defaultWidth;",
    "right" : "return defaultWidth;",
    "info" : "ReturnStatement[5084-5104]:ReturnStatement[5084-5104]"
  }, {
    "left" : "public",
    "right" : "public",
    "info" : "Modifier[5223-5229]:Modifier[5223-5229]"
  }, {
    "left" : "void",
    "right" : "void",
    "info" : "PrimitiveType[5230-5234]:PrimitiveType[5230-5234]"
  }, {
    "left" : "setLeftPadding",
    "right" : "setLeftPadding",
    "info" : "SimpleName[5235-5249]:SimpleName[5235-5249]"
  }, {
    "left" : "int padding",
    "right" : "int padding",
    "info" : "SingleVariableDeclaration[5250-5261]:SingleVariableDeclaration[5250-5261]"
  }, {
    "left" : "{}",
    "right" : "{}",
    "info" : "Block[5267-5313]:Block[5267-5313]"
  }, {
    "left" : "this.defaultLeftPad = padding;",
    "right" : "this.defaultLeftPad = padding;",
    "info" : "ExpressionStatement[5277-5307]:ExpressionStatement[5277-5307]"
  }, {
    "left" : "public",
    "right" : "public",
    "info" : "Modifier[5409-5415]:Modifier[5409-5415]"
  }, {
    "left" : "int",
    "right" : "int",
    "info" : "PrimitiveType[5416-5419]:PrimitiveType[5416-5419]"
  }, {
    "left" : "getLeftPadding",
    "right" : "getLeftPadding",
    "info" : "SimpleName[5420-5434]:SimpleName[5420-5434]"
  }, {
    "left" : "{}",
    "right" : "{}",
    "info" : "Block[5441-5479]:Block[5441-5479]"
  }, {
    "left" : "return defaultLeftPad;",
    "right" : "return defaultLeftPad;",
    "info" : "ReturnStatement[5451-5473]:ReturnStatement[5451-5473]"
  }, {
    "left" : "public",
    "right" : "public",
    "info" : "Modifier[5592-5598]:Modifier[5592-5598]"
  }, {
    "left" : "void",
    "right" : "void",
    "info" : "PrimitiveType[5599-5603]:PrimitiveType[5599-5603]"
  }, {
    "left" : "setDescPadding",
    "right" : "setDescPadding",
    "info" : "SimpleName[5604-5618]:SimpleName[5604-5618]"
  }, {
    "left" : "int padding",
    "right" : "int padding",
    "info" : "SingleVariableDeclaration[5619-5630]:SingleVariableDeclaration[5619-5630]"
  }, {
    "left" : "{}",
    "right" : "{}",
    "info" : "Block[5636-5682]:Block[5636-5682]"
  }, {
    "left" : "this.defaultDescPad = padding;",
    "right" : "this.defaultDescPad = padding;",
    "info" : "ExpressionStatement[5646-5676]:ExpressionStatement[5646-5676]"
  }, {
    "left" : "public",
    "right" : "public",
    "info" : "Modifier[5778-5784]:Modifier[5778-5784]"
  }, {
    "left" : "int",
    "right" : "int",
    "info" : "PrimitiveType[5785-5788]:PrimitiveType[5785-5788]"
  }, {
    "left" : "getDescPadding",
    "right" : "getDescPadding",
    "info" : "SimpleName[5789-5803]:SimpleName[5789-5803]"
  }, {
    "left" : "{}",
    "right" : "{}",
    "info" : "Block[5810-5848]:Block[5810-5848]"
  }, {
    "left" : "return defaultDescPad;",
    "right" : "return defaultDescPad;",
    "info" : "ReturnStatement[5820-5842]:ReturnStatement[5820-5842]"
  }, {
    "left" : "public",
    "right" : "public",
    "info" : "Modifier[5962-5968]:Modifier[5962-5968]"
  }, {
    "left" : "void",
    "right" : "void",
    "info" : "PrimitiveType[5969-5973]:PrimitiveType[5969-5973]"
  }, {
    "left" : "setSyntaxPrefix",
    "right" : "setSyntaxPrefix",
    "info" : "SimpleName[5974-5989]:SimpleName[5974-5989]"
  }, {
    "left" : "String prefix",
    "right" : "String prefix",
    "info" : "SingleVariableDeclaration[5990-6003]:SingleVariableDeclaration[5990-6003]"
  }, {
    "left" : "{}",
    "right" : "{}",
    "info" : "Block[6009-6059]:Block[6009-6059]"
  }, {
    "left" : "this.defaultSyntaxPrefix = prefix;",
    "right" : "this.defaultSyntaxPrefix = prefix;",
    "info" : "ExpressionStatement[6019-6053]:ExpressionStatement[6019-6053]"
  }, {
    "left" : "public",
    "right" : "public",
    "info" : "Modifier[6157-6163]:Modifier[6157-6163]"
  }, {
    "left" : "String",
    "right" : "String",
    "info" : "SimpleType[6164-6170]:SimpleType[6164-6170]"
  }, {
    "left" : "getSyntaxPrefix",
    "right" : "getSyntaxPrefix",
    "info" : "SimpleName[6171-6186]:SimpleName[6171-6186]"
  }, {
    "left" : "{}",
    "right" : "{}",
    "info" : "Block[6193-6236]:Block[6193-6236]"
  }, {
    "left" : "return defaultSyntaxPrefix;",
    "right" : "return defaultSyntaxPrefix;",
    "info" : "ReturnStatement[6203-6230]:ReturnStatement[6203-6230]"
  }, {
    "left" : "public",
    "right" : "public",
    "info" : "Modifier[6341-6347]:Modifier[6341-6347]"
  }, {
    "left" : "void",
    "right" : "void",
    "info" : "PrimitiveType[6348-6352]:PrimitiveType[6348-6352]"
  }, {
    "left" : "setNewLine",
    "right" : "setNewLine",
    "info" : "SimpleName[6353-6363]:SimpleName[6353-6363]"
  }, {
    "left" : "String newline",
    "right" : "String newline",
    "info" : "SingleVariableDeclaration[6364-6378]:SingleVariableDeclaration[6364-6378]"
  }, {
    "left" : "{}",
    "right" : "{}",
    "info" : "Block[6384-6430]:Block[6384-6430]"
  }, {
    "left" : "this.defaultNewLine = newline;",
    "right" : "this.defaultNewLine = newline;",
    "info" : "ExpressionStatement[6394-6424]:ExpressionStatement[6394-6424]"
  }, {
    "left" : "public",
    "right" : "public",
    "info" : "Modifier[6518-6524]:Modifier[6518-6524]"
  }, {
    "left" : "String",
    "right" : "String",
    "info" : "SimpleType[6525-6531]:SimpleType[6525-6531]"
  }, {
    "left" : "getNewLine",
    "right" : "getNewLine",
    "info" : "SimpleName[6532-6542]:SimpleName[6532-6542]"
  }, {
    "left" : "{}",
    "right" : "{}",
    "info" : "Block[6549-6587]:Block[6549-6587]"
  }, {
    "left" : "return defaultNewLine;",
    "right" : "return defaultNewLine;",
    "info" : "ReturnStatement[6559-6581]:ReturnStatement[6559-6581]"
  }, {
    "left" : "public",
    "right" : "public",
    "info" : "Modifier[6695-6701]:Modifier[6695-6701]"
  }, {
    "left" : "void",
    "right" : "void",
    "info" : "PrimitiveType[6702-6706]:PrimitiveType[6702-6706]"
  }, {
    "left" : "setOptPrefix",
    "right" : "setOptPrefix",
    "info" : "SimpleName[6707-6719]:SimpleName[6707-6719]"
  }, {
    "left" : "String prefix",
    "right" : "String prefix",
    "info" : "SingleVariableDeclaration[6720-6733]:SingleVariableDeclaration[6720-6733]"
  }, {
    "left" : "{}",
    "right" : "{}",
    "info" : "Block[6739-6786]:Block[6739-6786]"
  }, {
    "left" : "this.defaultOptPrefix = prefix;",
    "right" : "this.defaultOptPrefix = prefix;",
    "info" : "ExpressionStatement[6749-6780]:ExpressionStatement[6749-6780]"
  }, {
    "left" : "public",
    "right" : "public",
    "info" : "Modifier[6878-6884]:Modifier[6878-6884]"
  }, {
    "left" : "String",
    "right" : "String",
    "info" : "SimpleType[6885-6891]:SimpleType[6885-6891]"
  }, {
    "left" : "getOptPrefix",
    "right" : "getOptPrefix",
    "info" : "SimpleName[6892-6904]:SimpleName[6892-6904]"
  }, {
    "left" : "{}",
    "right" : "{}",
    "info" : "Block[6911-6951]:Block[6911-6951]"
  }, {
    "left" : "return defaultOptPrefix;",
    "right" : "return defaultOptPrefix;",
    "info" : "ReturnStatement[6921-6945]:ReturnStatement[6921-6945]"
  }, {
    "left" : "public",
    "right" : "public",
    "info" : "Modifier[7067-7073]:Modifier[7067-7073]"
  }, {
    "left" : "void",
    "right" : "void",
    "info" : "PrimitiveType[7074-7078]:PrimitiveType[7074-7078]"
  }, {
    "left" : "setLongOptPrefix",
    "right" : "setLongOptPrefix",
    "info" : "SimpleName[7079-7095]:SimpleName[7079-7095]"
  }, {
    "left" : "String prefix",
    "right" : "String prefix",
    "info" : "SingleVariableDeclaration[7096-7109]:SingleVariableDeclaration[7096-7109]"
  }, {
    "left" : "{}",
    "right" : "{}",
    "info" : "Block[7115-7166]:Block[7115-7166]"
  }, {
    "left" : "this.defaultLongOptPrefix = prefix;",
    "right" : "this.defaultLongOptPrefix = prefix;",
    "info" : "ExpressionStatement[7125-7160]:ExpressionStatement[7125-7160]"
  }, {
    "left" : "public",
    "right" : "public",
    "info" : "Modifier[7266-7272]:Modifier[7266-7272]"
  }, {
    "left" : "String",
    "right" : "String",
    "info" : "SimpleType[7273-7279]:SimpleType[7273-7279]"
  }, {
    "left" : "getLongOptPrefix",
    "right" : "getLongOptPrefix",
    "info" : "SimpleName[7280-7296]:SimpleName[7280-7296]"
  }, {
    "left" : "{}",
    "right" : "{}",
    "info" : "Block[7303-7347]:Block[7303-7347]"
  }, {
    "left" : "return defaultLongOptPrefix;",
    "right" : "return defaultLongOptPrefix;",
    "info" : "ReturnStatement[7313-7341]:ReturnStatement[7313-7341]"
  }, {
    "left" : "public",
    "right" : "public",
    "info" : "Modifier[7640-7646]:Modifier[7640-7646]"
  }, {
    "left" : "void",
    "right" : "void",
    "info" : "PrimitiveType[7647-7651]:PrimitiveType[7647-7651]"
  }, {
    "left" : "setLongOptSeparator",
    "right" : "setLongOptSeparator",
    "info" : "SimpleName[7652-7671]:SimpleName[7652-7671]"
  }, {
    "left" : "String longOptSeparator",
    "right" : "String longOptSeparator",
    "info" : "SingleVariableDeclaration[7672-7695]:SingleVariableDeclaration[7672-7695]"
  }, {
    "left" : "{}",
    "right" : "{}",
    "info" : "Block[7701-7758]:Block[7701-7758]"
  }, {
    "left" : "this.longOptSeparator = longOptSeparator;",
    "right" : "this.longOptSeparator = longOptSeparator;",
    "info" : "ExpressionStatement[7711-7752]:ExpressionStatement[7711-7752]"
  }, {
    "left" : "public",
    "right" : "public",
    "info" : "Modifier[7911-7917]:Modifier[7911-7917]"
  }, {
    "left" : "String",
    "right" : "String",
    "info" : "SimpleType[7918-7924]:SimpleType[7918-7924]"
  }, {
    "left" : "getLongOptSeparator",
    "right" : "getLongOptSeparator",
    "info" : "SimpleName[7925-7944]:SimpleName[7925-7944]"
  }, {
    "left" : "{}",
    "right" : "{}",
    "info" : "Block[7951-7991]:Block[7951-7991]"
  }, {
    "left" : "return longOptSeparator;",
    "right" : "return longOptSeparator;",
    "info" : "ReturnStatement[7961-7985]:ReturnStatement[7961-7985]"
  }, {
    "left" : "public",
    "right" : "public",
    "info" : "Modifier[8093-8099]:Modifier[8093-8099]"
  }, {
    "left" : "void",
    "right" : "void",
    "info" : "PrimitiveType[8100-8104]:PrimitiveType[8100-8104]"
  }, {
    "left" : "setArgName",
    "right" : "setArgName",
    "info" : "SimpleName[8105-8115]:SimpleName[8105-8115]"
  }, {
    "left" : "String name",
    "right" : "String name",
    "info" : "SingleVariableDeclaration[8116-8127]:SingleVariableDeclaration[8116-8127]"
  }, {
    "left" : "{}",
    "right" : "{}",
    "info" : "Block[8133-8176]:Block[8133-8176]"
  }, {
    "left" : "this.defaultArgName = name;",
    "right" : "this.defaultArgName = name;",
    "info" : "ExpressionStatement[8143-8170]:ExpressionStatement[8143-8170]"
  }, {
    "left" : "public",
    "right" : "public",
    "info" : "Modifier[8264-8270]:Modifier[8264-8270]"
  }, {
    "left" : "String",
    "right" : "String",
    "info" : "SimpleType[8271-8277]:SimpleType[8271-8277]"
  }, {
    "left" : "getArgName",
    "right" : "getArgName",
    "info" : "SimpleName[8278-8288]:SimpleName[8278-8288]"
  }, {
    "left" : "{}",
    "right" : "{}",
    "info" : "Block[8295-8333]:Block[8295-8333]"
  }, {
    "left" : "return defaultArgName;",
    "right" : "return defaultArgName;",
    "info" : "ReturnStatement[8305-8327]:ReturnStatement[8305-8327]"
  }, {
    "left" : "public",
    "right" : "public",
    "info" : "Modifier[8527-8533]:Modifier[8527-8533]"
  }, {
    "left" : "Comparator",
    "right" : "Comparator",
    "info" : "SimpleType[8534-8544]:SimpleType[8534-8544]"
  }, {
    "left" : "getOptionComparator",
    "right" : "getOptionComparator",
    "info" : "SimpleName[8545-8564]:SimpleName[8545-8564]"
  }, {
    "left" : "{}",
    "right" : "{}",
    "info" : "Block[8571-8611]:Block[8571-8611]"
  }, {
    "left" : "return optionComparator;",
    "right" : "return optionComparator;",
    "info" : "ReturnStatement[8581-8605]:ReturnStatement[8581-8605]"
  }, {
    "left" : "public",
    "right" : "public",
    "info" : "Modifier[8819-8825]:Modifier[8819-8825]"
  }, {
    "left" : "void",
    "right" : "void",
    "info" : "PrimitiveType[8826-8830]:PrimitiveType[8826-8830]"
  }, {
    "left" : "setOptionComparator",
    "right" : "setOptionComparator",
    "info" : "SimpleName[8831-8850]:SimpleName[8831-8850]"
  }, {
    "left" : "Comparator comparator",
    "right" : "Comparator comparator",
    "info" : "SingleVariableDeclaration[8851-8872]:SingleVariableDeclaration[8851-8872]"
  }, {
    "left" : "{}",
    "right" : "{}",
    "info" : "Block[8878-9078]:Block[8878-9078]"
  }, {
    "left" : "if (comparator == null)",
    "right" : "if (comparator == null)",
    "info" : "IfStatement[8888-9072]:IfStatement[8888-9072]"
  }, {
    "left" : "{}",
    "right" : "{}",
    "info" : "Block[8920-8991]:Block[8920-8991]"
  }, {
    "left" : "this.optionComparator = new OptionComparator();",
    "right" : "this.optionComparator = new OptionComparator();",
    "info" : "ExpressionStatement[8934-8981]:ExpressionStatement[8934-8981]"
  }, {
    "left" : "{}",
    "right" : "{}",
    "info" : "Block[9013-9072]:Block[9013-9072]"
  }, {
    "left" : "this.optionComparator = comparator;",
    "right" : "this.optionComparator = comparator;",
    "info" : "ExpressionStatement[9027-9062]:ExpressionStatement[9027-9062]"
  }, {
    "left" : "public",
    "right" : "public",
    "info" : "Modifier[9363-9369]:Modifier[9363-9369]"
  }, {
    "left" : "void",
    "right" : "void",
    "info" : "PrimitiveType[9370-9374]:PrimitiveType[9370-9374]"
  }, {
    "left" : "printHelp",
    "right" : "printHelp",
    "info" : "SimpleName[9375-9384]:SimpleName[9375-9384]"
  }, {
    "left" : "String cmdLineSyntax",
    "right" : "String cmdLineSyntax",
    "info" : "SingleVariableDeclaration[9385-9405]:SingleVariableDeclaration[9385-9405]"
  }, {
    "left" : "Options options",
    "right" : "Options options",
    "info" : "SingleVariableDeclaration[9407-9422]:SingleVariableDeclaration[9407-9422]"
  }, {
    "left" : "{}",
    "right" : "{}",
    "info" : "Block[9428-9511]:Block[9428-9511]"
  }, {
    "left" : "printHelp(defaultWidth, cmdLineSyntax, null, options, null, false);",
    "right" : "printHelp(defaultWidth, cmdLineSyntax, null, options, null, false);",
    "info" : "ExpressionStatement[9438-9505]:ExpressionStatement[9438-9505]"
  }, {
    "left" : "public",
    "right" : "public",
    "info" : "Modifier[9888-9894]:Modifier[9888-9894]"
  }, {
    "left" : "void",
    "right" : "void",
    "info" : "PrimitiveType[9895-9899]:PrimitiveType[9895-9899]"
  }, {
    "left" : "printHelp",
    "right" : "printHelp",
    "info" : "SimpleName[9900-9909]:SimpleName[9900-9909]"
  }, {
    "left" : "String cmdLineSyntax",
    "right" : "String cmdLineSyntax",
    "info" : "SingleVariableDeclaration[9910-9930]:SingleVariableDeclaration[9910-9930]"
  }, {
    "left" : "Options options",
    "right" : "Options options",
    "info" : "SingleVariableDeclaration[9932-9947]:SingleVariableDeclaration[9932-9947]"
  }, {
    "left" : "boolean autoUsage",
    "right" : "boolean autoUsage",
    "info" : "SingleVariableDeclaration[9949-9966]:SingleVariableDeclaration[9949-9966]"
  }, {
    "left" : "{}",
    "right" : "{}",
    "info" : "Block[9972-10059]:Block[9972-10059]"
  }, {
    "left" : "printHelp(defaultWidth, cmdLineSyntax, null, options, null, autoUsage);",
    "right" : "printHelp(defaultWidth, cmdLineSyntax, null, options, null, autoUsage);",
    "info" : "ExpressionStatement[9982-10053]:ExpressionStatement[9982-10053]"
  }, {
    "left" : "public",
    "right" : "public",
    "info" : "Modifier[10481-10487]:Modifier[10481-10487]"
  }, {
    "left" : "void",
    "right" : "void",
    "info" : "PrimitiveType[10488-10492]:PrimitiveType[10488-10492]"
  }, {
    "left" : "printHelp",
    "right" : "printHelp",
    "info" : "SimpleName[10493-10502]:SimpleName[10493-10502]"
  }, {
    "left" : "String cmdLineSyntax",
    "right" : "String cmdLineSyntax",
    "info" : "SingleVariableDeclaration[10503-10523]:SingleVariableDeclaration[10503-10523]"
  }, {
    "left" : "String header",
    "right" : "String header",
    "info" : "SingleVariableDeclaration[10525-10538]:SingleVariableDeclaration[10525-10538]"
  }, {
    "left" : "Options options",
    "right" : "Options options",
    "info" : "SingleVariableDeclaration[10540-10555]:SingleVariableDeclaration[10540-10555]"
  }, {
    "left" : "String footer",
    "right" : "String footer",
    "info" : "SingleVariableDeclaration[10557-10570]:SingleVariableDeclaration[10557-10570]"
  }, {
    "left" : "{}",
    "right" : "{}",
    "info" : "Block[10576-10649]:Block[10576-10649]"
  }, {
    "left" : "printHelp(cmdLineSyntax, header, options, footer, false);",
    "right" : "printHelp(cmdLineSyntax, header, options, footer, false);",
    "info" : "ExpressionStatement[10586-10643]:ExpressionStatement[10586-10643]"
  }, {
    "left" : "public",
    "right" : "public",
    "info" : "Modifier[11163-11169]:Modifier[11163-11169]"
  }, {
    "left" : "void",
    "right" : "void",
    "info" : "PrimitiveType[11170-11174]:PrimitiveType[11170-11174]"
  }, {
    "left" : "printHelp",
    "right" : "printHelp",
    "info" : "SimpleName[11175-11184]:SimpleName[11175-11184]"
  }, {
    "left" : "String cmdLineSyntax",
    "right" : "String cmdLineSyntax",
    "info" : "SingleVariableDeclaration[11185-11205]:SingleVariableDeclaration[11185-11205]"
  }, {
    "left" : "String header",
    "right" : "String header",
    "info" : "SingleVariableDeclaration[11207-11220]:SingleVariableDeclaration[11207-11220]"
  }, {
    "left" : "Options options",
    "right" : "Options options",
    "info" : "SingleVariableDeclaration[11222-11237]:SingleVariableDeclaration[11222-11237]"
  }, {
    "left" : "String footer",
    "right" : "String footer",
    "info" : "SingleVariableDeclaration[11239-11252]:SingleVariableDeclaration[11239-11252]"
  }, {
    "left" : "boolean autoUsage",
    "right" : "boolean autoUsage",
    "info" : "SingleVariableDeclaration[11254-11271]:SingleVariableDeclaration[11254-11271]"
  }, {
    "left" : "{}",
    "right" : "{}",
    "info" : "Block[11277-11368]:Block[11277-11368]"
  }, {
    "left" : "printHelp(defaultWidth, cmdLineSyntax, header, options, footer, autoUsage);",
    "right" : "printHelp(defaultWidth, cmdLineSyntax, header, options, footer, autoUsage);",
    "info" : "ExpressionStatement[11287-11362]:ExpressionStatement[11287-11362]"
  }, {
    "left" : "public",
    "right" : "public",
    "info" : "Modifier[11865-11871]:Modifier[11865-11871]"
  }, {
    "left" : "void",
    "right" : "void",
    "info" : "PrimitiveType[11872-11876]:PrimitiveType[11872-11876]"
  }, {
    "left" : "printHelp",
    "right" : "printHelp",
    "info" : "SimpleName[11877-11886]:SimpleName[11877-11886]"
  }, {
    "left" : "int width",
    "right" : "int width",
    "info" : "SingleVariableDeclaration[11887-11896]:SingleVariableDeclaration[11887-11896]"
  }, {
    "left" : "String cmdLineSyntax",
    "right" : "String cmdLineSyntax",
    "info" : "SingleVariableDeclaration[11898-11918]:SingleVariableDeclaration[11898-11918]"
  }, {
    "left" : "String header",
    "right" : "String header",
    "info" : "SingleVariableDeclaration[11920-11933]:SingleVariableDeclaration[11920-11933]"
  }, {
    "left" : "Options options",
    "right" : "Options options",
    "info" : "SingleVariableDeclaration[11935-11950]:SingleVariableDeclaration[11935-11950]"
  }, {
    "left" : "String footer",
    "right" : "String footer",
    "info" : "SingleVariableDeclaration[11952-11965]:SingleVariableDeclaration[11952-11965]"
  }, {
    "left" : "{}",
    "right" : "{}",
    "info" : "Block[11971-12051]:Block[11971-12051]"
  }, {
    "left" : "printHelp(width, cmdLineSyntax, header, options, footer, false);",
    "right" : "printHelp(width, cmdLineSyntax, header, options, footer, false);",
    "info" : "ExpressionStatement[11981-12045]:ExpressionStatement[11981-12045]"
  }, {
    "left" : "public",
    "right" : "public",
    "info" : "Modifier[12639-12645]:Modifier[12639-12645]"
  }, {
    "left" : "void",
    "right" : "void",
    "info" : "PrimitiveType[12646-12650]:PrimitiveType[12646-12650]"
  }, {
    "left" : "printHelp",
    "right" : "printHelp",
    "info" : "SimpleName[12651-12660]:SimpleName[12651-12660]"
  }, {
    "left" : "int width",
    "right" : "int width",
    "info" : "SingleVariableDeclaration[12661-12670]:SingleVariableDeclaration[12661-12670]"
  }, {
    "left" : "String cmdLineSyntax",
    "right" : "String cmdLineSyntax",
    "info" : "SingleVariableDeclaration[12672-12692]:SingleVariableDeclaration[12672-12692]"
  }, {
    "left" : "String header",
    "right" : "String header",
    "info" : "SingleVariableDeclaration[12694-12707]:SingleVariableDeclaration[12694-12707]"
  }, {
    "left" : "Options options",
    "right" : "Options options",
    "info" : "SingleVariableDeclaration[12735-12750]:SingleVariableDeclaration[12735-12750]"
  }, {
    "left" : "String footer",
    "right" : "String footer",
    "info" : "SingleVariableDeclaration[12752-12765]:SingleVariableDeclaration[12752-12765]"
  }, {
    "left" : "boolean autoUsage",
    "right" : "boolean autoUsage",
    "info" : "SingleVariableDeclaration[12767-12784]:SingleVariableDeclaration[12767-12784]"
  }, {
    "left" : "{}",
    "right" : "{}",
    "info" : "Block[12790-12985]:Block[12790-12985]"
  }, {
    "left" : "PrintWriter pw = new PrintWriter(System.out);",
    "right" : "PrintWriter pw = new PrintWriter(System.out);",
    "info" : "VariableDeclarationStatement[12800-12845]:VariableDeclarationStatement[12800-12845]"
  }, {
    "left" : "printHelp(pw, width, cmdLineSyntax, header, options, defaultLeftPad, defaultDescPad, footer, autoUsage);",
    "right" : "printHelp(pw, width, cmdLineSyntax, header, options, defaultLeftPad, defaultDescPad, footer, autoUsage);",
    "info" : "ExpressionStatement[12855-12959]:ExpressionStatement[12855-12959]"
  }, {
    "left" : "pw.flush();",
    "right" : "pw.flush();",
    "info" : "ExpressionStatement[12968-12979]:ExpressionStatement[12968-12979]"
  }, {
    "left" : "public",
    "right" : "public",
    "info" : "Modifier[13762-13768]:Modifier[13762-13768]"
  }, {
    "left" : "void",
    "right" : "void",
    "info" : "PrimitiveType[13769-13773]:PrimitiveType[13769-13773]"
  }, {
    "left" : "printHelp",
    "right" : "printHelp",
    "info" : "SimpleName[13774-13783]:SimpleName[13774-13783]"
  }, {
    "left" : "PrintWriter pw",
    "right" : "PrintWriter pw",
    "info" : "SingleVariableDeclaration[13784-13798]:SingleVariableDeclaration[13784-13798]"
  }, {
    "left" : "int width",
    "right" : "int width",
    "info" : "SingleVariableDeclaration[13800-13809]:SingleVariableDeclaration[13800-13809]"
  }, {
    "left" : "String cmdLineSyntax",
    "right" : "String cmdLineSyntax",
    "info" : "SingleVariableDeclaration[13811-13831]:SingleVariableDeclaration[13811-13831]"
  }, {
    "left" : "String header",
    "right" : "String header",
    "info" : "SingleVariableDeclaration[13860-13873]:SingleVariableDeclaration[13860-13873]"
  }, {
    "left" : "Options options",
    "right" : "Options options",
    "info" : "SingleVariableDeclaration[13875-13890]:SingleVariableDeclaration[13875-13890]"
  }, {
    "left" : "int leftPad",
    "right" : "int leftPad",
    "info" : "SingleVariableDeclaration[13892-13903]:SingleVariableDeclaration[13892-13903]"
  }, {
    "left" : "int descPad",
    "right" : "int descPad",
    "info" : "SingleVariableDeclaration[13932-13943]:SingleVariableDeclaration[13932-13943]"
  }, {
    "left" : "String footer",
    "right" : "String footer",
    "info" : "SingleVariableDeclaration[13945-13958]:SingleVariableDeclaration[13945-13958]"
  }, {
    "left" : "{}",
    "right" : "{}",
    "info" : "Block[13964-14066]:Block[13964-14066]"
  }, {
    "left" : "printHelp(pw, width, cmdLineSyntax, header, options, leftPad, descPad, footer, false);",
    "right" : "printHelp(pw, width, cmdLineSyntax, header, options, leftPad, descPad, footer, false);",
    "info" : "ExpressionStatement[13974-14060]:ExpressionStatement[13974-14060]"
  }, {
    "left" : "public",
    "right" : "public",
    "info" : "Modifier[14935-14941]:Modifier[14935-14941]"
  }, {
    "left" : "void",
    "right" : "void",
    "info" : "PrimitiveType[14942-14946]:PrimitiveType[14942-14946]"
  }, {
    "left" : "printHelp",
    "right" : "printHelp",
    "info" : "SimpleName[14947-14956]:SimpleName[14947-14956]"
  }, {
    "left" : "PrintWriter pw",
    "right" : "PrintWriter pw",
    "info" : "SingleVariableDeclaration[14957-14971]:SingleVariableDeclaration[14957-14971]"
  }, {
    "left" : "int width",
    "right" : "int width",
    "info" : "SingleVariableDeclaration[14973-14982]:SingleVariableDeclaration[14973-14982]"
  }, {
    "left" : "String cmdLineSyntax",
    "right" : "String cmdLineSyntax",
    "info" : "SingleVariableDeclaration[14984-15004]:SingleVariableDeclaration[14984-15004]"
  }, {
    "left" : "String header",
    "right" : "String header",
    "info" : "SingleVariableDeclaration[15032-15045]:SingleVariableDeclaration[15032-15045]"
  }, {
    "left" : "Options options",
    "right" : "Options options",
    "info" : "SingleVariableDeclaration[15047-15062]:SingleVariableDeclaration[15047-15062]"
  }, {
    "left" : "int leftPad",
    "right" : "int leftPad",
    "info" : "SingleVariableDeclaration[15064-15075]:SingleVariableDeclaration[15064-15075]"
  }, {
    "left" : "int descPad",
    "right" : "int descPad",
    "info" : "SingleVariableDeclaration[15103-15114]:SingleVariableDeclaration[15103-15114]"
  }, {
    "left" : "String footer",
    "right" : "String footer",
    "info" : "SingleVariableDeclaration[15116-15129]:SingleVariableDeclaration[15116-15129]"
  }, {
    "left" : "boolean autoUsage",
    "right" : "boolean autoUsage",
    "info" : "SingleVariableDeclaration[15131-15148]:SingleVariableDeclaration[15131-15148]"
  }, {
    "left" : "{}",
    "right" : "{}",
    "info" : "Block[15154-15832]:Block[15154-15832]"
  }, {
    "left" : "if ((cmdLineSyntax == null) || (cmdLineSyntax.length() == 0))",
    "right" : "if ((cmdLineSyntax == null) || (cmdLineSyntax.length() == 0))",
    "info" : "IfStatement[15164-15323]:IfStatement[15164-15323]"
  }, {
    "left" : "{}",
    "right" : "{}",
    "info" : "Block[15234-15323]:Block[15234-15323]"
  }, {
    "left" : "throw new IllegalArgumentException(\"cmdLineSyntax not provided\");",
    "right" : "throw new IllegalArgumentException(\"cmdLineSyntax not provided\");",
    "info" : "ThrowStatement[15248-15313]:ThrowStatement[15248-15313]"
  }, {
    "left" : "if (autoUsage)",
    "right" : "if (autoUsage)",
    "info" : "IfStatement[15333-15509]:IfStatement[15333-15509]"
  }, {
    "left" : "{}",
    "right" : "{}",
    "info" : "Block[15356-15426]:Block[15356-15426]"
  }, {
    "left" : "printUsage(pw, width, cmdLineSyntax, options);",
    "right" : "printUsage(pw, width, cmdLineSyntax, options);",
    "info" : "ExpressionStatement[15370-15416]:ExpressionStatement[15370-15416]"
  }, {
    "left" : "{}",
    "right" : "{}",
    "info" : "Block[15448-15509]:Block[15448-15509]"
  }, {
    "left" : "printUsage(pw, width, cmdLineSyntax);",
    "right" : "printUsage(pw, width, cmdLineSyntax);",
    "info" : "ExpressionStatement[15462-15499]:ExpressionStatement[15462-15499]"
  }, {
    "left" : "if ((header != null) && (header.trim().length() > 0))",
    "right" : "if ((header != null) && (header.trim().length() > 0))",
    "info" : "IfStatement[15519-15637]:IfStatement[15519-15637]"
  }, {
    "left" : "{}",
    "right" : "{}",
    "info" : "Block[15581-15637]:Block[15581-15637]"
  }, {
    "left" : "printWrapped(pw, width, header);",
    "right" : "printWrapped(pw, width, header);",
    "info" : "ExpressionStatement[15595-15627]:ExpressionStatement[15595-15627]"
  }, {
    "left" : "printOptions(pw, width, options, leftPad, descPad);",
    "right" : "printOptions(pw, width, options, leftPad, descPad);",
    "info" : "ExpressionStatement[15647-15698]:ExpressionStatement[15647-15698]"
  }, {
    "left" : "if ((footer != null) && (footer.trim().length() > 0))",
    "right" : "if ((footer != null) && (footer.trim().length() > 0))",
    "info" : "IfStatement[15708-15826]:IfStatement[15708-15826]"
  }, {
    "left" : "{}",
    "right" : "{}",
    "info" : "Block[15770-15826]:Block[15770-15826]"
  }, {
    "left" : "printWrapped(pw, width, footer);",
    "right" : "printWrapped(pw, width, footer);",
    "info" : "ExpressionStatement[15784-15816]:ExpressionStatement[15784-15816]"
  }, {
    "left" : "public",
    "right" : "public",
    "info" : "Modifier[16140-16146]:Modifier[16140-16146]"
  }, {
    "left" : "void",
    "right" : "void",
    "info" : "PrimitiveType[16147-16151]:PrimitiveType[16147-16151]"
  }, {
    "left" : "printUsage",
    "right" : "printUsage",
    "info" : "SimpleName[16152-16162]:SimpleName[16152-16162]"
  }, {
    "left" : "PrintWriter pw",
    "right" : "PrintWriter pw",
    "info" : "SingleVariableDeclaration[16163-16177]:SingleVariableDeclaration[16163-16177]"
  }, {
    "left" : "int width",
    "right" : "int width",
    "info" : "SingleVariableDeclaration[16179-16188]:SingleVariableDeclaration[16179-16188]"
  }, {
    "left" : "String app",
    "right" : "String app",
    "info" : "SingleVariableDeclaration[16190-16200]:SingleVariableDeclaration[16190-16200]"
  }, {
    "left" : "Options options",
    "right" : "Options options",
    "info" : "SingleVariableDeclaration[16202-16217]:SingleVariableDeclaration[16202-16217]"
  }, {
    "left" : "{}",
    "right" : "{}",
    "info" : "Block[16223-17920]:Block[16223-17920]"
  }, {
    "left" : "StringBuffer buff = new StringBuffer(defaultSyntaxPrefix).append(app).append(\" \");",
    "right" : "StringBuffer buff = new StringBuffer(defaultSyntaxPrefix).append(app).append(\" \");",
    "info" : "VariableDeclarationStatement[16273-16355]:VariableDeclarationStatement[16273-16355]"
  }, {
    "left" : "final Collection processedGroups = new ArrayList();",
    "right" : "final Collection processedGroups = new ArrayList();",
    "info" : "VariableDeclarationStatement[16418-16469]:VariableDeclarationStatement[16418-16469]"
  }, {
    "left" : "Option option;",
    "right" : "Option option;",
    "info" : "VariableDeclarationStatement[16504-16518]:VariableDeclarationStatement[16504-16518]"
  }, {
    "left" : "List optList = new ArrayList(options.getOptions());",
    "right" : "List optList = new ArrayList(options.getOptions());",
    "info" : "VariableDeclarationStatement[16528-16579]:VariableDeclarationStatement[16528-16579]"
  }, {
    "left" : "Collections.sort(optList, getOptionComparator());",
    "right" : "Collections.sort(optList, getOptionComparator());",
    "info" : "ExpressionStatement[16588-16637]:ExpressionStatement[16588-16637]"
  }, {
    "left" : "for (Iterator i = optList.iterator(); i.hasNext())",
    "right" : "for (Iterator i = optList.iterator(); i.hasNext())",
    "info" : "ForStatement[16682-17799]:ForStatement[16682-17799]"
  }, {
    "left" : "{}",
    "right" : "{}",
    "info" : "Block[16742-17799]:Block[16742-17799]"
  }, {
    "left" : "option = (Option) i.next();",
    "right" : "option = (Option) i.next();",
    "info" : "ExpressionStatement[16791-16818]:ExpressionStatement[16791-16818]"
  }, {
    "left" : "OptionGroup group = options.getOptionGroup(option);",
    "right" : "OptionGroup group = options.getOptionGroup(option);",
    "info" : "VariableDeclarationStatement[16893-16944]:VariableDeclarationStatement[16893-16944]"
  }, {
    "left" : "if (group != null)",
    "right" : "if (group != null)",
    "info" : "IfStatement[17007-17697]:IfStatement[17007-17697]"
  }, {
    "left" : "{}",
    "right" : "{}",
    "info" : "Block[17038-17527]:Block[17038-17527]"
  }, {
    "left" : "if (!processedGroups.contains(group))",
    "right" : "if (!processedGroups.contains(group))",
    "info" : "IfStatement[17123-17401]:IfStatement[17123-17401]"
  }, {
    "left" : "{}",
    "right" : "{}",
    "info" : "Block[17177-17401]:Block[17177-17401]"
  }, {
    "left" : "processedGroups.add(group);",
    "right" : "processedGroups.add(group);",
    "info" : "ExpressionStatement[17258-17285]:ExpressionStatement[17258-17285]"
  }, {
    "left" : "appendOptionGroup(buff, group);",
    "right" : "appendOptionGroup(buff, group);",
    "info" : "ExpressionStatement[17352-17383]:ExpressionStatement[17352-17383]"
  }, {
    "left" : "{}",
    "right" : "{}",
    "info" : "Block[17617-17697]:Block[17617-17697]"
  }, {
    "left" : "appendOption(buff, option, option.isRequired());",
    "right" : "appendOption(buff, option, option.isRequired());",
    "info" : "ExpressionStatement[17635-17683]:ExpressionStatement[17635-17683]"
  }, {
    "left" : "if (i.hasNext())",
    "right" : "if (i.hasNext())",
    "info" : "IfStatement[17711-17789]:IfStatement[17711-17789]"
  }, {
    "left" : "{}",
    "right" : "{}",
    "info" : "Block[17740-17789]:Block[17740-17789]"
  }, {
    "left" : "buff.append(\" \");",
    "right" : "buff.append(\" \");",
    "info" : "ExpressionStatement[17758-17775]:ExpressionStatement[17758-17775]"
  }, {
    "left" : "printWrapped(pw, width, buff.toString().indexOf(' ') + 1, buff.toString());",
    "right" : "printWrapped(pw, width, buff.toString().indexOf(' ') + 1, buff.toString());",
    "info" : "ExpressionStatement[17839-17914]:ExpressionStatement[17839-17914]"
  }, {
    "left" : "private",
    "right" : "private",
    "info" : "Modifier[18293-18300]:Modifier[18293-18300]"
  }, {
    "left" : "void",
    "right" : "void",
    "info" : "PrimitiveType[18301-18305]:PrimitiveType[18301-18305]"
  }, {
    "left" : "appendOptionGroup",
    "right" : "appendOptionGroup",
    "info" : "SimpleName[18306-18323]:SimpleName[18306-18323]"
  }, {
    "left" : "final StringBuffer buff",
    "right" : "final StringBuffer buff",
    "info" : "SingleVariableDeclaration[18324-18347]:SingleVariableDeclaration[18324-18347]"
  }, {
    "left" : "final OptionGroup group",
    "right" : "final OptionGroup group",
    "info" : "SingleVariableDeclaration[18349-18372]:SingleVariableDeclaration[18349-18372]"
  }, {
    "left" : "{}",
    "right" : "{}",
    "info" : "Block[18378-19025]:Block[18378-19025]"
  }, {
    "left" : "if (!group.isRequired())",
    "right" : "if (!group.isRequired())",
    "info" : "IfStatement[18388-18462]:IfStatement[18388-18462]"
  }, {
    "left" : "{}",
    "right" : "{}",
    "info" : "Block[18421-18462]:Block[18421-18462]"
  }, {
    "left" : "buff.append(\"[\");",
    "right" : "buff.append(\"[\");",
    "info" : "ExpressionStatement[18435-18452]:ExpressionStatement[18435-18452]"
  }, {
    "left" : "List optList = new ArrayList(group.getOptions());",
    "right" : "List optList = new ArrayList(group.getOptions());",
    "info" : "VariableDeclarationStatement[18472-18521]:VariableDeclarationStatement[18472-18521]"
  }, {
    "left" : "Collections.sort(optList, getOptionComparator());",
    "right" : "Collections.sort(optList, getOptionComparator());",
    "info" : "ExpressionStatement[18530-18579]:ExpressionStatement[18530-18579]"
  }, {
    "left" : "for (Iterator i = optList.iterator(); i.hasNext())",
    "right" : "for (Iterator i = optList.iterator(); i.hasNext())",
    "info" : "ForStatement[18634-18935]:ForStatement[18634-18935]"
  }, {
    "left" : "{}",
    "right" : "{}",
    "info" : "Block[18694-18935]:Block[18694-18935]"
  }, {
    "left" : "appendOption(buff, (Option) i.next(), true);",
    "right" : "appendOption(buff, (Option) i.next(), true);",
    "info" : "ExpressionStatement[18787-18831]:ExpressionStatement[18787-18831]"
  }, {
    "left" : "if (i.hasNext())",
    "right" : "if (i.hasNext())",
    "info" : "IfStatement[18845-18925]:IfStatement[18845-18925]"
  }, {
    "left" : "{}",
    "right" : "{}",
    "info" : "Block[18874-18925]:Block[18874-18925]"
  }, {
    "left" : "buff.append(\" | \");",
    "right" : "buff.append(\" | \");",
    "info" : "ExpressionStatement[18892-18911]:ExpressionStatement[18892-18911]"
  }, {
    "left" : "if (!group.isRequired())",
    "right" : "if (!group.isRequired())",
    "info" : "IfStatement[18945-19019]:IfStatement[18945-19019]"
  }, {
    "left" : "{}",
    "right" : "{}",
    "info" : "Block[18978-19019]:Block[18978-19019]"
  }, {
    "left" : "buff.append(\"]\");",
    "right" : "buff.append(\"]\");",
    "info" : "ExpressionStatement[18992-19009]:ExpressionStatement[18992-19009]"
  }, {
    "left" : "private",
    "right" : "private",
    "info" : "Modifier[19273-19280]:Modifier[19273-19280]"
  }, {
    "left" : "void",
    "right" : "void",
    "info" : "PrimitiveType[19281-19285]:PrimitiveType[19281-19285]"
  }, {
    "left" : "appendOption",
    "right" : "appendOption",
    "info" : "SimpleName[19286-19298]:SimpleName[19286-19298]"
  }, {
    "left" : "final StringBuffer buff",
    "right" : "final StringBuffer buff",
    "info" : "SingleVariableDeclaration[19299-19322]:SingleVariableDeclaration[19299-19322]"
  }, {
    "left" : "final Option option",
    "right" : "final Option option",
    "info" : "SingleVariableDeclaration[19324-19343]:SingleVariableDeclaration[19324-19343]"
  }, {
    "left" : "final boolean required",
    "right" : "final boolean required",
    "info" : "SingleVariableDeclaration[19345-19367]:SingleVariableDeclaration[19345-19367]"
  }, {
    "left" : "{}",
    "right" : "{}",
    "info" : "Block[19373-20168]:Block[19373-20168]"
  }, {
    "left" : "if (!required)",
    "right" : "if (!required)",
    "info" : "IfStatement[19383-19447]:IfStatement[19383-19447]"
  }, {
    "left" : "{}",
    "right" : "{}",
    "info" : "Block[19406-19447]:Block[19406-19447]"
  }, {
    "left" : "buff.append(\"[\");",
    "right" : "buff.append(\"[\");",
    "info" : "ExpressionStatement[19420-19437]:ExpressionStatement[19420-19437]"
  }, {
    "left" : "if (option.getOpt() != null)",
    "right" : "if (option.getOpt() != null)",
    "info" : "IfStatement[19457-19651]:IfStatement[19457-19651]"
  }, {
    "left" : "{}",
    "right" : "{}",
    "info" : "Block[19494-19559]:Block[19494-19559]"
  }, {
    "left" : "buff.append(\"-\").append(option.getOpt());",
    "right" : "buff.append(\"-\").append(option.getOpt());",
    "info" : "ExpressionStatement[19508-19549]:ExpressionStatement[19508-19549]"
  }, {
    "left" : "{}",
    "right" : "{}",
    "info" : "Block[19581-19651]:Block[19581-19651]"
  }, {
    "left" : "buff.append(\"--\").append(option.getLongOpt());",
    "right" : "buff.append(\"--\").append(option.getLongOpt());",
    "info" : "ExpressionStatement[19595-19641]:ExpressionStatement[19595-19641]"
  }, {
    "left" : "if (option.hasArg() && (option.getArgName() == null || option.getArgName().length() != 0))",
    "right" : "if (option.hasArg() && (option.getArgName() == null || option.getArgName().length() != 0))",
    "info" : "IfStatement[19730-20030]:IfStatement[19730-20030]"
  }, {
    "left" : "{}",
    "right" : "{}",
    "info" : "Block[19829-20030]:Block[19829-20030]"
  }, {
    "left" : "buff.append(option.getOpt() == null ? longOptSeparator : \" \");",
    "right" : "buff.append(option.getOpt() == null ? longOptSeparator : \" \");",
    "info" : "ExpressionStatement[19843-19905]:ExpressionStatement[19843-19905]"
  }, {
    "left" : "buff.append(\"<\").append(option.getArgName() != null ? option.getArgName() : getArgName()).append(\">\");",
    "right" : "buff.append(\"<\").append(option.getArgName() != null ? option.getArgName() : getArgName()).append(\">\");",
    "info" : "ExpressionStatement[19918-20020]:ExpressionStatement[19918-20020]"
  }, {
    "left" : "if (!required)",
    "right" : "if (!required)",
    "info" : "IfStatement[20098-20162]:IfStatement[20098-20162]"
  }, {
    "left" : "{}",
    "right" : "{}",
    "info" : "Block[20121-20162]:Block[20121-20162]"
  }, {
    "left" : "buff.append(\"]\");",
    "right" : "buff.append(\"]\");",
    "info" : "ExpressionStatement[20135-20152]:ExpressionStatement[20135-20152]"
  }, {
    "left" : "public",
    "right" : "public",
    "info" : "Modifier[20473-20479]:Modifier[20473-20479]"
  }, {
    "left" : "void",
    "right" : "void",
    "info" : "PrimitiveType[20480-20484]:PrimitiveType[20480-20484]"
  }, {
    "left" : "printUsage",
    "right" : "printUsage",
    "info" : "SimpleName[20485-20495]:SimpleName[20485-20495]"
  }, {
    "left" : "PrintWriter pw",
    "right" : "PrintWriter pw",
    "info" : "SingleVariableDeclaration[20496-20510]:SingleVariableDeclaration[20496-20510]"
  }, {
    "left" : "int width",
    "right" : "int width",
    "info" : "SingleVariableDeclaration[20512-20521]:SingleVariableDeclaration[20512-20521]"
  }, {
    "left" : "String cmdLineSyntax",
    "right" : "String cmdLineSyntax",
    "info" : "SingleVariableDeclaration[20523-20543]:SingleVariableDeclaration[20523-20543]"
  }, {
    "left" : "{}",
    "right" : "{}",
    "info" : "Block[20549-20719]:Block[20549-20719]"
  }, {
    "left" : "int argPos = cmdLineSyntax.indexOf(' ') + 1;",
    "right" : "int argPos = cmdLineSyntax.indexOf(' ') + 1;",
    "info" : "VariableDeclarationStatement[20559-20603]:VariableDeclarationStatement[20559-20603]"
  }, {
    "left" : "printWrapped(pw, width, defaultSyntaxPrefix.length() + argPos, defaultSyntaxPrefix + cmdLineSyntax);",
    "right" : "printWrapped(pw, width, defaultSyntaxPrefix.length() + argPos, defaultSyntaxPrefix + cmdLineSyntax);",
    "info" : "ExpressionStatement[20613-20713]:ExpressionStatement[20613-20713]"
  }, {
    "left" : "public",
    "right" : "public",
    "info" : "Modifier[21258-21264]:Modifier[21258-21264]"
  }, {
    "left" : "void",
    "right" : "void",
    "info" : "PrimitiveType[21265-21269]:PrimitiveType[21265-21269]"
  }, {
    "left" : "printOptions",
    "right" : "printOptions",
    "info" : "SimpleName[21270-21282]:SimpleName[21270-21282]"
  }, {
    "left" : "PrintWriter pw",
    "right" : "PrintWriter pw",
    "info" : "SingleVariableDeclaration[21283-21297]:SingleVariableDeclaration[21283-21297]"
  }, {
    "left" : "int width",
    "right" : "int width",
    "info" : "SingleVariableDeclaration[21299-21308]:SingleVariableDeclaration[21299-21308]"
  }, {
    "left" : "Options options",
    "right" : "Options options",
    "info" : "SingleVariableDeclaration[21310-21325]:SingleVariableDeclaration[21310-21325]"
  }, {
    "left" : "int leftPad",
    "right" : "int leftPad",
    "info" : "SingleVariableDeclaration[21357-21368]:SingleVariableDeclaration[21357-21368]"
  }, {
    "left" : "int descPad",
    "right" : "int descPad",
    "info" : "SingleVariableDeclaration[21370-21381]:SingleVariableDeclaration[21370-21381]"
  }, {
    "left" : "{}",
    "right" : "{}",
    "info" : "Block[21387-21537]:Block[21387-21537]"
  }, {
    "left" : "StringBuffer sb = new StringBuffer();",
    "right" : "StringBuffer sb = new StringBuffer();",
    "info" : "VariableDeclarationStatement[21397-21434]:VariableDeclarationStatement[21397-21434]"
  }, {
    "left" : "renderOptions(sb, width, options, leftPad, descPad);",
    "right" : "renderOptions(sb, width, options, leftPad, descPad);",
    "info" : "ExpressionStatement[21444-21496]:ExpressionStatement[21444-21496]"
  }, {
    "left" : "pw.println(sb.toString());",
    "right" : "pw.println(sb.toString());",
    "info" : "ExpressionStatement[21505-21531]:ExpressionStatement[21505-21531]"
  }, {
    "left" : "public",
    "right" : "public",
    "info" : "Modifier[21808-21814]:Modifier[21808-21814]"
  }, {
    "left" : "void",
    "right" : "void",
    "info" : "PrimitiveType[21815-21819]:PrimitiveType[21815-21819]"
  }, {
    "left" : "printWrapped",
    "right" : "printWrapped",
    "info" : "SimpleName[21820-21832]:SimpleName[21820-21832]"
  }, {
    "left" : "PrintWriter pw",
    "right" : "PrintWriter pw",
    "info" : "SingleVariableDeclaration[21833-21847]:SingleVariableDeclaration[21833-21847]"
  }, {
    "left" : "int width",
    "right" : "int width",
    "info" : "SingleVariableDeclaration[21849-21858]:SingleVariableDeclaration[21849-21858]"
  }, {
    "left" : "String text",
    "right" : "String text",
    "info" : "SingleVariableDeclaration[21860-21871]:SingleVariableDeclaration[21860-21871]"
  }, {
    "left" : "{}",
    "right" : "{}",
    "info" : "Block[21877-21926]:Block[21877-21926]"
  }, {
    "left" : "printWrapped(pw, width, 0, text);",
    "right" : "printWrapped(pw, width, 0, text);",
    "info" : "ExpressionStatement[21887-21920]:ExpressionStatement[21887-21920]"
  }, {
    "left" : "public",
    "right" : "public",
    "info" : "Modifier[22276-22282]:Modifier[22276-22282]"
  }, {
    "left" : "void",
    "right" : "void",
    "info" : "PrimitiveType[22283-22287]:PrimitiveType[22283-22287]"
  }, {
    "left" : "printWrapped",
    "right" : "printWrapped",
    "info" : "SimpleName[22288-22300]:SimpleName[22288-22300]"
  }, {
    "left" : "PrintWriter pw",
    "right" : "PrintWriter pw",
    "info" : "SingleVariableDeclaration[22301-22315]:SingleVariableDeclaration[22301-22315]"
  }, {
    "left" : "int width",
    "right" : "int width",
    "info" : "SingleVariableDeclaration[22317-22326]:SingleVariableDeclaration[22317-22326]"
  }, {
    "left" : "int nextLineTabStop",
    "right" : "int nextLineTabStop",
    "info" : "SingleVariableDeclaration[22328-22347]:SingleVariableDeclaration[22328-22347]"
  }, {
    "left" : "String text",
    "right" : "String text",
    "info" : "SingleVariableDeclaration[22349-22360]:SingleVariableDeclaration[22349-22360]"
  }, {
    "left" : "{}",
    "right" : "{}",
    "info" : "Block[22366-22529]:Block[22366-22534]"
  }, {
    "left" : "StringBuffer sb = new StringBuffer(text.length());",
    "right" : "StringBuffer sb = new StringBuffer(text.length());",
    "info" : "VariableDeclarationStatement[22376-22426]:VariableDeclarationStatement[22376-22426]"
  }, {
    "left" : "renderWrappedText",
    "right" : "renderWrappedTextBlock",
    "info" : "SimpleName[22436-22453]:SimpleName[22436-22458]"
  }, {
    "left" : "renderWrappedText(sb, width, nextLineTabStop, text);",
    "right" : "renderWrappedTextBlock(sb, width, nextLineTabStop, text);",
    "info" : "ExpressionStatement[22436-22488]:ExpressionStatement[22436-22493]"
  }, {
    "left" : "pw.println(sb.toString());",
    "right" : "pw.println(sb.toString());",
    "info" : "ExpressionStatement[22497-22523]:ExpressionStatement[22502-22528]"
  }, {
    "left" : "protected",
    "right" : "protected",
    "info" : "Modifier[23189-23198]:Modifier[23194-23203]"
  }, {
    "left" : "StringBuffer",
    "right" : "StringBuffer",
    "info" : "SimpleType[23199-23211]:SimpleType[23204-23216]"
  }, {
    "left" : "renderOptions",
    "right" : "renderOptions",
    "info" : "SimpleName[23212-23225]:SimpleName[23217-23230]"
  }, {
    "left" : "StringBuffer sb",
    "right" : "StringBuffer sb",
    "info" : "SingleVariableDeclaration[23226-23241]:SingleVariableDeclaration[23231-23246]"
  }, {
    "left" : "int width",
    "right" : "int width",
    "info" : "SingleVariableDeclaration[23243-23252]:SingleVariableDeclaration[23248-23257]"
  }, {
    "left" : "Options options",
    "right" : "Options options",
    "info" : "SingleVariableDeclaration[23254-23269]:SingleVariableDeclaration[23259-23274]"
  }, {
    "left" : "int leftPad",
    "right" : "int leftPad",
    "info" : "SingleVariableDeclaration[23271-23282]:SingleVariableDeclaration[23276-23287]"
  }, {
    "left" : "int descPad",
    "right" : "int descPad",
    "info" : "SingleVariableDeclaration[23284-23295]:SingleVariableDeclaration[23289-23300]"
  }, {
    "left" : "{}",
    "right" : "{}",
    "info" : "Block[23301-25944]:Block[23306-25949]"
  }, {
    "left" : "final String lpad = createPadding(leftPad);",
    "right" : "final String lpad = createPadding(leftPad);",
    "info" : "VariableDeclarationStatement[23311-23354]:VariableDeclarationStatement[23316-23359]"
  }, {
    "left" : "final String dpad = createPadding(descPad);",
    "right" : "final String dpad = createPadding(descPad);",
    "info" : "VariableDeclarationStatement[23363-23406]:VariableDeclarationStatement[23368-23411]"
  }, {
    "left" : "int max = 0;",
    "right" : "int max = 0;",
    "info" : "VariableDeclarationStatement[23649-23661]:VariableDeclarationStatement[23654-23666]"
  }, {
    "left" : "StringBuffer optBuf;",
    "right" : "StringBuffer optBuf;",
    "info" : "VariableDeclarationStatement[23670-23690]:VariableDeclarationStatement[23675-23695]"
  }, {
    "left" : "List prefixList = new ArrayList();",
    "right" : "List prefixList = new ArrayList();",
    "info" : "VariableDeclarationStatement[23699-23733]:VariableDeclarationStatement[23704-23738]"
  }, {
    "left" : "List optList = options.helpOptions();",
    "right" : "List optList = options.helpOptions();",
    "info" : "VariableDeclarationStatement[23743-23780]:VariableDeclarationStatement[23748-23785]"
  }, {
    "left" : "Collections.sort(optList, getOptionComparator());",
    "right" : "Collections.sort(optList, getOptionComparator());",
    "info" : "ExpressionStatement[23790-23839]:ExpressionStatement[23795-23844]"
  }, {
    "left" : "for (Iterator i = optList.iterator(); i.hasNext())",
    "right" : "for (Iterator i = optList.iterator(); i.hasNext())",
    "info" : "ForStatement[23849-25164]:ForStatement[23854-25169]"
  }, {
    "left" : "{}",
    "right" : "{}",
    "info" : "Block[23909-25164]:Block[23914-25169]"
  }, {
    "left" : "Option option = (Option) i.next();",
    "right" : "Option option = (Option) i.next();",
    "info" : "VariableDeclarationStatement[23923-23957]:VariableDeclarationStatement[23928-23962]"
  }, {
    "left" : "optBuf = new StringBuffer();",
    "right" : "optBuf = new StringBuffer();",
    "info" : "ExpressionStatement[23970-23998]:ExpressionStatement[23975-24003]"
  }, {
    "left" : "if (option.getOpt() == null)",
    "right" : "if (option.getOpt() == null)",
    "info" : "IfStatement[24024-24488]:IfStatement[24029-24493]"
  }, {
    "left" : "{}",
    "right" : "{}",
    "info" : "Block[24065-24182]:Block[24070-24187]"
  }, {
    "left" : "optBuf.append(lpad).append(\"   \" + defaultLongOptPrefix).append(option.getLongOpt());",
    "right" : "optBuf.append(lpad).append(\"   \" + defaultLongOptPrefix).append(option.getLongOpt());",
    "info" : "ExpressionStatement[24083-24168]:ExpressionStatement[24088-24173]"
  }, {
    "left" : "{}",
    "right" : "{}",
    "info" : "Block[24212-24488]:Block[24217-24493]"
  }, {
    "left" : "optBuf.append(lpad).append(defaultOptPrefix).append(option.getOpt());",
    "right" : "optBuf.append(lpad).append(defaultOptPrefix).append(option.getOpt());",
    "info" : "ExpressionStatement[24230-24299]:ExpressionStatement[24235-24304]"
  }, {
    "left" : "if (option.hasLongOpt())",
    "right" : "if (option.hasLongOpt())",
    "info" : "IfStatement[24317-24474]:IfStatement[24322-24479]"
  }, {
    "left" : "{}",
    "right" : "{}",
    "info" : "Block[24358-24474]:Block[24363-24479]"
  }, {
    "left" : "optBuf.append(',').append(defaultLongOptPrefix).append(option.getLongOpt());",
    "right" : "optBuf.append(',').append(defaultLongOptPrefix).append(option.getLongOpt());",
    "info" : "ExpressionStatement[24380-24456]:ExpressionStatement[24385-24461]"
  }, {
    "left" : "if (option.hasArg())",
    "right" : "if (option.hasArg())",
    "info" : "IfStatement[24502-25050]:IfStatement[24507-25055]"
  }, {
    "left" : "{}",
    "right" : "{}",
    "info" : "Block[24535-25050]:Block[24540-25055]"
  }, {
    "left" : "String argName = option.getArgName();",
    "right" : "String argName = option.getArgName();",
    "info" : "VariableDeclarationStatement[24553-24590]:VariableDeclarationStatement[24558-24595]"
  }, {
    "left" : "if (argName != null && argName.length() == 0)",
    "right" : "if (argName != null && argName.length() == 0)",
    "info" : "IfStatement[24607-25036]:IfStatement[24612-25041]"
  }, {
    "left" : "{}",
    "right" : "{}",
    "info" : "Block[24669-24785]:Block[24674-24790]"
  }, {
    "left" : "optBuf.append(' ');",
    "right" : "optBuf.append(' ');",
    "info" : "ExpressionStatement[24748-24767]:ExpressionStatement[24753-24772]"
  }, {
    "left" : "{}",
    "right" : "{}",
    "info" : "Block[24823-25036]:Block[24828-25041]"
  }, {
    "left" : "optBuf.append(option.hasLongOpt() ? longOptSeparator : \" \");",
    "right" : "optBuf.append(option.hasLongOpt() ? longOptSeparator : \" \");",
    "info" : "ExpressionStatement[24845-24905]:ExpressionStatement[24850-24910]"
  }, {
    "left" : "optBuf.append(\"<\").append(argName != null ? option.getArgName() : getArgName()).append(\">\");",
    "right" : "optBuf.append(\"<\").append(argName != null ? option.getArgName() : getArgName()).append(\">\");",
    "info" : "ExpressionStatement[24926-25018]:ExpressionStatement[24931-25023]"
  }, {
    "left" : "prefixList.add(optBuf);",
    "right" : "prefixList.add(optBuf);",
    "info" : "ExpressionStatement[25064-25087]:ExpressionStatement[25069-25092]"
  }, {
    "left" : "max = (optBuf.length() > max) ? optBuf.length() : max;",
    "right" : "max = (optBuf.length() > max) ? optBuf.length() : max;",
    "info" : "ExpressionStatement[25100-25154]:ExpressionStatement[25105-25159]"
  }, {
    "left" : "int x = 0;",
    "right" : "int x = 0;",
    "info" : "VariableDeclarationStatement[25174-25184]:VariableDeclarationStatement[25179-25189]"
  }, {
    "left" : "for (Iterator i = optList.iterator(); i.hasNext())",
    "right" : "for (Iterator i = optList.iterator(); i.hasNext())",
    "info" : "ForStatement[25194-25918]:ForStatement[25199-25923]"
  }, {
    "left" : "{}",
    "right" : "{}",
    "info" : "Block[25254-25918]:Block[25259-25923]"
  }, {
    "left" : "Option option = (Option) i.next();",
    "right" : "Option option = (Option) i.next();",
    "info" : "VariableDeclarationStatement[25268-25302]:VariableDeclarationStatement[25273-25307]"
  }, {
    "left" : "optBuf = new StringBuffer(prefixList.get(x++).toString());",
    "right" : "optBuf = new StringBuffer(prefixList.get(x++).toString());",
    "info" : "ExpressionStatement[25315-25373]:ExpressionStatement[25320-25378]"
  }, {
    "left" : "if (optBuf.length() < max)",
    "right" : "if (optBuf.length() < max)",
    "info" : "IfStatement[25387-25510]:IfStatement[25392-25515]"
  }, {
    "left" : "{}",
    "right" : "{}",
    "info" : "Block[25426-25510]:Block[25431-25515]"
  }, {
    "left" : "optBuf.append(createPadding(max - optBuf.length()));",
    "right" : "optBuf.append(createPadding(max - optBuf.length()));",
    "info" : "ExpressionStatement[25444-25496]:ExpressionStatement[25449-25501]"
  }, {
    "left" : "optBuf.append(dpad);",
    "right" : "optBuf.append(dpad);",
    "info" : "ExpressionStatement[25524-25544]:ExpressionStatement[25529-25549]"
  }, {
    "left" : "int nextLineTabStop = max + descPad;",
    "right" : "int nextLineTabStop = max + descPad;",
    "info" : "VariableDeclarationStatement[25558-25594]:VariableDeclarationStatement[25563-25599]"
  }, {
    "left" : "if (option.getDescription() != null)",
    "right" : "if (option.getDescription() != null)",
    "info" : "IfStatement[25608-25728]:IfStatement[25613-25733]"
  }, {
    "left" : "{}",
    "right" : "{}",
    "info" : "Block[25657-25728]:Block[25662-25733]"
  }, {
    "left" : "optBuf.append(option.getDescription());",
    "right" : "optBuf.append(option.getDescription());",
    "info" : "ExpressionStatement[25675-25714]:ExpressionStatement[25680-25719]"
  }, {
    "left" : "renderWrappedText(sb, width, nextLineTabStop, optBuf.toString());",
    "right" : "renderWrappedText(sb, width, nextLineTabStop, optBuf.toString());",
    "info" : "ExpressionStatement[25742-25807]:ExpressionStatement[25747-25812]"
  }, {
    "left" : "if (i.hasNext())",
    "right" : "if (i.hasNext())",
    "info" : "IfStatement[25821-25908]:IfStatement[25826-25913]"
  }, {
    "left" : "{}",
    "right" : "{}",
    "info" : "Block[25850-25908]:Block[25855-25913]"
  }, {
    "left" : "sb.append(defaultNewLine);",
    "right" : "sb.append(defaultNewLine);",
    "info" : "ExpressionStatement[25868-25894]:ExpressionStatement[25873-25899]"
  }, {
    "left" : "return sb;",
    "right" : "return sb;",
    "info" : "ReturnStatement[25928-25938]:ReturnStatement[25933-25943]"
  }, {
    "left" : "protected",
    "right" : "protected",
    "info" : "Modifier[26394-26403]:Modifier[26399-26408]"
  }, {
    "left" : "StringBuffer",
    "right" : "StringBuffer",
    "info" : "SimpleType[26404-26416]:SimpleType[26409-26421]"
  }, {
    "left" : "renderWrappedText",
    "right" : "renderWrappedText",
    "info" : "SimpleName[26417-26434]:SimpleName[26422-26439]"
  }, {
    "left" : "StringBuffer sb",
    "right" : "StringBuffer sb",
    "info" : "SingleVariableDeclaration[26435-26450]:SingleVariableDeclaration[26440-26455]"
  }, {
    "left" : "int width",
    "right" : "int width",
    "info" : "SingleVariableDeclaration[26452-26461]:SingleVariableDeclaration[26457-26466]"
  }, {
    "left" : "int nextLineTabStop",
    "right" : "int nextLineTabStop",
    "info" : "SingleVariableDeclaration[26509-26528]:SingleVariableDeclaration[26514-26533]"
  }, {
    "left" : "String text",
    "right" : "String text",
    "info" : "SingleVariableDeclaration[26530-26541]:SingleVariableDeclaration[26535-26546]"
  }, {
    "left" : "{}",
    "right" : "{}",
    "info" : "Block[26547-27547]:Block[26552-27552]"
  }, {
    "left" : "int pos = findWrapPos(text, width, 0);",
    "right" : "int pos = findWrapPos(text, width, 0);",
    "info" : "VariableDeclarationStatement[26557-26595]:VariableDeclarationStatement[26562-26600]"
  }, {
    "left" : "if (pos == -1)",
    "right" : "if (pos == -1)",
    "info" : "IfStatement[26605-26699]:IfStatement[26610-26704]"
  }, {
    "left" : "{}",
    "right" : "{}",
    "info" : "Block[26628-26699]:Block[26633-26704]"
  }, {
    "left" : "sb.append(rtrim(text));",
    "right" : "sb.append(rtrim(text));",
    "info" : "ExpressionStatement[26642-26665]:ExpressionStatement[26647-26670]"
  }, {
    "left" : "return sb;",
    "right" : "return sb;",
    "info" : "ReturnStatement[26679-26689]:ReturnStatement[26684-26694]"
  }, {
    "left" : "sb.append(rtrim(text.substring(0, pos))).append(defaultNewLine);",
    "right" : "sb.append(rtrim(text.substring(0, pos))).append(defaultNewLine);",
    "info" : "ExpressionStatement[26708-26772]:ExpressionStatement[26713-26777]"
  }, {
    "left" : "if (nextLineTabStop >= width)",
    "right" : "if (nextLineTabStop >= width)",
    "info" : "IfStatement[26782-26909]:IfStatement[26787-26914]"
  }, {
    "left" : "{}",
    "right" : "{}",
    "info" : "Block[26820-26909]:Block[26825-26914]"
  }, {
    "left" : "nextLineTabStop = 1;",
    "right" : "nextLineTabStop = 1;",
    "info" : "ExpressionStatement[26879-26899]:ExpressionStatement[26884-26904]"
  }, {
    "left" : "final String padding = createPadding(nextLineTabStop);",
    "right" : "final String padding = createPadding(nextLineTabStop);",
    "info" : "VariableDeclarationStatement[27003-27057]:VariableDeclarationStatement[27008-27062]"
  }, {
    "left" : "while (true)",
    "right" : "while (true)",
    "info" : "WhileStatement[27067-27541]:WhileStatement[27072-27546]"
  }, {
    "left" : "{}",
    "right" : "{}",
    "info" : "Block[27088-27541]:Block[27093-27546]"
  }, {
    "left" : "text = padding + text.substring(pos).trim();",
    "right" : "text = padding + text.substring(pos).trim();",
    "info" : "ExpressionStatement[27102-27146]:ExpressionStatement[27107-27151]"
  }, {
    "left" : "pos = findWrapPos(text, width, 0);",
    "right" : "pos = findWrapPos(text, width, 0);",
    "info" : "ExpressionStatement[27159-27193]:ExpressionStatement[27164-27198]"
  }, {
    "left" : "if (pos == -1)",
    "right" : "if (pos == -1)",
    "info" : "IfStatement[27207-27310]:IfStatement[27212-27315]"
  }, {
    "left" : "{}",
    "right" : "{}",
    "info" : "Block[27234-27310]:Block[27239-27315]"
  }, {
    "left" : "sb.append(text);",
    "right" : "sb.append(text);",
    "info" : "ExpressionStatement[27252-27268]:ExpressionStatement[27257-27273]"
  }, {
    "left" : "return sb;",
    "right" : "return sb;",
    "info" : "ReturnStatement[27286-27296]:ReturnStatement[27291-27301]"
  }, {
    "left" : "if ((text.length() > width) && (pos == nextLineTabStop - 1))",
    "right" : "if ((text.length() > width) && (pos == nextLineTabStop - 1))",
    "info" : "IfStatement[27336-27453]:IfStatement[27341-27458]"
  }, {
    "left" : "{}",
    "right" : "{}",
    "info" : "Block[27409-27453]:Block[27414-27458]"
  }, {
    "left" : "pos = width;",
    "right" : "pos = width;",
    "info" : "ExpressionStatement[27427-27439]:ExpressionStatement[27432-27444]"
  }, {
    "left" : "sb.append(rtrim(text.substring(0, pos))).append(defaultNewLine);",
    "right" : "sb.append(rtrim(text.substring(0, pos))).append(defaultNewLine);",
    "info" : "ExpressionStatement[27467-27531]:ExpressionStatement[27472-27536]"
  }, {
    "left" : "protected",
    "right" : "protected",
    "info" : "Modifier[28729-28738]:Modifier[29365-29374]"
  }, {
    "left" : "int",
    "right" : "int",
    "info" : "PrimitiveType[28739-28742]:PrimitiveType[29375-29378]"
  }, {
    "left" : "findWrapPos",
    "right" : "findWrapPos",
    "info" : "SimpleName[28743-28754]:SimpleName[29379-29390]"
  }, {
    "left" : "String text",
    "right" : "String text",
    "info" : "SingleVariableDeclaration[28755-28766]:SingleVariableDeclaration[29391-29402]"
  }, {
    "left" : "int width",
    "right" : "int width",
    "info" : "SingleVariableDeclaration[28768-28777]:SingleVariableDeclaration[29404-29413]"
  }, {
    "left" : "int startPos",
    "right" : "int startPos",
    "info" : "SingleVariableDeclaration[28779-28791]:SingleVariableDeclaration[29415-29427]"
  }, {
    "left" : "{}",
    "right" : "{}",
    "info" : "Block[28797-29754]:Block[29433-30390]"
  }, {
    "left" : "int pos;",
    "right" : "int pos;",
    "info" : "VariableDeclarationStatement[28807-28815]:VariableDeclarationStatement[29443-29451]"
  }, {
    "left" : "if (((pos = text.indexOf('\\n', startPos)) != -1 && pos <= width)\n                || ((pos = text.indexOf('\\t', startPos)) != -1 && pos <= width))",
    "right" : "if (((pos = text.indexOf('\\n', startPos)) != -1 && pos <= width)\n                || ((pos = text.indexOf('\\t', startPos)) != -1 && pos <= width))",
    "info" : "IfStatement[28907-29195]:IfStatement[29543-29831]"
  }, {
    "left" : "{}",
    "right" : "{}",
    "info" : "Block[29061-29100]:Block[29697-29736]"
  }, {
    "left" : "return pos + 1;",
    "right" : "return pos + 1;",
    "info" : "ReturnStatement[29075-29090]:ReturnStatement[29711-29726]"
  }, {
    "left" : "if (startPos + width >= text.length())",
    "right" : "if (startPos + width >= text.length())",
    "info" : "IfStatement[29114-29195]:IfStatement[29750-29831]"
  }, {
    "left" : "{}",
    "right" : "{}",
    "info" : "Block[29161-29195]:Block[29797-29831]"
  }, {
    "left" : "return -1;",
    "right" : "return -1;",
    "info" : "ReturnStatement[29175-29185]:ReturnStatement[29811-29821]"
  }, {
    "left" : "pos = startPos + width;",
    "right" : "pos = startPos + width;",
    "info" : "ExpressionStatement[29278-29301]:ExpressionStatement[29914-29937]"
  }, {
    "left" : "char c;",
    "right" : "char c;",
    "info" : "VariableDeclarationStatement[29311-29318]:VariableDeclarationStatement[29947-29954]"
  }, {
    "left" : "while ((pos >= startPos) && ((c = text.charAt(pos)) != ' ')\n                && (c != '\\n') && (c != '\\r'))",
    "right" : "while ((pos >= startPos) && ((c = text.charAt(pos)) != ' ')\n                && (c != '\\n') && (c != '\\r'))",
    "info" : "WhileStatement[29328-29473]:WhileStatement[29964-30109]"
  }, {
    "left" : "{}",
    "right" : "{}",
    "info" : "Block[29443-29473]:Block[30079-30109]"
  }, {
    "left" : "--pos;",
    "right" : "--pos;",
    "info" : "ExpressionStatement[29457-29463]:ExpressionStatement[30093-30099]"
  }, {
    "left" : "if (pos > startPos)",
    "right" : "if (pos > startPos)",
    "info" : "IfStatement[29523-29586]:IfStatement[30159-30222]"
  }, {
    "left" : "{}",
    "right" : "{}",
    "info" : "Block[29551-29586]:Block[30187-30222]"
  }, {
    "left" : "return pos;",
    "right" : "return pos;",
    "info" : "ReturnStatement[29565-29576]:ReturnStatement[30201-30212]"
  }, {
    "left" : "pos = startPos + width;",
    "right" : "pos = startPos + width;",
    "info" : "ExpressionStatement[29668-29691]:ExpressionStatement[30304-30327]"
  }, {
    "left" : "return pos == text.length() ? -1 : pos;",
    "right" : "return pos == text.length() ? -1 : pos;",
    "info" : "ReturnStatement[29709-29748]:ReturnStatement[30345-30384]"
  }, {
    "left" : "protected",
    "right" : "protected",
    "info" : "Modifier[29954-29963]:Modifier[30590-30599]"
  }, {
    "left" : "String",
    "right" : "String",
    "info" : "SimpleType[29964-29970]:SimpleType[30600-30606]"
  }, {
    "left" : "createPadding",
    "right" : "createPadding",
    "info" : "SimpleName[29971-29984]:SimpleName[30607-30620]"
  }, {
    "left" : "int len",
    "right" : "int len",
    "info" : "SingleVariableDeclaration[29985-29992]:SingleVariableDeclaration[30621-30628]"
  }, {
    "left" : "{}",
    "right" : "{}",
    "info" : "Block[29998-30125]:Block[30634-30761]"
  }, {
    "left" : "char[] padding = new char[len];",
    "right" : "char[] padding = new char[len];",
    "info" : "VariableDeclarationStatement[30008-30039]:VariableDeclarationStatement[30644-30675]"
  }, {
    "left" : "Arrays.fill(padding, ' ');",
    "right" : "Arrays.fill(padding, ' ');",
    "info" : "ExpressionStatement[30048-30074]:ExpressionStatement[30684-30710]"
  }, {
    "left" : "return new String(padding);",
    "right" : "return new String(padding);",
    "info" : "ReturnStatement[30092-30119]:ReturnStatement[30728-30755]"
  }, {
    "left" : "protected",
    "right" : "protected",
    "info" : "Modifier[30348-30357]:Modifier[30984-30993]"
  }, {
    "left" : "String",
    "right" : "String",
    "info" : "SimpleType[30358-30364]:SimpleType[30994-31000]"
  }, {
    "left" : "rtrim",
    "right" : "rtrim",
    "info" : "SimpleName[30365-30370]:SimpleName[31001-31006]"
  }, {
    "left" : "String s",
    "right" : "String s",
    "info" : "SingleVariableDeclaration[30371-30379]:SingleVariableDeclaration[31007-31015]"
  }, {
    "left" : "{}",
    "right" : "{}",
    "info" : "Block[30385-30659]:Block[31021-31295]"
  }, {
    "left" : "if ((s == null) || (s.length() == 0))",
    "right" : "if ((s == null) || (s.length() == 0))",
    "info" : "IfStatement[30395-30474]:IfStatement[31031-31110]"
  }, {
    "left" : "{}",
    "right" : "{}",
    "info" : "Block[30441-30474]:Block[31077-31110]"
  }, {
    "left" : "return s;",
    "right" : "return s;",
    "info" : "ReturnStatement[30455-30464]:ReturnStatement[31091-31100]"
  }, {
    "left" : "int pos = s.length();",
    "right" : "int pos = s.length();",
    "info" : "VariableDeclarationStatement[30484-30505]:VariableDeclarationStatement[31120-31141]"
  }, {
    "left" : "while ((pos > 0) && Character.isWhitespace(s.charAt(pos - 1)))",
    "right" : "while ((pos > 0) && Character.isWhitespace(s.charAt(pos - 1)))",
    "info" : "WhileStatement[30515-30616]:WhileStatement[31151-31252]"
  }, {
    "left" : "{}",
    "right" : "{}",
    "info" : "Block[30586-30616]:Block[31222-31252]"
  }, {
    "left" : "--pos;",
    "right" : "--pos;",
    "info" : "ExpressionStatement[30600-30606]:ExpressionStatement[31236-31242]"
  }, {
    "left" : "return s.substring(0, pos);",
    "right" : "return s.substring(0, pos);",
    "info" : "ReturnStatement[30626-30653]:ReturnStatement[31262-31289]"
  }, {
    "left" : "private",
    "right" : "private",
    "info" : "Modifier[31018-31025]:Modifier[31654-31661]"
  }, {
    "left" : "static",
    "right" : "static",
    "info" : "Modifier[31026-31032]:Modifier[31662-31668]"
  }, {
    "left" : "class",
    "right" : "class",
    "info" : "TYPE_DECLARATION_KIND[31033-31038]:TYPE_DECLARATION_KIND[31669-31674]"
  }, {
    "left" : "public",
    "right" : "public",
    "info" : "Modifier[31617-31623]:Modifier[32253-32259]"
  }, {
    "left" : "int",
    "right" : "int",
    "info" : "PrimitiveType[31624-31627]:PrimitiveType[32260-32263]"
  }, {
    "left" : "compare",
    "right" : "compare",
    "info" : "SimpleName[31628-31635]:SimpleName[32264-32271]"
  }, {
    "left" : "Object o1",
    "right" : "Object o1",
    "info" : "SingleVariableDeclaration[31636-31645]:SingleVariableDeclaration[32272-32281]"
  }, {
    "left" : "Object o2",
    "right" : "Object o2",
    "info" : "SingleVariableDeclaration[31647-31656]:SingleVariableDeclaration[32283-32292]"
  }, {
    "left" : "{}",
    "right" : "{}",
    "info" : "Block[31666-31825]:Block[32302-32461]"
  }, {
    "left" : "Option opt1 = (Option) o1;",
    "right" : "Option opt1 = (Option) o1;",
    "info" : "VariableDeclarationStatement[31680-31706]:VariableDeclarationStatement[32316-32342]"
  }, {
    "left" : "Option opt2 = (Option) o2;",
    "right" : "Option opt2 = (Option) o2;",
    "info" : "VariableDeclarationStatement[31719-31745]:VariableDeclarationStatement[32355-32381]"
  }, {
    "left" : "return opt1.getKey().compareToIgnoreCase(opt2.getKey());",
    "right" : "return opt1.getKey().compareToIgnoreCase(opt2.getKey());",
    "info" : "ReturnStatement[31759-31815]:ReturnStatement[32395-32451]"
  } ]
}