{
  "matchedElements" : [
 {
    "left" : "class : StdValueInstantiator",
    "right" : "class : StdValueInstantiator",
    "info" : "TypeDeclaration[425-17980]:TypeDeclaration[425-18353]"
  }, {
    "left" : "serialVersionUID",
    "right" : "serialVersionUID",
    "info" : "FieldDeclaration[700-748]:FieldDeclaration[700-748]"
  }, {
    "left" : "_valueTypeDesc",
    "right" : "_valueTypeDesc",
    "info" : "FieldDeclaration[754-895]:FieldDeclaration[754-895]"
  }, {
    "left" : "_valueClass",
    "right" : "_valueClass",
    "info" : "FieldDeclaration[901-972]:FieldDeclaration[901-972]"
  }, {
    "left" : "_defaultCreator",
    "right" : "_defaultCreator",
    "info" : "FieldDeclaration[1023-1193]:FieldDeclaration[1023-1193]"
  }, {
    "left" : "_withArgsCreator",
    "right" : "_withArgsCreator",
    "info" : "FieldDeclaration[1253-1300]:FieldDeclaration[1253-1300]"
  }, {
    "left" : "_constructorArguments",
    "right" : "_constructorArguments",
    "info" : "FieldDeclaration[1305-1360]:FieldDeclaration[1305-1360]"
  }, {
    "left" : "_delegateType",
    "right" : "_delegateType",
    "info" : "FieldDeclaration[1406-1439]:FieldDeclaration[1406-1439]"
  }, {
    "left" : "_delegateCreator",
    "right" : "_delegateCreator",
    "info" : "FieldDeclaration[1444-1491]:FieldDeclaration[1444-1491]"
  }, {
    "left" : "_delegateArguments",
    "right" : "_delegateArguments",
    "info" : "FieldDeclaration[1496-1548]:FieldDeclaration[1496-1548]"
  }, {
    "left" : "_arrayDelegateType",
    "right" : "_arrayDelegateType",
    "info" : "FieldDeclaration[1596-1634]:FieldDeclaration[1596-1634]"
  }, {
    "left" : "_arrayDelegateCreator",
    "right" : "_arrayDelegateCreator",
    "info" : "FieldDeclaration[1639-1691]:FieldDeclaration[1639-1691]"
  }, {
    "left" : "_arrayDelegateArguments",
    "right" : "_arrayDelegateArguments",
    "info" : "FieldDeclaration[1696-1753]:FieldDeclaration[1696-1753]"
  }, {
    "left" : "_fromStringCreator",
    "right" : "_fromStringCreator",
    "info" : "FieldDeclaration[1797-1846]:FieldDeclaration[1797-1846]"
  }, {
    "left" : "_fromIntCreator",
    "right" : "_fromIntCreator",
    "info" : "FieldDeclaration[1851-1897]:FieldDeclaration[1851-1897]"
  }, {
    "left" : "_fromLongCreator",
    "right" : "_fromLongCreator",
    "info" : "FieldDeclaration[1902-1949]:FieldDeclaration[1902-1949]"
  }, {
    "left" : "_fromDoubleCreator",
    "right" : "_fromDoubleCreator",
    "info" : "FieldDeclaration[1954-2003]:FieldDeclaration[1954-2003]"
  }, {
    "left" : "_fromBooleanCreator",
    "right" : "_fromBooleanCreator",
    "info" : "FieldDeclaration[2008-2058]:FieldDeclaration[2008-2058]"
  }, {
    "left" : "_incompleteParameter",
    "right" : "_incompleteParameter",
    "info" : "FieldDeclaration[2096-2147]:FieldDeclaration[2096-2147]"
  }, {
    "left" : "public StdValueInstantiator(config , valueType )",
    "right" : "public StdValueInstantiator(config , valueType )",
    "info" : "MethodDeclaration[2319-2672]:MethodDeclaration[2319-2672]"
  }, {
    "left" : "public StdValueInstantiator(config , valueType )",
    "right" : "public StdValueInstantiator(config , valueType )",
    "info" : "MethodDeclaration[2678-2933]:MethodDeclaration[2678-2933]"
  }, {
    "left" : "protected StdValueInstantiator(src )",
    "right" : "protected StdValueInstantiator(src )",
    "info" : "MethodDeclaration[2939-3965]:MethodDeclaration[2939-3965]"
  }, {
    "left" : "public configureFromObjectSettings(defaultCreator , delegateCreator , delegateType , delegateArgs , withArgsCreator , constructorArgs ...) : void",
    "right" : "public configureFromObjectSettings(defaultCreator , delegateCreator , delegateType , delegateArgs , withArgsCreator , constructorArgs ...) : void",
    "info" : "MethodDeclaration[3971-4728]:MethodDeclaration[3971-4728]"
  }, {
    "left" : "public configureFromArraySettings(arrayDelegateCreator , arrayDelegateType , arrayDelegateArgs ...) : void",
    "right" : "public configureFromArraySettings(arrayDelegateCreator , arrayDelegateType , arrayDelegateArgs ...) : void",
    "info" : "MethodDeclaration[4734-5088]:MethodDeclaration[4734-5088]"
  }, {
    "left" : "public configureFromStringCreator(creator ) : void",
    "right" : "public configureFromStringCreator(creator ) : void",
    "info" : "MethodDeclaration[5094-5207]:MethodDeclaration[5094-5207]"
  }, {
    "left" : "public configureFromIntCreator(creator ) : void",
    "right" : "public configureFromIntCreator(creator ) : void",
    "info" : "MethodDeclaration[5213-5320]:MethodDeclaration[5213-5320]"
  }, {
    "left" : "public configureFromLongCreator(creator ) : void",
    "right" : "public configureFromLongCreator(creator ) : void",
    "info" : "MethodDeclaration[5326-5435]:MethodDeclaration[5326-5435]"
  }, {
    "left" : "public configureFromDoubleCreator(creator ) : void",
    "right" : "public configureFromDoubleCreator(creator ) : void",
    "info" : "MethodDeclaration[5441-5554]:MethodDeclaration[5441-5554]"
  }, {
    "left" : "public configureFromBooleanCreator(creator ) : void",
    "right" : "public configureFromBooleanCreator(creator ) : void",
    "info" : "MethodDeclaration[5560-5675]:MethodDeclaration[5560-5675]"
  }, {
    "left" : "public configureIncompleteParameter(parameter ) : void",
    "right" : "public configureIncompleteParameter(parameter ) : void",
    "info" : "MethodDeclaration[5681-5801]:MethodDeclaration[5681-5801]"
  }, {
    "left" : "public getValueTypeDesc() : ",
    "right" : "public getValueTypeDesc() : ",
    "info" : "MethodDeclaration[5998-6083]:MethodDeclaration[5998-6083]"
  }, {
    "left" : "public getValueClass() : ",
    "right" : "public getValueClass() : ",
    "info" : "MethodDeclaration[6089-6170]:MethodDeclaration[6089-6170]"
  }, {
    "left" : "public canCreateFromString() : boolean",
    "right" : "public canCreateFromString() : boolean",
    "info" : "MethodDeclaration[6176-6279]:MethodDeclaration[6176-6279]"
  }, {
    "left" : "public canCreateFromInt() : boolean",
    "right" : "public canCreateFromInt() : boolean",
    "info" : "MethodDeclaration[6285-6382]:MethodDeclaration[6285-6382]"
  }, {
    "left" : "public canCreateFromLong() : boolean",
    "right" : "public canCreateFromLong() : boolean",
    "info" : "MethodDeclaration[6388-6487]:MethodDeclaration[6388-6487]"
  }, {
    "left" : "public canCreateFromDouble() : boolean",
    "right" : "public canCreateFromDouble() : boolean",
    "info" : "MethodDeclaration[6493-6596]:MethodDeclaration[6493-6596]"
  }, {
    "left" : "public canCreateFromBoolean() : boolean",
    "right" : "public canCreateFromBoolean() : boolean",
    "info" : "MethodDeclaration[6602-6707]:MethodDeclaration[6602-6707]"
  }, {
    "left" : "public canCreateUsingDefault() : boolean",
    "right" : "public canCreateUsingDefault() : boolean",
    "info" : "MethodDeclaration[6713-6815]:MethodDeclaration[6713-6815]"
  }, {
    "left" : "public canCreateUsingDelegate() : boolean",
    "right" : "public canCreateUsingDelegate() : boolean",
    "info" : "MethodDeclaration[6821-6922]:MethodDeclaration[6821-6922]"
  }, {
    "left" : "public canCreateUsingArrayDelegate() : boolean",
    "right" : "public canCreateUsingArrayDelegate() : boolean",
    "info" : "MethodDeclaration[6928-7039]:MethodDeclaration[6928-7039]"
  }, {
    "left" : "public canCreateFromObjectWith() : boolean",
    "right" : "public canCreateFromObjectWith() : boolean",
    "info" : "MethodDeclaration[7045-7150]:MethodDeclaration[7045-7150]"
  }, {
    "left" : "public getDelegateType(config ) : ",
    "right" : "public getDelegateType(config ) : ",
    "info" : "MethodDeclaration[7157-7270]:MethodDeclaration[7530-7643]"
  }, {
    "left" : "public getArrayDelegateType(config ) : ",
    "right" : "public getArrayDelegateType(config ) : ",
    "info" : "MethodDeclaration[7276-7399]:MethodDeclaration[7649-7772]"
  }, {
    "left" : "public getFromObjectArguments(config ) : ",
    "right" : "public getFromObjectArguments(config ) : ",
    "info" : "MethodDeclaration[7405-7547]:MethodDeclaration[7778-7920]"
  }, {
    "left" : "public createUsingDefault(ctxt ) : ",
    "right" : "public createUsingDefault(ctxt ) : ",
    "info" : "MethodDeclaration[7770-8255]:MethodDeclaration[8143-8628]"
  }, {
    "left" : "public createFromObjectWith(ctxt , args ) : ",
    "right" : "public createFromObjectWith(ctxt , args ) : ",
    "info" : "MethodDeclaration[8261-8778]:MethodDeclaration[8634-9151]"
  }, {
    "left" : "public createUsingDelegate(ctxt , delegate ) : ",
    "right" : "public createUsingDelegate(ctxt , delegate ) : ",
    "info" : "MethodDeclaration[8784-9301]:MethodDeclaration[9157-9674]"
  }, {
    "left" : "public createUsingArrayDelegate(ctxt , delegate ) : ",
    "right" : "public createUsingArrayDelegate(ctxt , delegate ) : ",
    "info" : "MethodDeclaration[9307-9807]:MethodDeclaration[9680-10180]"
  }, {
    "left" : "public createFromString(ctxt , value ) : ",
    "right" : "public createFromString(ctxt , value ) : ",
    "info" : "MethodDeclaration[10023-10508]:MethodDeclaration[10396-10881]"
  }, {
    "left" : "public createFromInt(ctxt , value int) : ",
    "right" : "public createFromInt(ctxt , value int) : ",
    "info" : "MethodDeclaration[10518-11517]:MethodDeclaration[10891-11890]"
  }, {
    "left" : "public createFromLong(ctxt , value long) : ",
    "right" : "public createFromLong(ctxt , value long) : ",
    "info" : "MethodDeclaration[11523-12032]:MethodDeclaration[11896-12405]"
  }, {
    "left" : "public createFromDouble(ctxt , value double) : ",
    "right" : "public createFromDouble(ctxt , value double) : ",
    "info" : "MethodDeclaration[12038-12561]:MethodDeclaration[12411-12934]"
  }, {
    "left" : "public createFromBoolean(ctxt , value boolean) : ",
    "right" : "public createFromBoolean(ctxt , value boolean) : ",
    "info" : "MethodDeclaration[12567-13104]:MethodDeclaration[12940-13477]"
  }, {
    "left" : "public getDelegateCreator() : ",
    "right" : "public getDelegateCreator() : ",
    "info" : "MethodDeclaration[13313-13415]:MethodDeclaration[13686-13788]"
  }, {
    "left" : "public getArrayDelegateCreator() : ",
    "right" : "public getArrayDelegateCreator() : ",
    "info" : "MethodDeclaration[13421-13533]:MethodDeclaration[13794-13906]"
  }, {
    "left" : "public getDefaultCreator() : ",
    "right" : "public getDefaultCreator() : ",
    "info" : "MethodDeclaration[13539-13639]:MethodDeclaration[13912-14012]"
  }, {
    "left" : "public getWithArgsCreator() : ",
    "right" : "public getWithArgsCreator() : ",
    "info" : "MethodDeclaration[13645-13747]:MethodDeclaration[14018-14120]"
  }, {
    "left" : "public getIncompleteParameter() : ",
    "right" : "public getIncompleteParameter() : ",
    "info" : "MethodDeclaration[13753-13862]:MethodDeclaration[14126-14235]"
  }, {
    "left" : "protected wrapException(t ) : ",
    "right" : "protected wrapException(t ) : ",
    "info" : "MethodDeclaration[14036-14772]:MethodDeclaration[14409-15145]"
  }, {
    "left" : "protected unwrapAndWrapException(ctxt , t ) : ",
    "right" : "protected unwrapAndWrapException(ctxt , t ) : ",
    "info" : "MethodDeclaration[14778-15346]:MethodDeclaration[15151-15719]"
  }, {
    "left" : "protected wrapAsJsonMappingException(ctxt , t ) : ",
    "right" : "protected wrapAsJsonMappingException(ctxt , t ) : ",
    "info" : "MethodDeclaration[15352-15761]:MethodDeclaration[15725-16134]"
  }, {
    "left" : "protected rewrapCtorProblem(ctxt , t ) : ",
    "right" : "protected rewrapCtorProblem(ctxt , t ) : ",
    "info" : "MethodDeclaration[15767-16444]:MethodDeclaration[16140-16817]"
  }, {
    "left" : "private _createUsingDelegate(delegateCreator , delegateArguments , ctxt , delegate ) : ",
    "right" : "private _createUsingDelegate(delegateCreator , delegateArguments , ctxt , delegate ) : ",
    "info" : "MethodDeclaration[16616-17978]:MethodDeclaration[16989-18351]"
  } ],
  "mappings" : [
 {
    "left" : "@JacksonStdImpl",
    "right" : "@JacksonStdImpl",
    "info" : "MarkerAnnotation[578-593]:MarkerAnnotation[578-593]"
  }, {
    "left" : "public",
    "right" : "public",
    "info" : "Modifier[594-600]:Modifier[594-600]"
  }, {
    "left" : "class",
    "right" : "class",
    "info" : "TYPE_DECLARATION_KIND[601-606]:TYPE_DECLARATION_KIND[601-606]"
  }, {
    "left" : "@Deprecated",
    "right" : "@Deprecated",
    "info" : "MarkerAnnotation[2416-2427]:MarkerAnnotation[2416-2427]"
  }, {
    "left" : "public",
    "right" : "public",
    "info" : "Modifier[2432-2438]:Modifier[2432-2438]"
  }, {
    "left" : "StdValueInstantiator",
    "right" : "StdValueInstantiator",
    "info" : "SimpleName[2439-2459]:SimpleName[2439-2459]"
  }, {
    "left" : "DeserializationConfig config",
    "right" : "DeserializationConfig config",
    "info" : "SingleVariableDeclaration[2460-2488]:SingleVariableDeclaration[2460-2488]"
  }, {
    "left" : "Class<?> valueType",
    "right" : "Class<?> valueType",
    "info" : "SingleVariableDeclaration[2490-2508]:SingleVariableDeclaration[2490-2508]"
  }, {
    "left" : "{}",
    "right" : "{}",
    "info" : "Block[2510-2672]:Block[2510-2672]"
  }, {
    "left" : "_valueTypeDesc = (valueType == null) ? \"UNKNOWN TYPE\" : valueType.getName();",
    "right" : "_valueTypeDesc = (valueType == null) ? \"UNKNOWN TYPE\" : valueType.getName();",
    "info" : "ExpressionStatement[2520-2596]:ExpressionStatement[2520-2596]"
  }, {
    "left" : "_valueClass = (valueType == null) ? Object.class : valueType;",
    "right" : "_valueClass = (valueType == null) ? Object.class : valueType;",
    "info" : "ExpressionStatement[2605-2666]:ExpressionStatement[2605-2666]"
  }, {
    "left" : "public",
    "right" : "public",
    "info" : "Modifier[2678-2684]:Modifier[2678-2684]"
  }, {
    "left" : "StdValueInstantiator",
    "right" : "StdValueInstantiator",
    "info" : "SimpleName[2685-2705]:SimpleName[2685-2705]"
  }, {
    "left" : "DeserializationConfig config",
    "right" : "DeserializationConfig config",
    "info" : "SingleVariableDeclaration[2706-2734]:SingleVariableDeclaration[2706-2734]"
  }, {
    "left" : "JavaType valueType",
    "right" : "JavaType valueType",
    "info" : "SingleVariableDeclaration[2736-2754]:SingleVariableDeclaration[2736-2754]"
  }, {
    "left" : "{}",
    "right" : "{}",
    "info" : "Block[2756-2933]:Block[2756-2933]"
  }, {
    "left" : "_valueTypeDesc = (valueType == null) ? \"UNKNOWN TYPE\" : valueType.toString();",
    "right" : "_valueTypeDesc = (valueType == null) ? \"UNKNOWN TYPE\" : valueType.toString();",
    "info" : "ExpressionStatement[2766-2843]:ExpressionStatement[2766-2843]"
  }, {
    "left" : "_valueClass = (valueType == null) ? Object.class : valueType.getRawClass();",
    "right" : "_valueClass = (valueType == null) ? Object.class : valueType.getRawClass();",
    "info" : "ExpressionStatement[2852-2927]:ExpressionStatement[2852-2927]"
  }, {
    "left" : "protected",
    "right" : "protected",
    "info" : "Modifier[3068-3077]:Modifier[3068-3077]"
  }, {
    "left" : "StdValueInstantiator",
    "right" : "StdValueInstantiator",
    "info" : "SimpleName[3078-3098]:SimpleName[3078-3098]"
  }, {
    "left" : "StdValueInstantiator src",
    "right" : "StdValueInstantiator src",
    "info" : "SingleVariableDeclaration[3099-3123]:SingleVariableDeclaration[3099-3123]"
  }, {
    "left" : "{}",
    "right" : "{}",
    "info" : "Block[3129-3965]:Block[3129-3965]"
  }, {
    "left" : "_valueTypeDesc = src._valueTypeDesc;",
    "right" : "_valueTypeDesc = src._valueTypeDesc;",
    "info" : "ExpressionStatement[3139-3175]:ExpressionStatement[3139-3175]"
  }, {
    "left" : "_valueClass = src._valueClass;",
    "right" : "_valueClass = src._valueClass;",
    "info" : "ExpressionStatement[3184-3214]:ExpressionStatement[3184-3214]"
  }, {
    "left" : "_defaultCreator = src._defaultCreator;",
    "right" : "_defaultCreator = src._defaultCreator;",
    "info" : "ExpressionStatement[3224-3262]:ExpressionStatement[3224-3262]"
  }, {
    "left" : "_constructorArguments = src._constructorArguments;",
    "right" : "_constructorArguments = src._constructorArguments;",
    "info" : "ExpressionStatement[3272-3322]:ExpressionStatement[3272-3322]"
  }, {
    "left" : "_withArgsCreator = src._withArgsCreator;",
    "right" : "_withArgsCreator = src._withArgsCreator;",
    "info" : "ExpressionStatement[3331-3371]:ExpressionStatement[3331-3371]"
  }, {
    "left" : "_delegateType = src._delegateType;",
    "right" : "_delegateType = src._delegateType;",
    "info" : "ExpressionStatement[3381-3415]:ExpressionStatement[3381-3415]"
  }, {
    "left" : "_delegateCreator = src._delegateCreator;",
    "right" : "_delegateCreator = src._delegateCreator;",
    "info" : "ExpressionStatement[3424-3464]:ExpressionStatement[3424-3464]"
  }, {
    "left" : "_delegateArguments = src._delegateArguments;",
    "right" : "_delegateArguments = src._delegateArguments;",
    "info" : "ExpressionStatement[3473-3517]:ExpressionStatement[3473-3517]"
  }, {
    "left" : "_arrayDelegateType = src._arrayDelegateType;",
    "right" : "_arrayDelegateType = src._arrayDelegateType;",
    "info" : "ExpressionStatement[3527-3571]:ExpressionStatement[3527-3571]"
  }, {
    "left" : "_arrayDelegateCreator = src._arrayDelegateCreator;",
    "right" : "_arrayDelegateCreator = src._arrayDelegateCreator;",
    "info" : "ExpressionStatement[3580-3630]:ExpressionStatement[3580-3630]"
  }, {
    "left" : "_arrayDelegateArguments = src._arrayDelegateArguments;",
    "right" : "_arrayDelegateArguments = src._arrayDelegateArguments;",
    "info" : "ExpressionStatement[3639-3693]:ExpressionStatement[3639-3693]"
  }, {
    "left" : "_fromStringCreator = src._fromStringCreator;",
    "right" : "_fromStringCreator = src._fromStringCreator;",
    "info" : "ExpressionStatement[3711-3755]:ExpressionStatement[3711-3755]"
  }, {
    "left" : "_fromIntCreator = src._fromIntCreator;",
    "right" : "_fromIntCreator = src._fromIntCreator;",
    "info" : "ExpressionStatement[3764-3802]:ExpressionStatement[3764-3802]"
  }, {
    "left" : "_fromLongCreator = src._fromLongCreator;",
    "right" : "_fromLongCreator = src._fromLongCreator;",
    "info" : "ExpressionStatement[3811-3851]:ExpressionStatement[3811-3851]"
  }, {
    "left" : "_fromDoubleCreator = src._fromDoubleCreator;",
    "right" : "_fromDoubleCreator = src._fromDoubleCreator;",
    "info" : "ExpressionStatement[3860-3904]:ExpressionStatement[3860-3904]"
  }, {
    "left" : "_fromBooleanCreator = src._fromBooleanCreator;",
    "right" : "_fromBooleanCreator = src._fromBooleanCreator;",
    "info" : "ExpressionStatement[3913-3959]:ExpressionStatement[3913-3959]"
  }, {
    "left" : "public",
    "right" : "public",
    "info" : "Modifier[4183-4189]:Modifier[4183-4189]"
  }, {
    "left" : "void",
    "right" : "void",
    "info" : "PrimitiveType[4190-4194]:PrimitiveType[4190-4194]"
  }, {
    "left" : "configureFromObjectSettings",
    "right" : "configureFromObjectSettings",
    "info" : "SimpleName[4195-4222]:SimpleName[4195-4222]"
  }, {
    "left" : "AnnotatedWithParams defaultCreator",
    "right" : "AnnotatedWithParams defaultCreator",
    "info" : "SingleVariableDeclaration[4223-4257]:SingleVariableDeclaration[4223-4257]"
  }, {
    "left" : "AnnotatedWithParams delegateCreator",
    "right" : "AnnotatedWithParams delegateCreator",
    "info" : "SingleVariableDeclaration[4271-4306]:SingleVariableDeclaration[4271-4306]"
  }, {
    "left" : "JavaType delegateType",
    "right" : "JavaType delegateType",
    "info" : "SingleVariableDeclaration[4308-4329]:SingleVariableDeclaration[4308-4329]"
  }, {
    "left" : "SettableBeanProperty[] delegateArgs",
    "right" : "SettableBeanProperty[] delegateArgs",
    "info" : "SingleVariableDeclaration[4331-4366]:SingleVariableDeclaration[4331-4366]"
  }, {
    "left" : "AnnotatedWithParams withArgsCreator",
    "right" : "AnnotatedWithParams withArgsCreator",
    "info" : "SingleVariableDeclaration[4380-4415]:SingleVariableDeclaration[4380-4415]"
  }, {
    "left" : "SettableBeanProperty[] constructorArgs",
    "right" : "SettableBeanProperty[] constructorArgs",
    "info" : "SingleVariableDeclaration[4417-4455]:SingleVariableDeclaration[4417-4455]"
  }, {
    "left" : "{}",
    "right" : "{}",
    "info" : "Block[4461-4728]:Block[4461-4728]"
  }, {
    "left" : "_defaultCreator = defaultCreator;",
    "right" : "_defaultCreator = defaultCreator;",
    "info" : "ExpressionStatement[4471-4504]:ExpressionStatement[4471-4504]"
  }, {
    "left" : "_delegateCreator = delegateCreator;",
    "right" : "_delegateCreator = delegateCreator;",
    "info" : "ExpressionStatement[4513-4548]:ExpressionStatement[4513-4548]"
  }, {
    "left" : "_delegateType = delegateType;",
    "right" : "_delegateType = delegateType;",
    "info" : "ExpressionStatement[4557-4586]:ExpressionStatement[4557-4586]"
  }, {
    "left" : "_delegateArguments = delegateArgs;",
    "right" : "_delegateArguments = delegateArgs;",
    "info" : "ExpressionStatement[4595-4629]:ExpressionStatement[4595-4629]"
  }, {
    "left" : "_withArgsCreator = withArgsCreator;",
    "right" : "_withArgsCreator = withArgsCreator;",
    "info" : "ExpressionStatement[4638-4673]:ExpressionStatement[4638-4673]"
  }, {
    "left" : "_constructorArguments = constructorArgs;",
    "right" : "_constructorArguments = constructorArgs;",
    "info" : "ExpressionStatement[4682-4722]:ExpressionStatement[4682-4722]"
  }, {
    "left" : "public",
    "right" : "public",
    "info" : "Modifier[4734-4740]:Modifier[4734-4740]"
  }, {
    "left" : "void",
    "right" : "void",
    "info" : "PrimitiveType[4741-4745]:PrimitiveType[4741-4745]"
  }, {
    "left" : "configureFromArraySettings",
    "right" : "configureFromArraySettings",
    "info" : "SimpleName[4746-4772]:SimpleName[4746-4772]"
  }, {
    "left" : "AnnotatedWithParams arrayDelegateCreator",
    "right" : "AnnotatedWithParams arrayDelegateCreator",
    "info" : "SingleVariableDeclaration[4786-4826]:SingleVariableDeclaration[4786-4826]"
  }, {
    "left" : "JavaType arrayDelegateType",
    "right" : "JavaType arrayDelegateType",
    "info" : "SingleVariableDeclaration[4840-4866]:SingleVariableDeclaration[4840-4866]"
  }, {
    "left" : "SettableBeanProperty[] arrayDelegateArgs",
    "right" : "SettableBeanProperty[] arrayDelegateArgs",
    "info" : "SingleVariableDeclaration[4880-4920]:SingleVariableDeclaration[4880-4920]"
  }, {
    "left" : "{}",
    "right" : "{}",
    "info" : "Block[4926-5088]:Block[4926-5088]"
  }, {
    "left" : "_arrayDelegateCreator = arrayDelegateCreator;",
    "right" : "_arrayDelegateCreator = arrayDelegateCreator;",
    "info" : "ExpressionStatement[4936-4981]:ExpressionStatement[4936-4981]"
  }, {
    "left" : "_arrayDelegateType = arrayDelegateType;",
    "right" : "_arrayDelegateType = arrayDelegateType;",
    "info" : "ExpressionStatement[4990-5029]:ExpressionStatement[4990-5029]"
  }, {
    "left" : "_arrayDelegateArguments = arrayDelegateArgs;",
    "right" : "_arrayDelegateArguments = arrayDelegateArgs;",
    "info" : "ExpressionStatement[5038-5082]:ExpressionStatement[5038-5082]"
  }, {
    "left" : "public",
    "right" : "public",
    "info" : "Modifier[5094-5100]:Modifier[5094-5100]"
  }, {
    "left" : "void",
    "right" : "void",
    "info" : "PrimitiveType[5101-5105]:PrimitiveType[5101-5105]"
  }, {
    "left" : "configureFromStringCreator",
    "right" : "configureFromStringCreator",
    "info" : "SimpleName[5106-5132]:SimpleName[5106-5132]"
  }, {
    "left" : "AnnotatedWithParams creator",
    "right" : "AnnotatedWithParams creator",
    "info" : "SingleVariableDeclaration[5133-5160]:SingleVariableDeclaration[5133-5160]"
  }, {
    "left" : "{}",
    "right" : "{}",
    "info" : "Block[5162-5207]:Block[5162-5207]"
  }, {
    "left" : "_fromStringCreator = creator;",
    "right" : "_fromStringCreator = creator;",
    "info" : "ExpressionStatement[5172-5201]:ExpressionStatement[5172-5201]"
  }, {
    "left" : "public",
    "right" : "public",
    "info" : "Modifier[5213-5219]:Modifier[5213-5219]"
  }, {
    "left" : "void",
    "right" : "void",
    "info" : "PrimitiveType[5220-5224]:PrimitiveType[5220-5224]"
  }, {
    "left" : "configureFromIntCreator",
    "right" : "configureFromIntCreator",
    "info" : "SimpleName[5225-5248]:SimpleName[5225-5248]"
  }, {
    "left" : "AnnotatedWithParams creator",
    "right" : "AnnotatedWithParams creator",
    "info" : "SingleVariableDeclaration[5249-5276]:SingleVariableDeclaration[5249-5276]"
  }, {
    "left" : "{}",
    "right" : "{}",
    "info" : "Block[5278-5320]:Block[5278-5320]"
  }, {
    "left" : "_fromIntCreator = creator;",
    "right" : "_fromIntCreator = creator;",
    "info" : "ExpressionStatement[5288-5314]:ExpressionStatement[5288-5314]"
  }, {
    "left" : "public",
    "right" : "public",
    "info" : "Modifier[5326-5332]:Modifier[5326-5332]"
  }, {
    "left" : "void",
    "right" : "void",
    "info" : "PrimitiveType[5333-5337]:PrimitiveType[5333-5337]"
  }, {
    "left" : "configureFromLongCreator",
    "right" : "configureFromLongCreator",
    "info" : "SimpleName[5338-5362]:SimpleName[5338-5362]"
  }, {
    "left" : "AnnotatedWithParams creator",
    "right" : "AnnotatedWithParams creator",
    "info" : "SingleVariableDeclaration[5363-5390]:SingleVariableDeclaration[5363-5390]"
  }, {
    "left" : "{}",
    "right" : "{}",
    "info" : "Block[5392-5435]:Block[5392-5435]"
  }, {
    "left" : "_fromLongCreator = creator;",
    "right" : "_fromLongCreator = creator;",
    "info" : "ExpressionStatement[5402-5429]:ExpressionStatement[5402-5429]"
  }, {
    "left" : "public",
    "right" : "public",
    "info" : "Modifier[5441-5447]:Modifier[5441-5447]"
  }, {
    "left" : "void",
    "right" : "void",
    "info" : "PrimitiveType[5448-5452]:PrimitiveType[5448-5452]"
  }, {
    "left" : "configureFromDoubleCreator",
    "right" : "configureFromDoubleCreator",
    "info" : "SimpleName[5453-5479]:SimpleName[5453-5479]"
  }, {
    "left" : "AnnotatedWithParams creator",
    "right" : "AnnotatedWithParams creator",
    "info" : "SingleVariableDeclaration[5480-5507]:SingleVariableDeclaration[5480-5507]"
  }, {
    "left" : "{}",
    "right" : "{}",
    "info" : "Block[5509-5554]:Block[5509-5554]"
  }, {
    "left" : "_fromDoubleCreator = creator;",
    "right" : "_fromDoubleCreator = creator;",
    "info" : "ExpressionStatement[5519-5548]:ExpressionStatement[5519-5548]"
  }, {
    "left" : "public",
    "right" : "public",
    "info" : "Modifier[5560-5566]:Modifier[5560-5566]"
  }, {
    "left" : "void",
    "right" : "void",
    "info" : "PrimitiveType[5567-5571]:PrimitiveType[5567-5571]"
  }, {
    "left" : "configureFromBooleanCreator",
    "right" : "configureFromBooleanCreator",
    "info" : "SimpleName[5572-5599]:SimpleName[5572-5599]"
  }, {
    "left" : "AnnotatedWithParams creator",
    "right" : "AnnotatedWithParams creator",
    "info" : "SingleVariableDeclaration[5600-5627]:SingleVariableDeclaration[5600-5627]"
  }, {
    "left" : "{}",
    "right" : "{}",
    "info" : "Block[5629-5675]:Block[5629-5675]"
  }, {
    "left" : "_fromBooleanCreator = creator;",
    "right" : "_fromBooleanCreator = creator;",
    "info" : "ExpressionStatement[5639-5669]:ExpressionStatement[5639-5669]"
  }, {
    "left" : "public",
    "right" : "public",
    "info" : "Modifier[5681-5687]:Modifier[5681-5687]"
  }, {
    "left" : "void",
    "right" : "void",
    "info" : "PrimitiveType[5688-5692]:PrimitiveType[5688-5692]"
  }, {
    "left" : "configureIncompleteParameter",
    "right" : "configureIncompleteParameter",
    "info" : "SimpleName[5693-5721]:SimpleName[5693-5721]"
  }, {
    "left" : "AnnotatedParameter parameter",
    "right" : "AnnotatedParameter parameter",
    "info" : "SingleVariableDeclaration[5722-5750]:SingleVariableDeclaration[5722-5750]"
  }, {
    "left" : "{}",
    "right" : "{}",
    "info" : "Block[5752-5801]:Block[5752-5801]"
  }, {
    "left" : "_incompleteParameter = parameter;",
    "right" : "_incompleteParameter = parameter;",
    "info" : "ExpressionStatement[5762-5795]:ExpressionStatement[5762-5795]"
  }, {
    "left" : "@Override",
    "right" : "@Override",
    "info" : "MarkerAnnotation[5998-6007]:MarkerAnnotation[5998-6007]"
  }, {
    "left" : "public",
    "right" : "public",
    "info" : "Modifier[6012-6018]:Modifier[6012-6018]"
  }, {
    "left" : "String",
    "right" : "String",
    "info" : "SimpleType[6019-6025]:SimpleType[6019-6025]"
  }, {
    "left" : "getValueTypeDesc",
    "right" : "getValueTypeDesc",
    "info" : "SimpleName[6026-6042]:SimpleName[6026-6042]"
  }, {
    "left" : "{}",
    "right" : "{}",
    "info" : "Block[6045-6083]:Block[6045-6083]"
  }, {
    "left" : "return _valueTypeDesc;",
    "right" : "return _valueTypeDesc;",
    "info" : "ReturnStatement[6055-6077]:ReturnStatement[6055-6077]"
  }, {
    "left" : "@Override",
    "right" : "@Override",
    "info" : "MarkerAnnotation[6089-6098]:MarkerAnnotation[6089-6098]"
  }, {
    "left" : "public",
    "right" : "public",
    "info" : "Modifier[6103-6109]:Modifier[6103-6109]"
  }, {
    "left" : "Class<?>",
    "right" : "Class<?>",
    "info" : "ParameterizedType[6110-6118]:ParameterizedType[6110-6118]"
  }, {
    "left" : "getValueClass",
    "right" : "getValueClass",
    "info" : "SimpleName[6119-6132]:SimpleName[6119-6132]"
  }, {
    "left" : "{}",
    "right" : "{}",
    "info" : "Block[6135-6170]:Block[6135-6170]"
  }, {
    "left" : "return _valueClass;",
    "right" : "return _valueClass;",
    "info" : "ReturnStatement[6145-6164]:ReturnStatement[6145-6164]"
  }, {
    "left" : "@Override",
    "right" : "@Override",
    "info" : "MarkerAnnotation[6176-6185]:MarkerAnnotation[6176-6185]"
  }, {
    "left" : "public",
    "right" : "public",
    "info" : "Modifier[6190-6196]:Modifier[6190-6196]"
  }, {
    "left" : "boolean",
    "right" : "boolean",
    "info" : "PrimitiveType[6197-6204]:PrimitiveType[6197-6204]"
  }, {
    "left" : "canCreateFromString",
    "right" : "canCreateFromString",
    "info" : "SimpleName[6205-6224]:SimpleName[6205-6224]"
  }, {
    "left" : "{}",
    "right" : "{}",
    "info" : "Block[6227-6279]:Block[6227-6279]"
  }, {
    "left" : "return (_fromStringCreator != null);",
    "right" : "return (_fromStringCreator != null);",
    "info" : "ReturnStatement[6237-6273]:ReturnStatement[6237-6273]"
  }, {
    "left" : "@Override",
    "right" : "@Override",
    "info" : "MarkerAnnotation[6285-6294]:MarkerAnnotation[6285-6294]"
  }, {
    "left" : "public",
    "right" : "public",
    "info" : "Modifier[6299-6305]:Modifier[6299-6305]"
  }, {
    "left" : "boolean",
    "right" : "boolean",
    "info" : "PrimitiveType[6306-6313]:PrimitiveType[6306-6313]"
  }, {
    "left" : "canCreateFromInt",
    "right" : "canCreateFromInt",
    "info" : "SimpleName[6314-6330]:SimpleName[6314-6330]"
  }, {
    "left" : "{}",
    "right" : "{}",
    "info" : "Block[6333-6382]:Block[6333-6382]"
  }, {
    "left" : "return (_fromIntCreator != null);",
    "right" : "return (_fromIntCreator != null);",
    "info" : "ReturnStatement[6343-6376]:ReturnStatement[6343-6376]"
  }, {
    "left" : "@Override",
    "right" : "@Override",
    "info" : "MarkerAnnotation[6388-6397]:MarkerAnnotation[6388-6397]"
  }, {
    "left" : "public",
    "right" : "public",
    "info" : "Modifier[6402-6408]:Modifier[6402-6408]"
  }, {
    "left" : "boolean",
    "right" : "boolean",
    "info" : "PrimitiveType[6409-6416]:PrimitiveType[6409-6416]"
  }, {
    "left" : "canCreateFromLong",
    "right" : "canCreateFromLong",
    "info" : "SimpleName[6417-6434]:SimpleName[6417-6434]"
  }, {
    "left" : "{}",
    "right" : "{}",
    "info" : "Block[6437-6487]:Block[6437-6487]"
  }, {
    "left" : "return (_fromLongCreator != null);",
    "right" : "return (_fromLongCreator != null);",
    "info" : "ReturnStatement[6447-6481]:ReturnStatement[6447-6481]"
  }, {
    "left" : "@Override",
    "right" : "@Override",
    "info" : "MarkerAnnotation[6493-6502]:MarkerAnnotation[6493-6502]"
  }, {
    "left" : "public",
    "right" : "public",
    "info" : "Modifier[6507-6513]:Modifier[6507-6513]"
  }, {
    "left" : "boolean",
    "right" : "boolean",
    "info" : "PrimitiveType[6514-6521]:PrimitiveType[6514-6521]"
  }, {
    "left" : "canCreateFromDouble",
    "right" : "canCreateFromDouble",
    "info" : "SimpleName[6522-6541]:SimpleName[6522-6541]"
  }, {
    "left" : "{}",
    "right" : "{}",
    "info" : "Block[6544-6596]:Block[6544-6596]"
  }, {
    "left" : "return (_fromDoubleCreator != null);",
    "right" : "return (_fromDoubleCreator != null);",
    "info" : "ReturnStatement[6554-6590]:ReturnStatement[6554-6590]"
  }, {
    "left" : "@Override",
    "right" : "@Override",
    "info" : "MarkerAnnotation[6602-6611]:MarkerAnnotation[6602-6611]"
  }, {
    "left" : "public",
    "right" : "public",
    "info" : "Modifier[6616-6622]:Modifier[6616-6622]"
  }, {
    "left" : "boolean",
    "right" : "boolean",
    "info" : "PrimitiveType[6623-6630]:PrimitiveType[6623-6630]"
  }, {
    "left" : "canCreateFromBoolean",
    "right" : "canCreateFromBoolean",
    "info" : "SimpleName[6631-6651]:SimpleName[6631-6651]"
  }, {
    "left" : "{}",
    "right" : "{}",
    "info" : "Block[6654-6707]:Block[6654-6707]"
  }, {
    "left" : "return (_fromBooleanCreator != null);",
    "right" : "return (_fromBooleanCreator != null);",
    "info" : "ReturnStatement[6664-6701]:ReturnStatement[6664-6701]"
  }, {
    "left" : "@Override",
    "right" : "@Override",
    "info" : "MarkerAnnotation[6713-6722]:MarkerAnnotation[6713-6722]"
  }, {
    "left" : "public",
    "right" : "public",
    "info" : "Modifier[6727-6733]:Modifier[6727-6733]"
  }, {
    "left" : "boolean",
    "right" : "boolean",
    "info" : "PrimitiveType[6734-6741]:PrimitiveType[6734-6741]"
  }, {
    "left" : "canCreateUsingDefault",
    "right" : "canCreateUsingDefault",
    "info" : "SimpleName[6742-6763]:SimpleName[6742-6763]"
  }, {
    "left" : "{}",
    "right" : "{}",
    "info" : "Block[6766-6815]:Block[6766-6815]"
  }, {
    "left" : "return (_defaultCreator != null);",
    "right" : "return (_defaultCreator != null);",
    "info" : "ReturnStatement[6776-6809]:ReturnStatement[6776-6809]"
  }, {
    "left" : "@Override",
    "right" : "@Override",
    "info" : "MarkerAnnotation[6821-6830]:MarkerAnnotation[6821-6830]"
  }, {
    "left" : "public",
    "right" : "public",
    "info" : "Modifier[6835-6841]:Modifier[6835-6841]"
  }, {
    "left" : "boolean",
    "right" : "boolean",
    "info" : "PrimitiveType[6842-6849]:PrimitiveType[6842-6849]"
  }, {
    "left" : "canCreateUsingDelegate",
    "right" : "canCreateUsingDelegate",
    "info" : "SimpleName[6850-6872]:SimpleName[6850-6872]"
  }, {
    "left" : "{}",
    "right" : "{}",
    "info" : "Block[6875-6922]:Block[6875-6922]"
  }, {
    "left" : "return (_delegateType != null);",
    "right" : "return (_delegateType != null);",
    "info" : "ReturnStatement[6885-6916]:ReturnStatement[6885-6916]"
  }, {
    "left" : "@Override",
    "right" : "@Override",
    "info" : "MarkerAnnotation[6928-6937]:MarkerAnnotation[6928-6937]"
  }, {
    "left" : "public",
    "right" : "public",
    "info" : "Modifier[6942-6948]:Modifier[6942-6948]"
  }, {
    "left" : "boolean",
    "right" : "boolean",
    "info" : "PrimitiveType[6949-6956]:PrimitiveType[6949-6956]"
  }, {
    "left" : "canCreateUsingArrayDelegate",
    "right" : "canCreateUsingArrayDelegate",
    "info" : "SimpleName[6957-6984]:SimpleName[6957-6984]"
  }, {
    "left" : "{}",
    "right" : "{}",
    "info" : "Block[6987-7039]:Block[6987-7039]"
  }, {
    "left" : "return (_arrayDelegateType != null);",
    "right" : "return (_arrayDelegateType != null);",
    "info" : "ReturnStatement[6997-7033]:ReturnStatement[6997-7033]"
  }, {
    "left" : "@Override",
    "right" : "@Override",
    "info" : "MarkerAnnotation[7045-7054]:MarkerAnnotation[7045-7054]"
  }, {
    "left" : "public",
    "right" : "public",
    "info" : "Modifier[7059-7065]:Modifier[7059-7065]"
  }, {
    "left" : "boolean",
    "right" : "boolean",
    "info" : "PrimitiveType[7066-7073]:PrimitiveType[7066-7073]"
  }, {
    "left" : "canCreateFromObjectWith",
    "right" : "canCreateFromObjectWith",
    "info" : "SimpleName[7074-7097]:SimpleName[7074-7097]"
  }, {
    "left" : "{}",
    "right" : "{}",
    "info" : "Block[7100-7150]:Block[7100-7150]"
  }, {
    "left" : "return (_withArgsCreator != null);",
    "right" : "return (_withArgsCreator != null);",
    "info" : "ReturnStatement[7110-7144]:ReturnStatement[7110-7144]"
  }, {
    "left" : "@Override",
    "right" : "@Override",
    "info" : "MarkerAnnotation[7157-7166]:MarkerAnnotation[7530-7539]"
  }, {
    "left" : "public",
    "right" : "public",
    "info" : "Modifier[7171-7177]:Modifier[7544-7550]"
  }, {
    "left" : "JavaType",
    "right" : "JavaType",
    "info" : "SimpleType[7178-7186]:SimpleType[7551-7559]"
  }, {
    "left" : "getDelegateType",
    "right" : "getDelegateType",
    "info" : "SimpleName[7187-7202]:SimpleName[7560-7575]"
  }, {
    "left" : "DeserializationConfig config",
    "right" : "DeserializationConfig config",
    "info" : "SingleVariableDeclaration[7203-7231]:SingleVariableDeclaration[7576-7604]"
  }, {
    "left" : "{}",
    "right" : "{}",
    "info" : "Block[7233-7270]:Block[7606-7643]"
  }, {
    "left" : "return _delegateType;",
    "right" : "return _delegateType;",
    "info" : "ReturnStatement[7243-7264]:ReturnStatement[7616-7637]"
  }, {
    "left" : "@Override",
    "right" : "@Override",
    "info" : "MarkerAnnotation[7276-7285]:MarkerAnnotation[7649-7658]"
  }, {
    "left" : "public",
    "right" : "public",
    "info" : "Modifier[7290-7296]:Modifier[7663-7669]"
  }, {
    "left" : "JavaType",
    "right" : "JavaType",
    "info" : "SimpleType[7297-7305]:SimpleType[7670-7678]"
  }, {
    "left" : "getArrayDelegateType",
    "right" : "getArrayDelegateType",
    "info" : "SimpleName[7306-7326]:SimpleName[7679-7699]"
  }, {
    "left" : "DeserializationConfig config",
    "right" : "DeserializationConfig config",
    "info" : "SingleVariableDeclaration[7327-7355]:SingleVariableDeclaration[7700-7728]"
  }, {
    "left" : "{}",
    "right" : "{}",
    "info" : "Block[7357-7399]:Block[7730-7772]"
  }, {
    "left" : "return _arrayDelegateType;",
    "right" : "return _arrayDelegateType;",
    "info" : "ReturnStatement[7367-7393]:ReturnStatement[7740-7766]"
  }, {
    "left" : "@Override",
    "right" : "@Override",
    "info" : "MarkerAnnotation[7405-7414]:MarkerAnnotation[7778-7787]"
  }, {
    "left" : "public",
    "right" : "public",
    "info" : "Modifier[7419-7425]:Modifier[7792-7798]"
  }, {
    "left" : "SettableBeanProperty[]",
    "right" : "SettableBeanProperty[]",
    "info" : "ArrayType[7426-7448]:ArrayType[7799-7821]"
  }, {
    "left" : "getFromObjectArguments",
    "right" : "getFromObjectArguments",
    "info" : "SimpleName[7449-7471]:SimpleName[7822-7844]"
  }, {
    "left" : "DeserializationConfig config",
    "right" : "DeserializationConfig config",
    "info" : "SingleVariableDeclaration[7472-7500]:SingleVariableDeclaration[7845-7873]"
  }, {
    "left" : "{}",
    "right" : "{}",
    "info" : "Block[7502-7547]:Block[7875-7920]"
  }, {
    "left" : "return _constructorArguments;",
    "right" : "return _constructorArguments;",
    "info" : "ReturnStatement[7512-7541]:ReturnStatement[7885-7914]"
  }, {
    "left" : "@Override",
    "right" : "@Override",
    "info" : "MarkerAnnotation[7770-7779]:MarkerAnnotation[8143-8152]"
  }, {
    "left" : "public",
    "right" : "public",
    "info" : "Modifier[7784-7790]:Modifier[8157-8163]"
  }, {
    "left" : "Object",
    "right" : "Object",
    "info" : "SimpleType[7791-7797]:SimpleType[8164-8170]"
  }, {
    "left" : "createUsingDefault",
    "right" : "createUsingDefault",
    "info" : "SimpleName[7798-7816]:SimpleName[8171-8189]"
  }, {
    "left" : "DeserializationContext ctxt",
    "right" : "DeserializationContext ctxt",
    "info" : "SingleVariableDeclaration[7817-7844]:SingleVariableDeclaration[8190-8217]"
  }, {
    "left" : "IOException",
    "right" : "IOException",
    "info" : "SimpleType[7853-7864]:SimpleType[8226-8237]"
  }, {
    "left" : "{}",
    "right" : "{}",
    "info" : "Block[7869-8255]:Block[8242-8628]"
  }, {
    "left" : "if (_defaultCreator == null)",
    "right" : "if (_defaultCreator == null)",
    "info" : "IfStatement[7879-8007]:IfStatement[8252-8380]"
  }, {
    "left" : "{}",
    "right" : "{}",
    "info" : "Block[7908-8007]:Block[8281-8380]"
  }, {
    "left" : "return super.createUsingDefault(ctxt);",
    "right" : "return super.createUsingDefault(ctxt);",
    "info" : "ReturnStatement[7959-7997]:ReturnStatement[8332-8370]"
  }, {
    "left" : "try{...}",
    "right" : "try{...}",
    "info" : "TryStatement[8016-8249]:TryStatement[8389-8622]"
  }, {
    "left" : "{}",
    "right" : "{}",
    "info" : "Block[8020-8074]:Block[8393-8447]"
  }, {
    "left" : "return _defaultCreator.call();",
    "right" : "return _defaultCreator.call();",
    "info" : "ReturnStatement[8034-8064]:ReturnStatement[8407-8437]"
  }, {
    "left" : "{}",
    "right" : "{}",
    "info" : "Block[8095-8249]:Block[8468-8622]"
  }, {
    "left" : "return ctxt.handleInstantiationProblem(_defaultCreator.getDeclaringClass(),\n                    null, rewrapCtorProblem(ctxt, t));",
    "right" : "return ctxt.handleInstantiationProblem(_defaultCreator.getDeclaringClass(),\n                    null, rewrapCtorProblem(ctxt, t));",
    "info" : "ReturnStatement[8109-8239]:ReturnStatement[8482-8612]"
  }, {
    "left" : "@Override",
    "right" : "@Override",
    "info" : "MarkerAnnotation[8261-8270]:MarkerAnnotation[8634-8643]"
  }, {
    "left" : "public",
    "right" : "public",
    "info" : "Modifier[8275-8281]:Modifier[8648-8654]"
  }, {
    "left" : "Object",
    "right" : "Object",
    "info" : "SimpleType[8282-8288]:SimpleType[8655-8661]"
  }, {
    "left" : "createFromObjectWith",
    "right" : "createFromObjectWith",
    "info" : "SimpleName[8289-8309]:SimpleName[8662-8682]"
  }, {
    "left" : "DeserializationContext ctxt",
    "right" : "DeserializationContext ctxt",
    "info" : "SingleVariableDeclaration[8310-8337]:SingleVariableDeclaration[8683-8710]"
  }, {
    "left" : "Object[] args",
    "right" : "Object[] args",
    "info" : "SingleVariableDeclaration[8339-8352]:SingleVariableDeclaration[8712-8725]"
  }, {
    "left" : "IOException",
    "right" : "IOException",
    "info" : "SimpleType[8361-8372]:SimpleType[8734-8745]"
  }, {
    "left" : "{}",
    "right" : "{}",
    "info" : "Block[8377-8778]:Block[8750-9151]"
  }, {
    "left" : "if (_withArgsCreator == null)",
    "right" : "if (_withArgsCreator == null)",
    "info" : "IfStatement[8387-8524]:IfStatement[8760-8897]"
  }, {
    "left" : "{}",
    "right" : "{}",
    "info" : "Block[8417-8524]:Block[8790-8897]"
  }, {
    "left" : "return super.createFromObjectWith(ctxt, args);",
    "right" : "return super.createFromObjectWith(ctxt, args);",
    "info" : "ReturnStatement[8468-8514]:ReturnStatement[8841-8887]"
  }, {
    "left" : "try{...}",
    "right" : "try{...}",
    "info" : "TryStatement[8533-8772]:TryStatement[8906-9145]"
  }, {
    "left" : "{}",
    "right" : "{}",
    "info" : "Block[8537-8596]:Block[8910-8969]"
  }, {
    "left" : "return _withArgsCreator.call(args);",
    "right" : "return _withArgsCreator.call(args);",
    "info" : "ReturnStatement[8551-8586]:ReturnStatement[8924-8959]"
  }, {
    "left" : "{}",
    "right" : "{}",
    "info" : "Block[8617-8772]:Block[8990-9145]"
  }, {
    "left" : "return ctxt.handleInstantiationProblem(_withArgsCreator.getDeclaringClass(),\n                    args, rewrapCtorProblem(ctxt, t));",
    "right" : "return ctxt.handleInstantiationProblem(_withArgsCreator.getDeclaringClass(),\n                    args, rewrapCtorProblem(ctxt, t));",
    "info" : "ReturnStatement[8631-8762]:ReturnStatement[9004-9135]"
  }, {
    "left" : "@Override",
    "right" : "@Override",
    "info" : "MarkerAnnotation[8784-8793]:MarkerAnnotation[9157-9166]"
  }, {
    "left" : "public",
    "right" : "public",
    "info" : "Modifier[8798-8804]:Modifier[9171-9177]"
  }, {
    "left" : "Object",
    "right" : "Object",
    "info" : "SimpleType[8805-8811]:SimpleType[9178-9184]"
  }, {
    "left" : "createUsingDelegate",
    "right" : "createUsingDelegate",
    "info" : "SimpleName[8812-8831]:SimpleName[9185-9204]"
  }, {
    "left" : "DeserializationContext ctxt",
    "right" : "DeserializationContext ctxt",
    "info" : "SingleVariableDeclaration[8832-8859]:SingleVariableDeclaration[9205-9232]"
  }, {
    "left" : "Object delegate",
    "right" : "Object delegate",
    "info" : "SingleVariableDeclaration[8861-8876]:SingleVariableDeclaration[9234-9249]"
  }, {
    "left" : "IOException",
    "right" : "IOException",
    "info" : "SimpleType[8885-8896]:SimpleType[9258-9269]"
  }, {
    "left" : "{}",
    "right" : "{}",
    "info" : "Block[8901-9301]:Block[9274-9674]"
  }, {
    "left" : "if (_delegateCreator == null)",
    "right" : "if (_delegateCreator == null)",
    "info" : "IfStatement[8991-9204]:IfStatement[9364-9577]"
  }, {
    "left" : "{}",
    "right" : "{}",
    "info" : "Block[9021-9204]:Block[9394-9577]"
  }, {
    "left" : "if (_arrayDelegateCreator != null)",
    "right" : "if (_arrayDelegateCreator != null)",
    "info" : "IfStatement[9035-9194]:IfStatement[9408-9567]"
  }, {
    "left" : "{}",
    "right" : "{}",
    "info" : "Block[9070-9194]:Block[9443-9567]"
  }, {
    "left" : "return _createUsingDelegate(_arrayDelegateCreator, _arrayDelegateArguments, ctxt, delegate);",
    "right" : "return _createUsingDelegate(_arrayDelegateCreator, _arrayDelegateArguments, ctxt, delegate);",
    "info" : "ReturnStatement[9088-9180]:ReturnStatement[9461-9553]"
  }, {
    "left" : "return _createUsingDelegate(_delegateCreator, _delegateArguments, ctxt, delegate);",
    "right" : "return _createUsingDelegate(_delegateCreator, _delegateArguments, ctxt, delegate);",
    "info" : "ReturnStatement[9213-9295]:ReturnStatement[9586-9668]"
  }, {
    "left" : "@Override",
    "right" : "@Override",
    "info" : "MarkerAnnotation[9307-9316]:MarkerAnnotation[9680-9689]"
  }, {
    "left" : "public",
    "right" : "public",
    "info" : "Modifier[9321-9327]:Modifier[9694-9700]"
  }, {
    "left" : "Object",
    "right" : "Object",
    "info" : "SimpleType[9328-9334]:SimpleType[9701-9707]"
  }, {
    "left" : "createUsingArrayDelegate",
    "right" : "createUsingArrayDelegate",
    "info" : "SimpleName[9335-9359]:SimpleName[9708-9732]"
  }, {
    "left" : "DeserializationContext ctxt",
    "right" : "DeserializationContext ctxt",
    "info" : "SingleVariableDeclaration[9360-9387]:SingleVariableDeclaration[9733-9760]"
  }, {
    "left" : "Object delegate",
    "right" : "Object delegate",
    "info" : "SingleVariableDeclaration[9389-9404]:SingleVariableDeclaration[9762-9777]"
  }, {
    "left" : "IOException",
    "right" : "IOException",
    "info" : "SimpleType[9413-9424]:SimpleType[9786-9797]"
  }, {
    "left" : "{}",
    "right" : "{}",
    "info" : "Block[9429-9807]:Block[9802-10180]"
  }, {
    "left" : "if (_arrayDelegateCreator == null)",
    "right" : "if (_arrayDelegateCreator == null)",
    "info" : "IfStatement[9439-9700]:IfStatement[9812-10073]"
  }, {
    "left" : "{}",
    "right" : "{}",
    "info" : "Block[9474-9700]:Block[9847-10073]"
  }, {
    "left" : "if (_delegateCreator != null)",
    "right" : "if (_delegateCreator != null)",
    "info" : "IfStatement[9488-9690]:IfStatement[9861-10063]"
  }, {
    "left" : "{}",
    "right" : "{}",
    "info" : "Block[9518-9690]:Block[9891-10063]"
  }, {
    "left" : "return createUsingDelegate(ctxt, delegate);",
    "right" : "return createUsingDelegate(ctxt, delegate);",
    "info" : "ReturnStatement[9633-9676]:ReturnStatement[10006-10049]"
  }, {
    "left" : "return _createUsingDelegate(_arrayDelegateCreator, _arrayDelegateArguments, ctxt, delegate);",
    "right" : "return _createUsingDelegate(_arrayDelegateCreator, _arrayDelegateArguments, ctxt, delegate);",
    "info" : "ReturnStatement[9709-9801]:ReturnStatement[10082-10174]"
  }, {
    "left" : "@Override",
    "right" : "@Override",
    "info" : "MarkerAnnotation[10023-10032]:MarkerAnnotation[10396-10405]"
  }, {
    "left" : "public",
    "right" : "public",
    "info" : "Modifier[10037-10043]:Modifier[10410-10416]"
  }, {
    "left" : "Object",
    "right" : "Object",
    "info" : "SimpleType[10044-10050]:SimpleType[10417-10423]"
  }, {
    "left" : "createFromString",
    "right" : "createFromString",
    "info" : "SimpleName[10051-10067]:SimpleName[10424-10440]"
  }, {
    "left" : "DeserializationContext ctxt",
    "right" : "DeserializationContext ctxt",
    "info" : "SingleVariableDeclaration[10068-10095]:SingleVariableDeclaration[10441-10468]"
  }, {
    "left" : "String value",
    "right" : "String value",
    "info" : "SingleVariableDeclaration[10097-10109]:SingleVariableDeclaration[10470-10482]"
  }, {
    "left" : "IOException",
    "right" : "IOException",
    "info" : "SimpleType[10118-10129]:SimpleType[10491-10502]"
  }, {
    "left" : "{}",
    "right" : "{}",
    "info" : "Block[10134-10508]:Block[10507-10881]"
  }, {
    "left" : "if (_fromStringCreator == null)",
    "right" : "if (_fromStringCreator == null)",
    "info" : "IfStatement[10144-10247]:IfStatement[10517-10620]"
  }, {
    "left" : "{}",
    "right" : "{}",
    "info" : "Block[10176-10247]:Block[10549-10620]"
  }, {
    "left" : "return _createFromStringFallbacks(ctxt, value);",
    "right" : "return _createFromStringFallbacks(ctxt, value);",
    "info" : "ReturnStatement[10190-10237]:ReturnStatement[10563-10610]"
  }, {
    "left" : "try{...}",
    "right" : "try{...}",
    "info" : "TryStatement[10256-10502]:TryStatement[10629-10875]"
  }, {
    "left" : "{}",
    "right" : "{}",
    "info" : "Block[10260-10323]:Block[10633-10696]"
  }, {
    "left" : "return _fromStringCreator.call1(value);",
    "right" : "return _fromStringCreator.call1(value);",
    "info" : "ReturnStatement[10274-10313]:ReturnStatement[10647-10686]"
  }, {
    "left" : "{}",
    "right" : "{}",
    "info" : "Block[10344-10502]:Block[10717-10875]"
  }, {
    "left" : "return ctxt.handleInstantiationProblem(_fromStringCreator.getDeclaringClass(),\n                    value, rewrapCtorProblem(ctxt, t));",
    "right" : "return ctxt.handleInstantiationProblem(_fromStringCreator.getDeclaringClass(),\n                    value, rewrapCtorProblem(ctxt, t));",
    "info" : "ReturnStatement[10358-10492]:ReturnStatement[10731-10865]"
  }, {
    "left" : "@Override",
    "right" : "@Override",
    "info" : "MarkerAnnotation[10518-10527]:MarkerAnnotation[10891-10900]"
  }, {
    "left" : "public",
    "right" : "public",
    "info" : "Modifier[10532-10538]:Modifier[10905-10911]"
  }, {
    "left" : "Object",
    "right" : "Object",
    "info" : "SimpleType[10539-10545]:SimpleType[10912-10918]"
  }, {
    "left" : "createFromInt",
    "right" : "createFromInt",
    "info" : "SimpleName[10546-10559]:SimpleName[10919-10932]"
  }, {
    "left" : "DeserializationContext ctxt",
    "right" : "DeserializationContext ctxt",
    "info" : "SingleVariableDeclaration[10560-10587]:SingleVariableDeclaration[10933-10960]"
  }, {
    "left" : "int value",
    "right" : "int value",
    "info" : "SingleVariableDeclaration[10589-10598]:SingleVariableDeclaration[10962-10971]"
  }, {
    "left" : "IOException",
    "right" : "IOException",
    "info" : "SimpleType[10607-10618]:SimpleType[10980-10991]"
  }, {
    "left" : "{}",
    "right" : "{}",
    "info" : "Block[10623-11517]:Block[10996-11890]"
  }, {
    "left" : "if (_fromIntCreator != null)",
    "right" : "if (_fromIntCreator != null)",
    "info" : "IfStatement[10683-11043]:IfStatement[11056-11416]"
  }, {
    "left" : "{}",
    "right" : "{}",
    "info" : "Block[10712-11043]:Block[11085-11416]"
  }, {
    "left" : "Object arg = Integer.valueOf(value);",
    "right" : "Object arg = Integer.valueOf(value);",
    "info" : "VariableDeclarationStatement[10726-10762]:VariableDeclarationStatement[11099-11135]"
  }, {
    "left" : "try{...}",
    "right" : "try{...}",
    "info" : "TryStatement[10775-11033]:TryStatement[11148-11406]"
  }, {
    "left" : "{}",
    "right" : "{}",
    "info" : "Block[10779-10845]:Block[11152-11218]"
  }, {
    "left" : "return _fromIntCreator.call1(arg);",
    "right" : "return _fromIntCreator.call1(arg);",
    "info" : "ReturnStatement[10797-10831]:ReturnStatement[11170-11204]"
  }, {
    "left" : "{}",
    "right" : "{}",
    "info" : "Block[10867-11033]:Block[11240-11406]"
  }, {
    "left" : "return ctxt.handleInstantiationProblem(_fromIntCreator.getDeclaringClass(),\n                        arg, rewrapCtorProblem(ctxt, t0));",
    "right" : "return ctxt.handleInstantiationProblem(_fromIntCreator.getDeclaringClass(),\n                        arg, rewrapCtorProblem(ctxt, t0));",
    "info" : "ReturnStatement[10885-11019]:ReturnStatement[11258-11392]"
  }, {
    "left" : "if (_fromLongCreator != null)",
    "right" : "if (_fromLongCreator != null)",
    "info" : "IfStatement[11102-11462]:IfStatement[11475-11835]"
  }, {
    "left" : "{}",
    "right" : "{}",
    "info" : "Block[11132-11462]:Block[11505-11835]"
  }, {
    "left" : "Object arg = Long.valueOf(value);",
    "right" : "Object arg = Long.valueOf(value);",
    "info" : "VariableDeclarationStatement[11146-11179]:VariableDeclarationStatement[11519-11552]"
  }, {
    "left" : "try{...}",
    "right" : "try{...}",
    "info" : "TryStatement[11192-11452]:TryStatement[11565-11825]"
  }, {
    "left" : "{}",
    "right" : "{}",
    "info" : "Block[11196-11263]:Block[11569-11636]"
  }, {
    "left" : "return _fromLongCreator.call1(arg);",
    "right" : "return _fromLongCreator.call1(arg);",
    "info" : "ReturnStatement[11214-11249]:ReturnStatement[11587-11622]"
  }, {
    "left" : "{}",
    "right" : "{}",
    "info" : "Block[11285-11452]:Block[11658-11825]"
  }, {
    "left" : "return ctxt.handleInstantiationProblem(_fromLongCreator.getDeclaringClass(),\n                        arg, rewrapCtorProblem(ctxt, t0));",
    "right" : "return ctxt.handleInstantiationProblem(_fromLongCreator.getDeclaringClass(),\n                        arg, rewrapCtorProblem(ctxt, t0));",
    "info" : "ReturnStatement[11303-11438]:ReturnStatement[11676-11811]"
  }, {
    "left" : "return super.createFromInt(ctxt, value);",
    "right" : "return super.createFromInt(ctxt, value);",
    "info" : "ReturnStatement[11471-11511]:ReturnStatement[11844-11884]"
  }, {
    "left" : "@Override",
    "right" : "@Override",
    "info" : "MarkerAnnotation[11523-11532]:MarkerAnnotation[11896-11905]"
  }, {
    "left" : "public",
    "right" : "public",
    "info" : "Modifier[11537-11543]:Modifier[11910-11916]"
  }, {
    "left" : "Object",
    "right" : "Object",
    "info" : "SimpleType[11544-11550]:SimpleType[11917-11923]"
  }, {
    "left" : "createFromLong",
    "right" : "createFromLong",
    "info" : "SimpleName[11551-11565]:SimpleName[11924-11938]"
  }, {
    "left" : "DeserializationContext ctxt",
    "right" : "DeserializationContext ctxt",
    "info" : "SingleVariableDeclaration[11566-11593]:SingleVariableDeclaration[11939-11966]"
  }, {
    "left" : "long value",
    "right" : "long value",
    "info" : "SingleVariableDeclaration[11595-11605]:SingleVariableDeclaration[11968-11978]"
  }, {
    "left" : "IOException",
    "right" : "IOException",
    "info" : "SimpleType[11614-11625]:SimpleType[11987-11998]"
  }, {
    "left" : "{}",
    "right" : "{}",
    "info" : "Block[11630-12032]:Block[12003-12405]"
  }, {
    "left" : "if (_fromLongCreator == null)",
    "right" : "if (_fromLongCreator == null)",
    "info" : "IfStatement[11640-11735]:IfStatement[12013-12108]"
  }, {
    "left" : "{}",
    "right" : "{}",
    "info" : "Block[11670-11735]:Block[12043-12108]"
  }, {
    "left" : "return super.createFromLong(ctxt, value);",
    "right" : "return super.createFromLong(ctxt, value);",
    "info" : "ReturnStatement[11684-11725]:ReturnStatement[12057-12098]"
  }, {
    "left" : "Object arg = Long.valueOf(value);",
    "right" : "Object arg = Long.valueOf(value);",
    "info" : "VariableDeclarationStatement[11744-11777]:VariableDeclarationStatement[12117-12150]"
  }, {
    "left" : "try{...}",
    "right" : "try{...}",
    "info" : "TryStatement[11786-12026]:TryStatement[12159-12399]"
  }, {
    "left" : "{}",
    "right" : "{}",
    "info" : "Block[11790-11849]:Block[12163-12222]"
  }, {
    "left" : "return _fromLongCreator.call1(arg);",
    "right" : "return _fromLongCreator.call1(arg);",
    "info" : "ReturnStatement[11804-11839]:ReturnStatement[12177-12212]"
  }, {
    "left" : "{}",
    "right" : "{}",
    "info" : "Block[11871-12026]:Block[12244-12399]"
  }, {
    "left" : "return ctxt.handleInstantiationProblem(_fromLongCreator.getDeclaringClass(),\n                    arg, rewrapCtorProblem(ctxt, t0));",
    "right" : "return ctxt.handleInstantiationProblem(_fromLongCreator.getDeclaringClass(),\n                    arg, rewrapCtorProblem(ctxt, t0));",
    "info" : "ReturnStatement[11885-12016]:ReturnStatement[12258-12389]"
  }, {
    "left" : "@Override",
    "right" : "@Override",
    "info" : "MarkerAnnotation[12038-12047]:MarkerAnnotation[12411-12420]"
  }, {
    "left" : "public",
    "right" : "public",
    "info" : "Modifier[12052-12058]:Modifier[12425-12431]"
  }, {
    "left" : "Object",
    "right" : "Object",
    "info" : "SimpleType[12059-12065]:SimpleType[12432-12438]"
  }, {
    "left" : "createFromDouble",
    "right" : "createFromDouble",
    "info" : "SimpleName[12066-12082]:SimpleName[12439-12455]"
  }, {
    "left" : "DeserializationContext ctxt",
    "right" : "DeserializationContext ctxt",
    "info" : "SingleVariableDeclaration[12083-12110]:SingleVariableDeclaration[12456-12483]"
  }, {
    "left" : "double value",
    "right" : "double value",
    "info" : "SingleVariableDeclaration[12112-12124]:SingleVariableDeclaration[12485-12497]"
  }, {
    "left" : "IOException",
    "right" : "IOException",
    "info" : "SimpleType[12133-12144]:SimpleType[12506-12517]"
  }, {
    "left" : "{}",
    "right" : "{}",
    "info" : "Block[12149-12561]:Block[12522-12934]"
  }, {
    "left" : "if (_fromDoubleCreator == null)",
    "right" : "if (_fromDoubleCreator == null)",
    "info" : "IfStatement[12159-12258]:IfStatement[12532-12631]"
  }, {
    "left" : "{}",
    "right" : "{}",
    "info" : "Block[12191-12258]:Block[12564-12631]"
  }, {
    "left" : "return super.createFromDouble(ctxt, value);",
    "right" : "return super.createFromDouble(ctxt, value);",
    "info" : "ReturnStatement[12205-12248]:ReturnStatement[12578-12621]"
  }, {
    "left" : "Object arg = Double.valueOf(value);",
    "right" : "Object arg = Double.valueOf(value);",
    "info" : "VariableDeclarationStatement[12267-12302]:VariableDeclarationStatement[12640-12675]"
  }, {
    "left" : "try{...}",
    "right" : "try{...}",
    "info" : "TryStatement[12311-12555]:TryStatement[12684-12928]"
  }, {
    "left" : "{}",
    "right" : "{}",
    "info" : "Block[12315-12376]:Block[12688-12749]"
  }, {
    "left" : "return _fromDoubleCreator.call1(arg);",
    "right" : "return _fromDoubleCreator.call1(arg);",
    "info" : "ReturnStatement[12329-12366]:ReturnStatement[12702-12739]"
  }, {
    "left" : "{}",
    "right" : "{}",
    "info" : "Block[12398-12555]:Block[12771-12928]"
  }, {
    "left" : "return ctxt.handleInstantiationProblem(_fromDoubleCreator.getDeclaringClass(),\n                    arg, rewrapCtorProblem(ctxt, t0));",
    "right" : "return ctxt.handleInstantiationProblem(_fromDoubleCreator.getDeclaringClass(),\n                    arg, rewrapCtorProblem(ctxt, t0));",
    "info" : "ReturnStatement[12412-12545]:ReturnStatement[12785-12918]"
  }, {
    "left" : "@Override",
    "right" : "@Override",
    "info" : "MarkerAnnotation[12567-12576]:MarkerAnnotation[12940-12949]"
  }, {
    "left" : "public",
    "right" : "public",
    "info" : "Modifier[12581-12587]:Modifier[12954-12960]"
  }, {
    "left" : "Object",
    "right" : "Object",
    "info" : "SimpleType[12588-12594]:SimpleType[12961-12967]"
  }, {
    "left" : "createFromBoolean",
    "right" : "createFromBoolean",
    "info" : "SimpleName[12595-12612]:SimpleName[12968-12985]"
  }, {
    "left" : "DeserializationContext ctxt",
    "right" : "DeserializationContext ctxt",
    "info" : "SingleVariableDeclaration[12613-12640]:SingleVariableDeclaration[12986-13013]"
  }, {
    "left" : "boolean value",
    "right" : "boolean value",
    "info" : "SingleVariableDeclaration[12642-12655]:SingleVariableDeclaration[13015-13028]"
  }, {
    "left" : "IOException",
    "right" : "IOException",
    "info" : "SimpleType[12664-12675]:SimpleType[13037-13048]"
  }, {
    "left" : "{}",
    "right" : "{}",
    "info" : "Block[12680-13104]:Block[13053-13477]"
  }, {
    "left" : "if (_fromBooleanCreator == null)",
    "right" : "if (_fromBooleanCreator == null)",
    "info" : "IfStatement[12690-12791]:IfStatement[13063-13164]"
  }, {
    "left" : "{}",
    "right" : "{}",
    "info" : "Block[12723-12791]:Block[13096-13164]"
  }, {
    "left" : "return super.createFromBoolean(ctxt, value);",
    "right" : "return super.createFromBoolean(ctxt, value);",
    "info" : "ReturnStatement[12737-12781]:ReturnStatement[13110-13154]"
  }, {
    "left" : "final Boolean arg = Boolean.valueOf(value);",
    "right" : "final Boolean arg = Boolean.valueOf(value);",
    "info" : "VariableDeclarationStatement[12800-12843]:VariableDeclarationStatement[13173-13216]"
  }, {
    "left" : "try{...}",
    "right" : "try{...}",
    "info" : "TryStatement[12852-13098]:TryStatement[13225-13471]"
  }, {
    "left" : "{}",
    "right" : "{}",
    "info" : "Block[12856-12918]:Block[13229-13291]"
  }, {
    "left" : "return _fromBooleanCreator.call1(arg);",
    "right" : "return _fromBooleanCreator.call1(arg);",
    "info" : "ReturnStatement[12870-12908]:ReturnStatement[13243-13281]"
  }, {
    "left" : "{}",
    "right" : "{}",
    "info" : "Block[12940-13098]:Block[13313-13471]"
  }, {
    "left" : "return ctxt.handleInstantiationProblem(_fromBooleanCreator.getDeclaringClass(),\n                    arg, rewrapCtorProblem(ctxt, t0));",
    "right" : "return ctxt.handleInstantiationProblem(_fromBooleanCreator.getDeclaringClass(),\n                    arg, rewrapCtorProblem(ctxt, t0));",
    "info" : "ReturnStatement[12954-13088]:ReturnStatement[13327-13461]"
  }, {
    "left" : "@Override",
    "right" : "@Override",
    "info" : "MarkerAnnotation[13313-13322]:MarkerAnnotation[13686-13695]"
  }, {
    "left" : "public",
    "right" : "public",
    "info" : "Modifier[13327-13333]:Modifier[13700-13706]"
  }, {
    "left" : "AnnotatedWithParams",
    "right" : "AnnotatedWithParams",
    "info" : "SimpleType[13334-13353]:SimpleType[13707-13726]"
  }, {
    "left" : "getDelegateCreator",
    "right" : "getDelegateCreator",
    "info" : "SimpleName[13354-13372]:SimpleName[13727-13745]"
  }, {
    "left" : "{}",
    "right" : "{}",
    "info" : "Block[13375-13415]:Block[13748-13788]"
  }, {
    "left" : "return _delegateCreator;",
    "right" : "return _delegateCreator;",
    "info" : "ReturnStatement[13385-13409]:ReturnStatement[13758-13782]"
  }, {
    "left" : "@Override",
    "right" : "@Override",
    "info" : "MarkerAnnotation[13421-13430]:MarkerAnnotation[13794-13803]"
  }, {
    "left" : "public",
    "right" : "public",
    "info" : "Modifier[13435-13441]:Modifier[13808-13814]"
  }, {
    "left" : "AnnotatedWithParams",
    "right" : "AnnotatedWithParams",
    "info" : "SimpleType[13442-13461]:SimpleType[13815-13834]"
  }, {
    "left" : "getArrayDelegateCreator",
    "right" : "getArrayDelegateCreator",
    "info" : "SimpleName[13462-13485]:SimpleName[13835-13858]"
  }, {
    "left" : "{}",
    "right" : "{}",
    "info" : "Block[13488-13533]:Block[13861-13906]"
  }, {
    "left" : "return _arrayDelegateCreator;",
    "right" : "return _arrayDelegateCreator;",
    "info" : "ReturnStatement[13498-13527]:ReturnStatement[13871-13900]"
  }, {
    "left" : "@Override",
    "right" : "@Override",
    "info" : "MarkerAnnotation[13539-13548]:MarkerAnnotation[13912-13921]"
  }, {
    "left" : "public",
    "right" : "public",
    "info" : "Modifier[13553-13559]:Modifier[13926-13932]"
  }, {
    "left" : "AnnotatedWithParams",
    "right" : "AnnotatedWithParams",
    "info" : "SimpleType[13560-13579]:SimpleType[13933-13952]"
  }, {
    "left" : "getDefaultCreator",
    "right" : "getDefaultCreator",
    "info" : "SimpleName[13580-13597]:SimpleName[13953-13970]"
  }, {
    "left" : "{}",
    "right" : "{}",
    "info" : "Block[13600-13639]:Block[13973-14012]"
  }, {
    "left" : "return _defaultCreator;",
    "right" : "return _defaultCreator;",
    "info" : "ReturnStatement[13610-13633]:ReturnStatement[13983-14006]"
  }, {
    "left" : "@Override",
    "right" : "@Override",
    "info" : "MarkerAnnotation[13645-13654]:MarkerAnnotation[14018-14027]"
  }, {
    "left" : "public",
    "right" : "public",
    "info" : "Modifier[13659-13665]:Modifier[14032-14038]"
  }, {
    "left" : "AnnotatedWithParams",
    "right" : "AnnotatedWithParams",
    "info" : "SimpleType[13666-13685]:SimpleType[14039-14058]"
  }, {
    "left" : "getWithArgsCreator",
    "right" : "getWithArgsCreator",
    "info" : "SimpleName[13686-13704]:SimpleName[14059-14077]"
  }, {
    "left" : "{}",
    "right" : "{}",
    "info" : "Block[13707-13747]:Block[14080-14120]"
  }, {
    "left" : "return _withArgsCreator;",
    "right" : "return _withArgsCreator;",
    "info" : "ReturnStatement[13717-13741]:ReturnStatement[14090-14114]"
  }, {
    "left" : "@Override",
    "right" : "@Override",
    "info" : "MarkerAnnotation[13753-13762]:MarkerAnnotation[14126-14135]"
  }, {
    "left" : "public",
    "right" : "public",
    "info" : "Modifier[13767-13773]:Modifier[14140-14146]"
  }, {
    "left" : "AnnotatedParameter",
    "right" : "AnnotatedParameter",
    "info" : "SimpleType[13774-13792]:SimpleType[14147-14165]"
  }, {
    "left" : "getIncompleteParameter",
    "right" : "getIncompleteParameter",
    "info" : "SimpleName[13793-13815]:SimpleName[14166-14188]"
  }, {
    "left" : "{}",
    "right" : "{}",
    "info" : "Block[13818-13862]:Block[14191-14235]"
  }, {
    "left" : "return _incompleteParameter;",
    "right" : "return _incompleteParameter;",
    "info" : "ReturnStatement[13828-13856]:ReturnStatement[14201-14229]"
  }, {
    "left" : "@Deprecated",
    "right" : "@Deprecated",
    "info" : "MarkerAnnotation[14172-14183]:MarkerAnnotation[14545-14556]"
  }, {
    "left" : "protected",
    "right" : "protected",
    "info" : "Modifier[14201-14210]:Modifier[14574-14583]"
  }, {
    "left" : "JsonMappingException",
    "right" : "JsonMappingException",
    "info" : "SimpleType[14211-14231]:SimpleType[14584-14604]"
  }, {
    "left" : "wrapException",
    "right" : "wrapException",
    "info" : "SimpleName[14232-14245]:SimpleName[14605-14618]"
  }, {
    "left" : "Throwable t",
    "right" : "Throwable t",
    "info" : "SingleVariableDeclaration[14246-14257]:SingleVariableDeclaration[14619-14630]"
  }, {
    "left" : "{}",
    "right" : "{}",
    "info" : "Block[14263-14772]:Block[14636-15145]"
  }, {
    "left" : "for (Throwable curr = t; curr != null; curr = curr.getCause())",
    "right" : "for (Throwable curr = t; curr != null; curr = curr.getCause())",
    "info" : "ForStatement[14431-14627]:ForStatement[14804-15000]"
  }, {
    "left" : "{}",
    "right" : "{}",
    "info" : "Block[14494-14627]:Block[14867-15000]"
  }, {
    "left" : "if (curr instanceof JsonMappingException)",
    "right" : "if (curr instanceof JsonMappingException)",
    "info" : "IfStatement[14508-14617]:IfStatement[14881-14990]"
  }, {
    "left" : "{}",
    "right" : "{}",
    "info" : "Block[14550-14617]:Block[14923-14990]"
  }, {
    "left" : "return (JsonMappingException) curr;",
    "right" : "return (JsonMappingException) curr;",
    "info" : "ReturnStatement[14568-14603]:ReturnStatement[14941-14976]"
  }, {
    "left" : "return new JsonMappingException(null,\n                \"Instantiation of \"+getValueTypeDesc()+\" value failed: \"+t.getMessage(), t);",
    "right" : "return new JsonMappingException(null,\n                \"Instantiation of \"+getValueTypeDesc()+\" value failed: \"+t.getMessage(), t);",
    "info" : "ReturnStatement[14636-14766]:ReturnStatement[15009-15139]"
  }, {
    "left" : "protected",
    "right" : "protected",
    "info" : "Modifier[14812-14821]:Modifier[15185-15194]"
  }, {
    "left" : "JsonMappingException",
    "right" : "JsonMappingException",
    "info" : "SimpleType[14822-14842]:SimpleType[15195-15215]"
  }, {
    "left" : "unwrapAndWrapException",
    "right" : "unwrapAndWrapException",
    "info" : "SimpleName[14843-14865]:SimpleName[15216-15238]"
  }, {
    "left" : "DeserializationContext ctxt",
    "right" : "DeserializationContext ctxt",
    "info" : "SingleVariableDeclaration[14866-14893]:SingleVariableDeclaration[15239-15266]"
  }, {
    "left" : "Throwable t",
    "right" : "Throwable t",
    "info" : "SingleVariableDeclaration[14895-14906]:SingleVariableDeclaration[15268-15279]"
  }, {
    "left" : "{}",
    "right" : "{}",
    "info" : "Block[14912-15346]:Block[15285-15719]"
  }, {
    "left" : "for (Throwable curr = t; curr != null; curr = curr.getCause())",
    "right" : "for (Throwable curr = t; curr != null; curr = curr.getCause())",
    "info" : "ForStatement[15080-15276]:ForStatement[15453-15649]"
  }, {
    "left" : "{}",
    "right" : "{}",
    "info" : "Block[15143-15276]:Block[15516-15649]"
  }, {
    "left" : "if (curr instanceof JsonMappingException)",
    "right" : "if (curr instanceof JsonMappingException)",
    "info" : "IfStatement[15157-15266]:IfStatement[15530-15639]"
  }, {
    "left" : "{}",
    "right" : "{}",
    "info" : "Block[15199-15266]:Block[15572-15639]"
  }, {
    "left" : "return (JsonMappingException) curr;",
    "right" : "return (JsonMappingException) curr;",
    "info" : "ReturnStatement[15217-15252]:ReturnStatement[15590-15625]"
  }, {
    "left" : "return ctxt.instantiationException(getValueClass(), t);",
    "right" : "return ctxt.instantiationException(getValueClass(), t);",
    "info" : "ReturnStatement[15285-15340]:ReturnStatement[15658-15713]"
  }, {
    "left" : "protected",
    "right" : "protected",
    "info" : "Modifier[15386-15395]:Modifier[15759-15768]"
  }, {
    "left" : "JsonMappingException",
    "right" : "JsonMappingException",
    "info" : "SimpleType[15396-15416]:SimpleType[15769-15789]"
  }, {
    "left" : "wrapAsJsonMappingException",
    "right" : "wrapAsJsonMappingException",
    "info" : "SimpleName[15417-15443]:SimpleName[15790-15816]"
  }, {
    "left" : "DeserializationContext ctxt",
    "right" : "DeserializationContext ctxt",
    "info" : "SingleVariableDeclaration[15444-15471]:SingleVariableDeclaration[15817-15844]"
  }, {
    "left" : "Throwable t",
    "right" : "Throwable t",
    "info" : "SingleVariableDeclaration[15485-15496]:SingleVariableDeclaration[15858-15869]"
  }, {
    "left" : "{}",
    "right" : "{}",
    "info" : "Block[15502-15761]:Block[15875-16134]"
  }, {
    "left" : "if (t instanceof JsonMappingException)",
    "right" : "if (t instanceof JsonMappingException)",
    "info" : "IfStatement[15596-15691]:IfStatement[15969-16064]"
  }, {
    "left" : "{}",
    "right" : "{}",
    "info" : "Block[15635-15691]:Block[16008-16064]"
  }, {
    "left" : "return (JsonMappingException) t;",
    "right" : "return (JsonMappingException) t;",
    "info" : "ReturnStatement[15649-15681]:ReturnStatement[16022-16054]"
  }, {
    "left" : "return ctxt.instantiationException(getValueClass(), t);",
    "right" : "return ctxt.instantiationException(getValueClass(), t);",
    "info" : "ReturnStatement[15700-15755]:ReturnStatement[16073-16128]"
  }, {
    "left" : "protected",
    "right" : "protected",
    "info" : "Modifier[15801-15810]:Modifier[16174-16183]"
  }, {
    "left" : "JsonMappingException",
    "right" : "JsonMappingException",
    "info" : "SimpleType[15811-15831]:SimpleType[16184-16204]"
  }, {
    "left" : "rewrapCtorProblem",
    "right" : "rewrapCtorProblem",
    "info" : "SimpleName[15832-15849]:SimpleName[16205-16222]"
  }, {
    "left" : "DeserializationContext ctxt",
    "right" : "DeserializationContext ctxt",
    "info" : "SingleVariableDeclaration[15850-15877]:SingleVariableDeclaration[16223-16250]"
  }, {
    "left" : "Throwable t",
    "right" : "Throwable t",
    "info" : "SingleVariableDeclaration[15891-15902]:SingleVariableDeclaration[16264-16275]"
  }, {
    "left" : "{}",
    "right" : "{}",
    "info" : "Block[15908-16444]:Block[16281-16817]"
  }, {
    "left" : "if ((t instanceof ExceptionInInitializerError) // from static initialization block\n                || (t instanceof InvocationTargetException))",
    "right" : "if ((t instanceof ExceptionInInitializerError) // from static initialization block\n                || (t instanceof InvocationTargetException))",
    "info" : "IfStatement[16069-16386]:IfStatement[16442-16759]"
  }, {
    "left" : "{}",
    "right" : "{}",
    "info" : "Block[16257-16386]:Block[16630-16759]"
  }, {
    "left" : "Throwable cause = t.getCause();",
    "right" : "Throwable cause = t.getCause();",
    "info" : "VariableDeclarationStatement[16271-16302]:VariableDeclarationStatement[16644-16675]"
  }, {
    "left" : "if (cause != null)",
    "right" : "if (cause != null)",
    "info" : "IfStatement[16315-16376]:IfStatement[16688-16749]"
  }, {
    "left" : "{}",
    "right" : "{}",
    "info" : "Block[16334-16376]:Block[16707-16749]"
  }, {
    "left" : "t = cause;",
    "right" : "t = cause;",
    "info" : "ExpressionStatement[16352-16362]:ExpressionStatement[16725-16735]"
  }, {
    "left" : "return wrapAsJsonMappingException(ctxt, t);",
    "right" : "return wrapAsJsonMappingException(ctxt, t);",
    "info" : "ReturnStatement[16395-16438]:ReturnStatement[16768-16811]"
  }, {
    "left" : "private",
    "right" : "private",
    "info" : "Modifier[16616-16623]:Modifier[16989-16996]"
  }, {
    "left" : "Object",
    "right" : "Object",
    "info" : "SimpleType[16624-16630]:SimpleType[16997-17003]"
  }, {
    "left" : "_createUsingDelegate",
    "right" : "_createUsingDelegate",
    "info" : "SimpleName[16631-16651]:SimpleName[17004-17024]"
  }, {
    "left" : "AnnotatedWithParams delegateCreator",
    "right" : "AnnotatedWithParams delegateCreator",
    "info" : "SingleVariableDeclaration[16665-16700]:SingleVariableDeclaration[17038-17073]"
  }, {
    "left" : "SettableBeanProperty[] delegateArguments",
    "right" : "SettableBeanProperty[] delegateArguments",
    "info" : "SingleVariableDeclaration[16714-16754]:SingleVariableDeclaration[17087-17127]"
  }, {
    "left" : "DeserializationContext ctxt",
    "right" : "DeserializationContext ctxt",
    "info" : "SingleVariableDeclaration[16768-16795]:SingleVariableDeclaration[17141-17168]"
  }, {
    "left" : "Object delegate",
    "right" : "Object delegate",
    "info" : "SingleVariableDeclaration[16809-16824]:SingleVariableDeclaration[17182-17197]"
  }, {
    "left" : "IOException",
    "right" : "IOException",
    "info" : "SimpleType[16845-16856]:SimpleType[17218-17229]"
  }, {
    "left" : "{}",
    "right" : "{}",
    "info" : "Block[16861-17978]:Block[17234-18351]"
  }, {
    "left" : "if (delegateCreator == null)",
    "right" : "if (delegateCreator == null)",
    "info" : "IfStatement[16871-17044]:IfStatement[17244-17417]"
  }, {
    "left" : "{}",
    "right" : "{}",
    "info" : "Block[16900-17044]:Block[17273-17417]"
  }, {
    "left" : "throw new IllegalStateException(\"No delegate constructor for \"+getValueTypeDesc());",
    "right" : "throw new IllegalStateException(\"No delegate constructor for \"+getValueTypeDesc());",
    "info" : "ThrowStatement[16951-17034]:ThrowStatement[17324-17407]"
  }, {
    "left" : "try{...}",
    "right" : "try{...}",
    "info" : "TryStatement[17053-17972]:TryStatement[17426-18345]"
  }, {
    "left" : "{}",
    "right" : "{}",
    "info" : "Block[17057-17894]:Block[17430-18267]"
  }, {
    "left" : "if (delegateArguments == null)",
    "right" : "if (delegateArguments == null)",
    "info" : "IfStatement[17135-17237]:IfStatement[17508-17610]"
  }, {
    "left" : "{}",
    "right" : "{}",
    "info" : "Block[17166-17237]:Block[17539-17610]"
  }, {
    "left" : "return delegateCreator.call1(delegate);",
    "right" : "return delegateCreator.call1(delegate);",
    "info" : "ReturnStatement[17184-17223]:ReturnStatement[17557-17596]"
  }, {
    "left" : "final int len = delegateArguments.length;",
    "right" : "final int len = delegateArguments.length;",
    "info" : "VariableDeclarationStatement[17315-17356]:VariableDeclarationStatement[17688-17729]"
  }, {
    "left" : "Object[] args = new Object[len];",
    "right" : "Object[] args = new Object[len];",
    "info" : "VariableDeclarationStatement[17369-17401]:VariableDeclarationStatement[17742-17774]"
  }, {
    "left" : "for (int i = 0; i < len; ++i)",
    "right" : "for (int i = 0; i < len; ++i)",
    "info" : "ForStatement[17414-17774]:ForStatement[17787-18147]"
  }, {
    "left" : "{}",
    "right" : "{}",
    "info" : "Block[17444-17774]:Block[17817-18147]"
  }, {
    "left" : "SettableBeanProperty prop = delegateArguments[i];",
    "right" : "SettableBeanProperty prop = delegateArguments[i];",
    "info" : "VariableDeclarationStatement[17462-17511]:VariableDeclarationStatement[17835-17884]"
  }, {
    "left" : "if (prop == null)",
    "right" : "if (prop == null)",
    "info" : "IfStatement[17528-17760]:IfStatement[17901-18133]"
  }, {
    "left" : "{}",
    "right" : "{}",
    "info" : "Block[17546-17617]:Block[17919-17990]"
  }, {
    "left" : "args[i] = delegate;",
    "right" : "args[i] = delegate;",
    "info" : "ExpressionStatement[17580-17599]:ExpressionStatement[17953-17972]"
  }, {
    "left" : "{}",
    "right" : "{}",
    "info" : "Block[17623-17760]:Block[17996-18133]"
  }, {
    "left" : "args[i] = ctxt.findInjectableValue(prop.getInjectableValueId(), prop, null);",
    "right" : "args[i] = ctxt.findInjectableValue(prop.getInjectableValueId(), prop, null);",
    "info" : "ExpressionStatement[17666-17742]:ExpressionStatement[18039-18115]"
  }, {
    "left" : "return delegateCreator.call(args);",
    "right" : "return delegateCreator.call(args);",
    "info" : "ReturnStatement[17850-17884]:ReturnStatement[18223-18257]"
  }, {
    "left" : "{}",
    "right" : "{}",
    "info" : "Block[17915-17972]:Block[18288-18345]"
  }, {
    "left" : "throw rewrapCtorProblem(ctxt, t);",
    "right" : "throw rewrapCtorProblem(ctxt, t);",
    "info" : "ThrowStatement[17929-17962]:ThrowStatement[18302-18335]"
  } ]
}