{
  "intraFileMappings" : {
    "matchedElements" : [
 {
      "left" : "class : CommandLineRunner",
      "right" : "class : CommandLineRunner",
      "info" : "TypeDeclaration[1716-25558]:TypeDeclaration[1796-27477]"
    }, {
      "left" : "class : Flags",
      "right" : "class : Flags",
      "info" : "TypeDeclaration[2995-15773]:TypeDeclaration[3075-17703]"
    }, {
      "left" : "display_help",
      "right" : "display_help",
      "info" : "FieldDeclaration[3062-3215]:FieldDeclaration[3235-3388]"
    }, {
      "left" : "print_tree",
      "right" : "print_tree",
      "info" : "FieldDeclaration[3221-3392]:FieldDeclaration[3394-3565]"
    }, {
      "left" : "compute_phase_ordering",
      "right" : "compute_phase_ordering",
      "info" : "FieldDeclaration[3398-3657]:FieldDeclaration[3571-3830]"
    }, {
      "left" : "print_ast",
      "right" : "print_ast",
      "info" : "FieldDeclaration[3663-3882]:FieldDeclaration[3836-4055]"
    }, {
      "left" : "print_pass_graph",
      "right" : "print_pass_graph",
      "info" : "FieldDeclaration[3888-4116]:FieldDeclaration[4061-4289]"
    }, {
      "left" : "jscomp_dev_mode",
      "right" : "jscomp_dev_mode",
      "info" : "FieldDeclaration[4213-4401]:FieldDeclaration[4386-4574]"
    }, {
      "left" : "logging_level",
      "right" : "logging_level",
      "info" : "FieldDeclaration[4407-4706]:FieldDeclaration[4580-4879]"
    }, {
      "left" : "externs",
      "right" : "externs",
      "info" : "FieldDeclaration[4712-4893]:FieldDeclaration[4885-5066]"
    }, {
      "left" : "js",
      "right" : "js",
      "info" : "FieldDeclaration[4899-5042]:FieldDeclaration[5072-5215]"
    }, {
      "left" : "js_output_file",
      "right" : "js_output_file",
      "info" : "FieldDeclaration[5048-5225]:FieldDeclaration[5221-5398]"
    }, {
      "left" : "module",
      "right" : "module",
      "info" : "FieldDeclaration[5231-5753]:FieldDeclaration[5404-5926]"
    }, {
      "left" : "variable_map_input_file",
      "right" : "variable_map_input_file",
      "info" : "FieldDeclaration[5759-5986]:FieldDeclaration[5932-6159]"
    }, {
      "left" : "property_map_input_file",
      "right" : "property_map_input_file",
      "info" : "FieldDeclaration[5992-6219]:FieldDeclaration[6165-6392]"
    }, {
      "left" : "variable_map_output_file",
      "right" : "variable_map_output_file",
      "info" : "FieldDeclaration[6225-6439]:FieldDeclaration[6398-6612]"
    }, {
      "left" : "create_name_map_files",
      "right" : "create_name_map_files",
      "info" : "FieldDeclaration[6445-6908]:FieldDeclaration[6618-7081]"
    }, {
      "left" : "property_map_output_file",
      "right" : "property_map_output_file",
      "info" : "FieldDeclaration[6914-7128]:FieldDeclaration[7087-7301]"
    }, {
      "left" : "third_party",
      "right" : "third_party",
      "info" : "FieldDeclaration[7134-7361]:FieldDeclaration[7307-7534]"
    }, {
      "left" : "summary_detail_level",
      "right" : "summary_detail_level",
      "info" : "FieldDeclaration[7368-7770]:FieldDeclaration[7541-7943]"
    }, {
      "left" : "output_wrapper",
      "right" : "output_wrapper",
      "info" : "FieldDeclaration[7776-7997]:FieldDeclaration[7949-8170]"
    }, {
      "left" : "module_wrapper",
      "right" : "module_wrapper",
      "info" : "FieldDeclaration[8003-8369]:FieldDeclaration[8176-8542]"
    }, {
      "left" : "module_output_path_prefix",
      "right" : "module_output_path_prefix",
      "info" : "FieldDeclaration[8375-8670]:FieldDeclaration[8548-8843]"
    }, {
      "left" : "create_source_map",
      "right" : "create_source_map",
      "info" : "FieldDeclaration[8676-9070]:FieldDeclaration[8849-9243]"
    }, {
      "left" : "jscomp_error",
      "right" : "jscomp_error",
      "info" : "FieldDeclaration[9076-9291]:FieldDeclaration[9249-9520]"
    }, {
      "left" : "jscomp_warning",
      "right" : "jscomp_warning",
      "info" : "FieldDeclaration[9297-9529]:FieldDeclaration[9526-9816]"
    }, {
      "left" : "jscomp_off",
      "right" : "jscomp_off",
      "info" : "FieldDeclaration[9535-9741]:FieldDeclaration[9822-10082]"
    }, {
      "left" : "define",
      "right" : "define",
      "info" : "FieldDeclaration[9747-10204]:FieldDeclaration[10088-10545]"
    }, {
      "left" : "charset",
      "right" : "charset",
      "info" : "FieldDeclaration[10210-10407]:FieldDeclaration[10551-10748]"
    }, {
      "left" : "compilation_level",
      "right" : "compilation_level",
      "info" : "FieldDeclaration[10413-10689]:FieldDeclaration[10754-11030]"
    }, {
      "left" : "warning_level",
      "right" : "warning_level",
      "info" : "FieldDeclaration[10695-10892]:FieldDeclaration[11036-11233]"
    }, {
      "left" : "use_only_custom_externs",
      "right" : "use_only_custom_externs",
      "info" : "FieldDeclaration[10898-11116]:FieldDeclaration[11239-11457]"
    }, {
      "left" : "debug",
      "right" : "debug",
      "info" : "FieldDeclaration[11122-11272]:FieldDeclaration[11463-11613]"
    }, {
      "left" : "generate_exports",
      "right" : "generate_exports",
      "info" : "FieldDeclaration[11278-11477]:FieldDeclaration[11619-11818]"
    }, {
      "left" : "formatting",
      "right" : "formatting",
      "info" : "FieldDeclaration[11483-11753]:FieldDeclaration[11824-12094]"
    }, {
      "left" : "process_closure_primitives",
      "right" : "process_closure_primitives",
      "info" : "FieldDeclaration[11759-12048]:FieldDeclaration[12100-12389]"
    }, {
      "left" : "manage_closure_dependencies",
      "right" : "manage_closure_dependencies",
      "info" : "FieldDeclaration[12054-12535]:FieldDeclaration[12395-12876]"
    }, {
      "left" : "closure_entry_point",
      "right" : "closure_entry_point",
      "info" : "FieldDeclaration[12541-13134]:FieldDeclaration[12882-13475]"
    }, {
      "left" : "output_manifest",
      "right" : "output_manifest",
      "info" : "FieldDeclaration[13140-13617]:FieldDeclaration[13481-13958]"
    }, {
      "left" : "accept_const_keyword",
      "right" : "accept_const_keyword",
      "info" : "FieldDeclaration[13623-13763]:FieldDeclaration[13964-14104]"
    }, {
      "left" : "language_in",
      "right" : "language_in",
      "info" : "FieldDeclaration[13769-13996]:FieldDeclaration[14110-14337]"
    }, {
      "left" : "version",
      "right" : "version",
      "info" : "FieldDeclaration[14002-14170]:FieldDeclaration[14343-14511]"
    }, {
      "left" : "flag_file",
      "right" : "flag_file",
      "info" : "FieldDeclaration[14176-14309]:FieldDeclaration[14517-14650]"
    }, {
      "left" : "class : BooleanOptionHandler",
      "right" : "class : BooleanOptionHandler",
      "info" : "TypeDeclaration[14451-15665]:TypeDeclaration[14792-16006]"
    }, {
      "left" : "TRUES",
      "right" : "TRUES",
      "info" : "FieldDeclaration[14531-14624]:FieldDeclaration[14872-14965]"
    }, {
      "left" : "FALSES",
      "right" : "FALSES",
      "info" : "FieldDeclaration[14631-14726]:FieldDeclaration[14972-15067]"
    }, {
      "left" : "public BooleanOptionHandler(\n          CmdLineParser parser, OptionDef option,\n          Setter<? super Boolean> setter)",
      "right" : "public BooleanOptionHandler(\n          CmdLineParser parser, OptionDef option,\n          Setter<? super Boolean> setter)",
      "info" : "MethodDeclaration[14734-14903]:MethodDeclaration[15075-15244]"
    }, {
      "left" : "public int parseArguments(Parameters params) throws CmdLineException",
      "right" : "public int parseArguments(Parameters params) throws CmdLineException",
      "info" : "MethodDeclaration[14911-15566]:MethodDeclaration[15252-15907]"
    }, {
      "left" : "public String getDefaultMetaVariable()",
      "right" : "public String getDefaultMetaVariable()",
      "info" : "MethodDeclaration[15574-15659]:MethodDeclaration[15915-16000]"
    }, {
      "left" : "private void applyToOptions(CompilerOptions options)",
      "right" : "private void applyToOptions(CompilerOptions options)",
      "info" : "MethodDeclaration[15949-16313]:MethodDeclaration[17879-18243]"
    }, {
      "left" : "flags",
      "right" : "flags",
      "info" : "FieldDeclaration[16321-16361]:FieldDeclaration[18251-18291]"
    }, {
      "left" : "configResource",
      "right" : "configResource",
      "info" : "FieldDeclaration[16365-16468]:FieldDeclaration[18295-18398]"
    }, {
      "left" : "isConfigValid",
      "right" : "isConfigValid",
      "info" : "FieldDeclaration[16472-16510]:FieldDeclaration[18402-18440]"
    }, {
      "left" : "protected CommandLineRunner(String[] args)",
      "right" : "protected CommandLineRunner(String[] args)",
      "info" : "MethodDeclaration[16514-16806]:MethodDeclaration[18444-18736]"
    }, {
      "left" : "protected CommandLineRunner(String[] args, PrintStream out, PrintStream err)",
      "right" : "protected CommandLineRunner(String[] args, PrintStream out, PrintStream err)",
      "info" : "MethodDeclaration[16810-16949]:MethodDeclaration[18740-18879]"
    }, {
      "left" : "private List<String> processArgs(String[] args)",
      "right" : "private List<String> processArgs(String[] args)",
      "info" : "MethodDeclaration[16953-17854]:MethodDeclaration[18883-19784]"
    }, {
      "left" : "private void processFlagFile(PrintStream err)\n            throws CmdLineException, IOException",
      "right" : "private void processFlagFile(PrintStream err)\n            throws CmdLineException, IOException",
      "info" : "MethodDeclaration[17858-18788]:MethodDeclaration[19788-20754]"
    }, {
      "left" : "private void initConfigFromFlags(String[] args, PrintStream err)",
      "right" : "private void initConfigFromFlags(String[] args, PrintStream err)",
      "info" : "MethodDeclaration[18792-21638]:MethodDeclaration[20758-23557]"
    }, {
      "left" : "protected CompilerOptions createOptions()",
      "right" : "protected CompilerOptions createOptions()",
      "info" : "MethodDeclaration[21642-22401]:MethodDeclaration[23561-24320]"
    }, {
      "left" : "protected Compiler createCompiler()",
      "right" : "protected Compiler createCompiler()",
      "info" : "MethodDeclaration[22405-22506]:MethodDeclaration[24324-24425]"
    }, {
      "left" : "protected List<JSSourceFile> createExterns() throws FlagUsageException,\n      IOException",
      "right" : "protected List<JSSourceFile> createExterns() throws FlagUsageException,\n      IOException",
      "info" : "MethodDeclaration[22510-22903]:MethodDeclaration[24429-24822]"
    }, {
      "left" : "DEFAULT_EXTERNS_NAMES",
      "right" : "DEFAULT_EXTERNS_NAMES",
      "info" : "FieldDeclaration[22966-23903]:FieldDeclaration[24885-25822]"
    }, {
      "left" : "public static List<JSSourceFile> getDefaultExterns() throws IOException",
      "right" : "public static List<JSSourceFile> getDefaultExterns() throws IOException",
      "info" : "MethodDeclaration[23907-25136]:MethodDeclaration[25826-27055]"
    }, {
      "left" : "public boolean shouldRunCompiler()",
      "right" : "public boolean shouldRunCompiler()",
      "info" : "MethodDeclaration[25140-25272]:MethodDeclaration[27059-27191]"
    }, {
      "left" : "public static void main(String[] args)",
      "right" : "public static void main(String[] args)",
      "info" : "MethodDeclaration[25276-25556]:MethodDeclaration[27195-27475]"
    } ],
    "mappings" : [
 {
      "left" : "@SuppressWarnings(\"unchecked\")",
      "right" : "@SuppressWarnings(\"unchecked\")",
      "info" : "SingleMemberAnnotation[2995-3025]:SingleMemberAnnotation[3075-3105]"
    }, {
      "left" : "public",
      "right" : "public",
      "info" : "Modifier[14451-14457]:Modifier[14792-14798]"
    }, {
      "left" : "static",
      "right" : "static",
      "info" : "Modifier[14458-14464]:Modifier[14799-14805]"
    }, {
      "left" : "class",
      "right" : "class",
      "info" : "TYPE_DECLARATION_KIND[14465-14470]:TYPE_DECLARATION_KIND[14806-14811]"
    }, {
      "left" : "BooleanOptionHandler",
      "right" : "BooleanOptionHandler",
      "info" : "SimpleName[14471-14491]:SimpleName[14812-14832]"
    }, {
      "left" : "public",
      "right" : "public",
      "info" : "Modifier[14734-14740]:Modifier[15075-15081]"
    }, {
      "left" : "BooleanOptionHandler",
      "right" : "BooleanOptionHandler",
      "info" : "SimpleName[14741-14761]:SimpleName[15082-15102]"
    }, {
      "left" : "CmdLineParser parser",
      "right" : "CmdLineParser parser",
      "info" : "SingleVariableDeclaration[14773-14793]:SingleVariableDeclaration[15114-15134]"
    }, {
      "left" : "OptionDef option",
      "right" : "OptionDef option",
      "info" : "SingleVariableDeclaration[14795-14811]:SingleVariableDeclaration[15136-15152]"
    }, {
      "left" : "Setter<? super Boolean> setter",
      "right" : "Setter<? super Boolean> setter",
      "info" : "SingleVariableDeclaration[14823-14853]:SingleVariableDeclaration[15164-15194]"
    }, {
      "left" : "{}",
      "right" : "{}",
      "info" : "Block[14855-14903]:Block[15196-15244]"
    }, {
      "left" : "super(parser, option, setter);",
      "right" : "super(parser, option, setter);",
      "info" : "SuperConstructorInvocation[14865-14895]:SuperConstructorInvocation[15206-15236]"
    }, {
      "left" : "@Override",
      "right" : "@Override",
      "info" : "MarkerAnnotation[14911-14920]:MarkerAnnotation[15252-15261]"
    }, {
      "left" : "public",
      "right" : "public",
      "info" : "Modifier[14927-14933]:Modifier[15268-15274]"
    }, {
      "left" : "int",
      "right" : "int",
      "info" : "PrimitiveType[14934-14937]:PrimitiveType[15275-15278]"
    }, {
      "left" : "parseArguments",
      "right" : "parseArguments",
      "info" : "SimpleName[14938-14952]:SimpleName[15279-15293]"
    }, {
      "left" : "Parameters params",
      "right" : "Parameters params",
      "info" : "SingleVariableDeclaration[14953-14970]:SingleVariableDeclaration[15294-15311]"
    }, {
      "left" : "CmdLineException",
      "right" : "CmdLineException",
      "info" : "SimpleType[14979-14995]:SimpleType[15320-15336]"
    }, {
      "left" : "{}",
      "right" : "{}",
      "info" : "Block[14996-15566]:Block[15337-15907]"
    }, {
      "left" : "String param = null;",
      "right" : "String param = null;",
      "info" : "VariableDeclarationStatement[15006-15026]:VariableDeclarationStatement[15347-15367]"
    }, {
      "left" : "try{...}",
      "right" : "try{...}",
      "info" : "TryStatement[15035-15122]:TryStatement[15376-15463]"
    }, {
      "left" : "{}",
      "right" : "{}",
      "info" : "Block[15039-15092]:Block[15380-15433]"
    }, {
      "left" : "param = params.getParameter(0);",
      "right" : "param = params.getParameter(0);",
      "info" : "ExpressionStatement[15051-15082]:ExpressionStatement[15392-15423]"
    }, {
      "left" : "{}",
      "right" : "{}",
      "info" : "Block[15120-15122]:Block[15461-15463]"
    }, {
      "left" : "if (param == null)",
      "right" : "if (param == null)",
      "info" : "IfStatement[15132-15558]:IfStatement[15473-15899]"
    }, {
      "left" : "{}",
      "right" : "{}",
      "info" : "Block[15151-15215]:Block[15492-15556]"
    }, {
      "left" : "setter.addValue(true);",
      "right" : "setter.addValue(true);",
      "info" : "ExpressionStatement[15163-15185]:ExpressionStatement[15504-15526]"
    }, {
      "left" : "return 0;",
      "right" : "return 0;",
      "info" : "ReturnStatement[15196-15205]:ReturnStatement[15537-15546]"
    }, {
      "left" : "{}",
      "right" : "{}",
      "info" : "Block[15221-15558]:Block[15562-15899]"
    }, {
      "left" : "String lowerParam = param.toLowerCase();",
      "right" : "String lowerParam = param.toLowerCase();",
      "info" : "VariableDeclarationStatement[15233-15273]:VariableDeclarationStatement[15574-15614]"
    }, {
      "left" : "if (TRUES.contains(lowerParam))",
      "right" : "if (TRUES.contains(lowerParam))",
      "info" : "IfStatement[15284-15528]:IfStatement[15625-15869]"
    }, {
      "left" : "{}",
      "right" : "{}",
      "info" : "Block[15316-15364]:Block[15657-15705]"
    }, {
      "left" : "setter.addValue(true);",
      "right" : "setter.addValue(true);",
      "info" : "ExpressionStatement[15330-15352]:ExpressionStatement[15671-15693]"
    }, {
      "left" : "if (FALSES.contains(lowerParam))",
      "right" : "if (FALSES.contains(lowerParam))",
      "info" : "IfStatement[15370-15528]:IfStatement[15711-15869]"
    }, {
      "left" : "{}",
      "right" : "{}",
      "info" : "Block[15403-15452]:Block[15744-15793]"
    }, {
      "left" : "setter.addValue(false);",
      "right" : "setter.addValue(false);",
      "info" : "ExpressionStatement[15417-15440]:ExpressionStatement[15758-15781]"
    }, {
      "left" : "{}",
      "right" : "{}",
      "info" : "Block[15458-15528]:Block[15799-15869]"
    }, {
      "left" : "setter.addValue(true);",
      "right" : "setter.addValue(true);",
      "info" : "ExpressionStatement[15472-15494]:ExpressionStatement[15813-15835]"
    }, {
      "left" : "return 0;",
      "right" : "return 0;",
      "info" : "ReturnStatement[15507-15516]:ReturnStatement[15848-15857]"
    }, {
      "left" : "return 1;",
      "right" : "return 1;",
      "info" : "ReturnStatement[15539-15548]:ReturnStatement[15880-15889]"
    }, {
      "left" : "@Override",
      "right" : "@Override",
      "info" : "MarkerAnnotation[15574-15583]:MarkerAnnotation[15915-15924]"
    }, {
      "left" : "public",
      "right" : "public",
      "info" : "Modifier[15590-15596]:Modifier[15931-15937]"
    }, {
      "left" : "String",
      "right" : "String",
      "info" : "SimpleType[15597-15603]:SimpleType[15938-15944]"
    }, {
      "left" : "getDefaultMetaVariable",
      "right" : "getDefaultMetaVariable",
      "info" : "SimpleName[15604-15626]:SimpleName[15945-15967]"
    }, {
      "left" : "{}",
      "right" : "{}",
      "info" : "Block[15629-15659]:Block[15970-16000]"
    }, {
      "left" : "return null;",
      "right" : "return null;",
      "info" : "ReturnStatement[15639-15651]:ReturnStatement[15980-15992]"
    }, {
      "left" : "private",
      "right" : "private",
      "info" : "Modifier[15949-15956]:Modifier[17879-17886]"
    }, {
      "left" : "void",
      "right" : "void",
      "info" : "PrimitiveType[15957-15961]:PrimitiveType[17887-17891]"
    }, {
      "left" : "applyToOptions",
      "right" : "applyToOptions",
      "info" : "SimpleName[15962-15976]:SimpleName[17892-17906]"
    }, {
      "left" : "CompilerOptions options",
      "right" : "CompilerOptions options",
      "info" : "SingleVariableDeclaration[15977-16000]:SingleVariableDeclaration[17907-17930]"
    }, {
      "left" : "{}",
      "right" : "{}",
      "info" : "Block[16002-16313]:Block[17932-18243]"
    }, {
      "left" : "switch (this) {\n        case PRETTY_PRINT:\n          options.prettyPrint = true;\n          break;\n        case PRINT_INPUT_DELIMITER:\n          options.printInputDelimiter = true;\n          break;\n        default:\n          throw new RuntimeException(\"Unknown formatting option: \" + this);\n      }",
      "right" : "switch (this) {\n        case PRETTY_PRINT:\n          options.prettyPrint = true;\n          break;\n        case PRINT_INPUT_DELIMITER:\n          options.printInputDelimiter = true;\n          break;\n        default:\n          throw new RuntimeException(\"Unknown formatting option: \" + this);\n      }",
      "info" : "SwitchStatement[16010-16307]:SwitchStatement[17940-18237]"
    }, {
      "left" : "case PRETTY_PRINT:",
      "right" : "case PRETTY_PRINT:",
      "info" : "SwitchCase[16034-16052]:SwitchCase[17964-17982]"
    }, {
      "left" : "options.prettyPrint = true;",
      "right" : "options.prettyPrint = true;",
      "info" : "ExpressionStatement[16063-16090]:ExpressionStatement[17993-18020]"
    }, {
      "left" : "break;",
      "right" : "break;",
      "info" : "BreakStatement[16101-16107]:BreakStatement[18031-18037]"
    }, {
      "left" : "case PRINT_INPUT_DELIMITER:",
      "right" : "case PRINT_INPUT_DELIMITER:",
      "info" : "SwitchCase[16116-16143]:SwitchCase[18046-18073]"
    }, {
      "left" : "options.printInputDelimiter = true;",
      "right" : "options.printInputDelimiter = true;",
      "info" : "ExpressionStatement[16154-16189]:ExpressionStatement[18084-18119]"
    }, {
      "left" : "break;",
      "right" : "break;",
      "info" : "BreakStatement[16200-16206]:BreakStatement[18130-18136]"
    }, {
      "left" : "default:",
      "right" : "default:",
      "info" : "SwitchCase[16215-16223]:SwitchCase[18145-18153]"
    }, {
      "left" : "throw new RuntimeException(\"Unknown formatting option: \" + this);",
      "right" : "throw new RuntimeException(\"Unknown formatting option: \" + this);",
      "info" : "ThrowStatement[16234-16299]:ThrowStatement[18164-18229]"
    }, {
      "left" : "protected",
      "right" : "protected",
      "info" : "Modifier[16702-16711]:Modifier[18632-18641]"
    }, {
      "left" : "CommandLineRunner",
      "right" : "CommandLineRunner",
      "info" : "SimpleName[16712-16729]:SimpleName[18642-18659]"
    }, {
      "left" : "String[] args",
      "right" : "String[] args",
      "info" : "SingleVariableDeclaration[16730-16743]:SingleVariableDeclaration[18660-18673]"
    }, {
      "left" : "{}",
      "right" : "{}",
      "info" : "Block[16745-16806]:Block[18675-18736]"
    }, {
      "left" : "super();",
      "right" : "super();",
      "info" : "SuperConstructorInvocation[16751-16759]:SuperConstructorInvocation[18681-18689]"
    }, {
      "left" : "initConfigFromFlags(args, System.err);",
      "right" : "initConfigFromFlags(args, System.err);",
      "info" : "ExpressionStatement[16764-16802]:ExpressionStatement[18694-18732]"
    }, {
      "left" : "protected",
      "right" : "protected",
      "info" : "Modifier[16810-16819]:Modifier[18740-18749]"
    }, {
      "left" : "CommandLineRunner",
      "right" : "CommandLineRunner",
      "info" : "SimpleName[16820-16837]:SimpleName[18750-18767]"
    }, {
      "left" : "String[] args",
      "right" : "String[] args",
      "info" : "SingleVariableDeclaration[16838-16851]:SingleVariableDeclaration[18768-18781]"
    }, {
      "left" : "PrintStream out",
      "right" : "PrintStream out",
      "info" : "SingleVariableDeclaration[16853-16868]:SingleVariableDeclaration[18783-18798]"
    }, {
      "left" : "PrintStream err",
      "right" : "PrintStream err",
      "info" : "SingleVariableDeclaration[16870-16885]:SingleVariableDeclaration[18800-18815]"
    }, {
      "left" : "{}",
      "right" : "{}",
      "info" : "Block[16887-16949]:Block[18817-18879]"
    }, {
      "left" : "super(out, err);",
      "right" : "super(out, err);",
      "info" : "SuperConstructorInvocation[16893-16909]:SuperConstructorInvocation[18823-18839]"
    }, {
      "left" : "initConfigFromFlags(args, err);",
      "right" : "initConfigFromFlags(args, err);",
      "info" : "ExpressionStatement[16914-16945]:ExpressionStatement[18844-18875]"
    }, {
      "left" : "private",
      "right" : "private",
      "info" : "Modifier[16953-16960]:Modifier[18883-18890]"
    }, {
      "left" : "List<String>",
      "right" : "List<String>",
      "info" : "ParameterizedType[16961-16973]:ParameterizedType[18891-18903]"
    }, {
      "left" : "processArgs",
      "right" : "processArgs",
      "info" : "SimpleName[16974-16985]:SimpleName[18904-18915]"
    }, {
      "left" : "String[] args",
      "right" : "String[] args",
      "info" : "SingleVariableDeclaration[16986-16999]:SingleVariableDeclaration[18916-18929]"
    }, {
      "left" : "{}",
      "right" : "{}",
      "info" : "Block[17001-17854]:Block[18931-19784]"
    }, {
      "left" : "Pattern argPattern = Pattern.compile(\"(--[a-zA-Z_]+)=(.*)\");",
      "right" : "Pattern argPattern = Pattern.compile(\"(--[a-zA-Z_]+)=(.*)\");",
      "info" : "VariableDeclarationStatement[17167-17227]:VariableDeclarationStatement[19097-19157]"
    }, {
      "left" : "Pattern quotesPattern = Pattern.compile(\"^['\\\"](.*)['\\\"]$\");",
      "right" : "Pattern quotesPattern = Pattern.compile(\"^['\\\"](.*)['\\\"]$\");",
      "info" : "VariableDeclarationStatement[17232-17292]:VariableDeclarationStatement[19162-19222]"
    }, {
      "left" : "List<String> processedArgs = Lists.newArrayList();",
      "right" : "List<String> processedArgs = Lists.newArrayList();",
      "info" : "VariableDeclarationStatement[17297-17347]:VariableDeclarationStatement[19227-19277]"
    }, {
      "left" : "for (String arg : args)",
      "right" : "for (String arg : args)",
      "info" : "EnhancedForStatement[17353-17823]:EnhancedForStatement[19283-19753]"
    }, {
      "left" : "{}",
      "right" : "{}",
      "info" : "Block[17377-17823]:Block[19307-19753]"
    }, {
      "left" : "Matcher matcher = argPattern.matcher(arg);",
      "right" : "Matcher matcher = argPattern.matcher(arg);",
      "info" : "VariableDeclarationStatement[17385-17427]:VariableDeclarationStatement[19315-19357]"
    }, {
      "left" : "if (matcher.matches())",
      "right" : "if (matcher.matches())",
      "info" : "IfStatement[17434-17817]:IfStatement[19364-19747]"
    }, {
      "left" : "{}",
      "right" : "{}",
      "info" : "Block[17457-17770]:Block[19387-19700]"
    }, {
      "left" : "processedArgs.add(matcher.group(1));",
      "right" : "processedArgs.add(matcher.group(1));",
      "info" : "ExpressionStatement[17467-17503]:ExpressionStatement[19397-19433]"
    }, {
      "left" : "String value = matcher.group(2);",
      "right" : "String value = matcher.group(2);",
      "info" : "VariableDeclarationStatement[17513-17545]:VariableDeclarationStatement[19443-19475]"
    }, {
      "left" : "Matcher quotesMatcher = quotesPattern.matcher(value);",
      "right" : "Matcher quotesMatcher = quotesPattern.matcher(value);",
      "info" : "VariableDeclarationStatement[17554-17607]:VariableDeclarationStatement[19484-19537]"
    }, {
      "left" : "if (quotesMatcher.matches())",
      "right" : "if (quotesMatcher.matches())",
      "info" : "IfStatement[17616-17762]:IfStatement[19546-19692]"
    }, {
      "left" : "{}",
      "right" : "{}",
      "info" : "Block[17645-17709]:Block[19575-19639]"
    }, {
      "left" : "processedArgs.add(quotesMatcher.group(1));",
      "right" : "processedArgs.add(quotesMatcher.group(1));",
      "info" : "ExpressionStatement[17657-17699]:ExpressionStatement[19587-19629]"
    }, {
      "left" : "{}",
      "right" : "{}",
      "info" : "Block[17715-17762]:Block[19645-19692]"
    }, {
      "left" : "processedArgs.add(value);",
      "right" : "processedArgs.add(value);",
      "info" : "ExpressionStatement[17727-17752]:ExpressionStatement[19657-19682]"
    }, {
      "left" : "{}",
      "right" : "{}",
      "info" : "Block[17776-17817]:Block[19706-19747]"
    }, {
      "left" : "processedArgs.add(arg);",
      "right" : "processedArgs.add(arg);",
      "info" : "ExpressionStatement[17786-17809]:ExpressionStatement[19716-19739]"
    }, {
      "left" : "return processedArgs;",
      "right" : "return processedArgs;",
      "info" : "ReturnStatement[17829-17850]:ReturnStatement[19759-19780]"
    }, {
      "left" : "private",
      "right" : "private",
      "info" : "Modifier[17858-17865]:Modifier[19788-19795]"
    }, {
      "left" : "void",
      "right" : "void",
      "info" : "PrimitiveType[17866-17870]:PrimitiveType[19796-19800]"
    }, {
      "left" : "processFlagFile",
      "right" : "processFlagFile",
      "info" : "SimpleName[17871-17886]:SimpleName[19801-19816]"
    }, {
      "left" : "PrintStream err",
      "right" : "PrintStream err",
      "info" : "SingleVariableDeclaration[17887-17902]:SingleVariableDeclaration[19817-19832]"
    }, {
      "left" : "CmdLineException",
      "right" : "CmdLineException",
      "info" : "SimpleType[17923-17939]:SimpleType[19853-19869]"
    }, {
      "left" : "IOException",
      "right" : "IOException",
      "info" : "SimpleType[17941-17952]:SimpleType[19871-19882]"
    }, {
      "left" : "{}",
      "right" : "{}",
      "info" : "Block[17953-18788]:Block[19883-20754]"
    }, {
      "left" : "List<String> argsInFile = Lists.newArrayList();",
      "right" : "List<String> argsInFile = Lists.newArrayList();",
      "info" : "VariableDeclarationStatement[17959-18006]:VariableDeclarationStatement[19889-19936]"
    }, {
      "left" : "File flagFileInput = new File(flags.flag_file);",
      "right" : "File flagFileInput = new File(flags.flag_file);",
      "info" : "VariableDeclarationStatement[18011-18058]:VariableDeclarationStatement[19941-19988]"
    }, {
      "left" : "StringTokenizer tokenizer = new StringTokenizer(\n        Files.toString(flagFileInput, Charset.defaultCharset()));",
      "right" : "StringTokenizer tokenizer = new StringTokenizer(\n        Files.toString(flagFileInput, Charset.defaultCharset()));",
      "info" : "VariableDeclarationStatement[18063-18177]:VariableDeclarationStatement[19993-20107]"
    }, {
      "left" : "while (tokenizer.hasMoreTokens())",
      "right" : "while (tokenizer.hasMoreTokens())",
      "info" : "WhileStatement[18183-18271]:WhileStatement[20113-20201]"
    }, {
      "left" : "{}",
      "right" : "{}",
      "info" : "Block[18217-18271]:Block[20147-20201]"
    }, {
      "left" : "argsInFile.add(tokenizer.nextToken());",
      "right" : "argsInFile.add(tokenizer.nextToken());",
      "info" : "ExpressionStatement[18227-18265]:ExpressionStatement[20157-20195]"
    }, {
      "left" : "flags.flag_file = \"\";",
      "right" : "flags.flag_file = \"\";",
      "info" : "ExpressionStatement[18277-18298]:ExpressionStatement[20207-20228]"
    }, {
      "left" : "List<String> processedFileArgs\n        = processArgs(argsInFile.toArray(new String[] {}));",
      "right" : "List<String> processedFileArgs\n        = processArgs(argsInFile.toArray(new String[] {}));",
      "info" : "VariableDeclarationStatement[18303-18393]:VariableDeclarationStatement[20233-20323]"
    }, {
      "left" : "CmdLineParser parserFileArgs = new CmdLineParser(flags);",
      "right" : "CmdLineParser parserFileArgs = new CmdLineParser(flags);",
      "info" : "VariableDeclarationStatement[18398-18454]:VariableDeclarationStatement[20328-20384]"
    }, {
      "left" : "parserFileArgs.parseArgument(processedFileArgs.toArray(new String[] {}));",
      "right" : "parserFileArgs.parseArgument(processedFileArgs.toArray(new String[] {}));",
      "info" : "ExpressionStatement[18459-18532]:ExpressionStatement[20425-20498]"
    }, {
      "left" : "if (!flags.flag_file.equals(\"\"))",
      "right" : "if (!flags.flag_file.equals(\"\"))",
      "info" : "IfStatement[18614-18784]:IfStatement[20580-20750]"
    }, {
      "left" : "{}",
      "right" : "{}",
      "info" : "Block[18647-18784]:Block[20613-20750]"
    }, {
      "left" : "err.println(\"ERROR - Arguments in the file cannot contain \"\n          + \"--flagfile option.\");",
      "right" : "err.println(\"ERROR - Arguments in the file cannot contain \"\n          + \"--flagfile option.\");",
      "info" : "ExpressionStatement[18655-18749]:ExpressionStatement[20621-20715]"
    }, {
      "left" : "isConfigValid = false;",
      "right" : "isConfigValid = false;",
      "info" : "ExpressionStatement[18756-18778]:ExpressionStatement[20722-20744]"
    }, {
      "left" : "private",
      "right" : "private",
      "info" : "Modifier[18792-18799]:Modifier[20758-20765]"
    }, {
      "left" : "void",
      "right" : "void",
      "info" : "PrimitiveType[18800-18804]:PrimitiveType[20766-20770]"
    }, {
      "left" : "initConfigFromFlags",
      "right" : "initConfigFromFlags",
      "info" : "SimpleName[18805-18824]:SimpleName[20771-20790]"
    }, {
      "left" : "String[] args",
      "right" : "String[] args",
      "info" : "SingleVariableDeclaration[18825-18838]:SingleVariableDeclaration[20791-20804]"
    }, {
      "left" : "PrintStream err",
      "right" : "PrintStream err",
      "info" : "SingleVariableDeclaration[18840-18855]:SingleVariableDeclaration[20806-20821]"
    }, {
      "left" : "{}",
      "right" : "{}",
      "info" : "Block[18857-21638]:Block[20823-23557]"
    }, {
      "left" : "List<String> processedArgs = processArgs(args);",
      "right" : "List<String> processedArgs = processArgs(args);",
      "info" : "VariableDeclarationStatement[18864-18911]:VariableDeclarationStatement[20830-20877]"
    }, {
      "left" : "CmdLineParser parser = new CmdLineParser(flags);",
      "right" : "CmdLineParser parser = new CmdLineParser(flags);",
      "info" : "VariableDeclarationStatement[18917-18965]:VariableDeclarationStatement[20883-20931]"
    }, {
      "left" : "isConfigValid = true;",
      "right" : "isConfigValid = true;",
      "info" : "ExpressionStatement[18970-18991]:ExpressionStatement[20972-20993]"
    }, {
      "left" : "try{...}",
      "right" : "try{...}",
      "info" : "TryStatement[18996-19420]:TryStatement[20998-21422]"
    }, {
      "left" : "{}",
      "right" : "{}",
      "info" : "Block[19000-19192]:Block[21002-21194]"
    }, {
      "left" : "parser.parseArgument(processedArgs.toArray(new String[] {}));",
      "right" : "parser.parseArgument(processedArgs.toArray(new String[] {}));",
      "info" : "ExpressionStatement[19008-19069]:ExpressionStatement[21010-21071]"
    }, {
      "left" : "if (!flags.flag_file.equals(\"\"))",
      "right" : "if (!flags.flag_file.equals(\"\"))",
      "info" : "IfStatement[19114-19186]:IfStatement[21116-21188]"
    }, {
      "left" : "{}",
      "right" : "{}",
      "info" : "Block[19147-19186]:Block[21149-21188]"
    }, {
      "left" : "processFlagFile(err);",
      "right" : "processFlagFile(err);",
      "info" : "ExpressionStatement[19157-19178]:ExpressionStatement[21159-21180]"
    }, {
      "left" : "{}",
      "right" : "{}",
      "info" : "Block[19220-19291]:Block[21222-21293]"
    }, {
      "left" : "err.println(e.getMessage());",
      "right" : "err.println(e.getMessage());",
      "info" : "ExpressionStatement[19228-19256]:ExpressionStatement[21230-21258]"
    }, {
      "left" : "isConfigValid = false;",
      "right" : "isConfigValid = false;",
      "info" : "ExpressionStatement[19263-19285]:ExpressionStatement[21265-21287]"
    }, {
      "left" : "{}",
      "right" : "{}",
      "info" : "Block[19318-19420]:Block[21320-21422]"
    }, {
      "left" : "err.println(\"ERROR - \" + flags.flag_file + \" read error.\");",
      "right" : "err.println(\"ERROR - \" + flags.flag_file + \" read error.\");",
      "info" : "ExpressionStatement[19326-19385]:ExpressionStatement[21328-21387]"
    }, {
      "left" : "isConfigValid = false;",
      "right" : "isConfigValid = false;",
      "info" : "ExpressionStatement[19392-19414]:ExpressionStatement[21394-21416]"
    }, {
      "left" : "if (flags.version)",
      "right" : "if (flags.version)",
      "info" : "IfStatement[19426-19768]:IfStatement[21428-21770]"
    }, {
      "left" : "{}",
      "right" : "{}",
      "info" : "Block[19445-19768]:Block[21447-21770]"
    }, {
      "left" : "ResourceBundle config = ResourceBundle.getBundle(configResource);",
      "right" : "ResourceBundle config = ResourceBundle.getBundle(configResource);",
      "info" : "VariableDeclarationStatement[19453-19518]:VariableDeclarationStatement[21455-21520]"
    }, {
      "left" : "err.println(\n          \"Closure Compiler (http://code.google.com/closure/compiler)\\n\" +\n          \"Version: \" + config.getString(\"compiler.version\") + \"\\n\" +\n          \"Built on: \" + config.getString(\"compiler.date\"));",
      "right" : "err.println(\n          \"Closure Compiler (http://code.google.com/closure/compiler)\\n\" +\n          \"Version: \" + config.getString(\"compiler.version\") + \"\\n\" +\n          \"Built on: \" + config.getString(\"compiler.date\"));",
      "info" : "ExpressionStatement[19525-19743]:ExpressionStatement[21527-21745]"
    }, {
      "left" : "err.flush();",
      "right" : "err.flush();",
      "info" : "ExpressionStatement[19750-19762]:ExpressionStatement[21752-21764]"
    }, {
      "left" : "if (!isConfigValid || flags.display_help)",
      "right" : "if (!isConfigValid || flags.display_help)",
      "info" : "IfStatement[19774-21634]:IfStatement[21776-23553]"
    }, {
      "left" : "{}",
      "right" : "{}",
      "info" : "Block[19816-19882]:Block[21818-21884]"
    }, {
      "left" : "isConfigValid = false;",
      "right" : "isConfigValid = false;",
      "info" : "ExpressionStatement[19824-19846]:ExpressionStatement[21826-21848]"
    }, {
      "left" : "parser.printUsage(err);",
      "right" : "parser.printUsage(err);",
      "info" : "ExpressionStatement[19853-19876]:ExpressionStatement[21855-21878]"
    }, {
      "left" : "{}",
      "right" : "{}",
      "info" : "Block[19888-21634]:Block[21890-23553]"
    }, {
      "left" : "getCommandLineConfig()\n          .setPrintTree(flags.print_tree)\n          .setComputePhaseOrdering(flags.compute_phase_ordering)\n          .setPrintAst(flags.print_ast)\n          .setPrintPassGraph(flags.print_pass_graph)\n          .setJscompDevMode(flags.jscomp_dev_mode)\n          .setLoggingLevel(flags.logging_level)\n          .setExterns(flags.externs)\n          .setJs(flags.js)\n          .setJsOutputFile(flags.js_output_file)\n          .setModule(flags.module)\n          .setVariableMapInputFile(flags.variable_map_input_file)\n          .setPropertyMapInputFile(flags.property_map_input_file)\n          .setVariableMapOutputFile(flags.variable_map_output_file)\n          .setCreateNameMapFiles(flags.create_name_map_files)\n          .setPropertyMapOutputFile(flags.property_map_output_file)\n          .setCodingConvention(flags.third_party ?\n               new DefaultCodingConvention() :\n               new ClosureCodingConvention())\n          .setSummaryDetailLevel(flags.summary_detail_level)\n          .setOutputWrapper(flags.output_wrapper)\n          .setModuleWrapper(flags.module_wrapper)\n          .setModuleOutputPathPrefix(flags.module_output_path_prefix)\n          .setCreateSourceMap(flags.create_source_map)\n          .setJscompError(flags.jscomp_error)\n          .setJscompWarning(flags.jscomp_warning)\n          .setJscompOff(flags.jscomp_off)\n          .setDefine(flags.define)\n          .setCharset(flags.charset)\n          .setManageClosureDependencies(flags.manage_closure_dependencies)\n          .setClosureEntryPoints(flags.closure_entry_point)\n          .setOutputManifest(flags.output_manifest)",
      "right" : "getCommandLineConfig()\n          .setPrintTree(flags.print_tree)\n          .setComputePhaseOrdering(flags.compute_phase_ordering)\n          .setPrintAst(flags.print_ast)\n          .setPrintPassGraph(flags.print_pass_graph)\n          .setJscompDevMode(flags.jscomp_dev_mode)\n          .setLoggingLevel(flags.logging_level)\n          .setExterns(flags.externs)\n          .setJs(flags.js)\n          .setJsOutputFile(flags.js_output_file)\n          .setModule(flags.module)\n          .setVariableMapInputFile(flags.variable_map_input_file)\n          .setPropertyMapInputFile(flags.property_map_input_file)\n          .setVariableMapOutputFile(flags.variable_map_output_file)\n          .setCreateNameMapFiles(flags.create_name_map_files)\n          .setPropertyMapOutputFile(flags.property_map_output_file)\n          .setCodingConvention(flags.third_party ?\n               new DefaultCodingConvention() :\n               new ClosureCodingConvention())\n          .setSummaryDetailLevel(flags.summary_detail_level)\n          .setOutputWrapper(flags.output_wrapper)\n          .setModuleWrapper(flags.module_wrapper)\n          .setModuleOutputPathPrefix(flags.module_output_path_prefix)\n          .setCreateSourceMap(flags.create_source_map)\n          .setWarningGuardSpec(Flags.warningGuardSpec)\n          .setDefine(flags.define)\n          .setCharset(flags.charset)\n          .setManageClosureDependencies(flags.manage_closure_dependencies)\n          .setClosureEntryPoints(flags.closure_entry_point)\n          .setOutputManifest(flags.output_manifest)\n          .setAcceptConstKeyword(flags.accept_const_keyword)\n          .setLanguageIn(flags.language_in)",
      "info" : "MethodInvocation[19896-21522]:MethodInvocation[21898-23546]"
    }, {
      "left" : "getCommandLineConfig()\n          .setPrintTree(flags.print_tree)\n          .setComputePhaseOrdering(flags.compute_phase_ordering)\n          .setPrintAst(flags.print_ast)\n          .setPrintPassGraph(flags.print_pass_graph)\n          .setJscompDevMode(flags.jscomp_dev_mode)\n          .setLoggingLevel(flags.logging_level)\n          .setExterns(flags.externs)\n          .setJs(flags.js)\n          .setJsOutputFile(flags.js_output_file)\n          .setModule(flags.module)\n          .setVariableMapInputFile(flags.variable_map_input_file)\n          .setPropertyMapInputFile(flags.property_map_input_file)\n          .setVariableMapOutputFile(flags.variable_map_output_file)\n          .setCreateNameMapFiles(flags.create_name_map_files)\n          .setPropertyMapOutputFile(flags.property_map_output_file)\n          .setCodingConvention(flags.third_party ?\n               new DefaultCodingConvention() :\n               new ClosureCodingConvention())\n          .setSummaryDetailLevel(flags.summary_detail_level)\n          .setOutputWrapper(flags.output_wrapper)\n          .setModuleWrapper(flags.module_wrapper)\n          .setModuleOutputPathPrefix(flags.module_output_path_prefix)\n          .setCreateSourceMap(flags.create_source_map)\n          .setJscompError(flags.jscomp_error)\n          .setJscompWarning(flags.jscomp_warning)\n          .setJscompOff(flags.jscomp_off)\n          .setDefine(flags.define)\n          .setCharset(flags.charset)\n          .setManageClosureDependencies(flags.manage_closure_dependencies)\n          .setClosureEntryPoints(flags.closure_entry_point)\n          .setOutputManifest(flags.output_manifest)\n          .setAcceptConstKeyword(flags.accept_const_keyword)\n          .setLanguageIn(flags.language_in);",
      "right" : "getCommandLineConfig()\n          .setPrintTree(flags.print_tree)\n          .setComputePhaseOrdering(flags.compute_phase_ordering)\n          .setPrintAst(flags.print_ast)\n          .setPrintPassGraph(flags.print_pass_graph)\n          .setJscompDevMode(flags.jscomp_dev_mode)\n          .setLoggingLevel(flags.logging_level)\n          .setExterns(flags.externs)\n          .setJs(flags.js)\n          .setJsOutputFile(flags.js_output_file)\n          .setModule(flags.module)\n          .setVariableMapInputFile(flags.variable_map_input_file)\n          .setPropertyMapInputFile(flags.property_map_input_file)\n          .setVariableMapOutputFile(flags.variable_map_output_file)\n          .setCreateNameMapFiles(flags.create_name_map_files)\n          .setPropertyMapOutputFile(flags.property_map_output_file)\n          .setCodingConvention(flags.third_party ?\n               new DefaultCodingConvention() :\n               new ClosureCodingConvention())\n          .setSummaryDetailLevel(flags.summary_detail_level)\n          .setOutputWrapper(flags.output_wrapper)\n          .setModuleWrapper(flags.module_wrapper)\n          .setModuleOutputPathPrefix(flags.module_output_path_prefix)\n          .setCreateSourceMap(flags.create_source_map)\n          .setWarningGuardSpec(Flags.warningGuardSpec)\n          .setDefine(flags.define)\n          .setCharset(flags.charset)\n          .setManageClosureDependencies(flags.manage_closure_dependencies)\n          .setClosureEntryPoints(flags.closure_entry_point)\n          .setOutputManifest(flags.output_manifest)\n          .setAcceptConstKeyword(flags.accept_const_keyword)\n          .setLanguageIn(flags.language_in);",
      "info" : "ExpressionStatement[19896-21628]:ExpressionStatement[21898-23547]"
    }, {
      "left" : "setJscompError",
      "right" : "setWarningGuardSpec",
      "info" : "SimpleName[21137-21151]:SimpleName[23139-23158]"
    }, {
      "left" : "flags.jscomp_error",
      "right" : "Flags.warningGuardSpec",
      "info" : "QualifiedName[21152-21170]:QualifiedName[23159-23181]"
    }, {
      "left" : "setJscompWarning",
      "right" : "setDefine",
      "info" : "SimpleName[21183-21199]:SimpleName[23194-23203]"
    }, {
      "left" : "setJscompOff",
      "right" : "setCharset",
      "info" : "SimpleName[21233-21245]:SimpleName[23229-23239]"
    }, {
      "left" : "setDefine",
      "right" : "setManageClosureDependencies",
      "info" : "SimpleName[21275-21284]:SimpleName[23266-23294]"
    }, {
      "left" : "flags.define",
      "right" : "flags.define",
      "info" : "METHOD_INVOCATION_ARGUMENTS[21285-21297]:METHOD_INVOCATION_ARGUMENTS[23204-23216]"
    }, {
      "left" : "setCharset",
      "right" : "setClosureEntryPoints",
      "info" : "SimpleName[21310-21320]:SimpleName[23341-23362]"
    }, {
      "left" : "flags.charset",
      "right" : "flags.charset",
      "info" : "METHOD_INVOCATION_ARGUMENTS[21321-21334]:METHOD_INVOCATION_ARGUMENTS[23240-23253]"
    }, {
      "left" : "setManageClosureDependencies",
      "right" : "setOutputManifest",
      "info" : "SimpleName[21347-21375]:SimpleName[23401-23418]"
    }, {
      "left" : "flags.manage_closure_dependencies",
      "right" : "flags.manage_closure_dependencies",
      "info" : "METHOD_INVOCATION_ARGUMENTS[21376-21409]:METHOD_INVOCATION_ARGUMENTS[23295-23328]"
    }, {
      "left" : "setClosureEntryPoints",
      "right" : "setAcceptConstKeyword",
      "info" : "SimpleName[21422-21443]:SimpleName[23453-23474]"
    }, {
      "left" : "flags.closure_entry_point",
      "right" : "flags.closure_entry_point",
      "info" : "METHOD_INVOCATION_ARGUMENTS[21444-21469]:METHOD_INVOCATION_ARGUMENTS[23363-23388]"
    }, {
      "left" : "setOutputManifest",
      "right" : "setLanguageIn",
      "info" : "SimpleName[21482-21499]:SimpleName[23514-23527]"
    }, {
      "left" : "flags.output_manifest",
      "right" : "flags.output_manifest",
      "info" : "METHOD_INVOCATION_ARGUMENTS[21500-21521]:METHOD_INVOCATION_ARGUMENTS[23419-23440]"
    }, {
      "left" : "flags.accept_const_keyword",
      "right" : "flags.accept_const_keyword",
      "info" : "METHOD_INVOCATION_ARGUMENTS[21556-21582]:METHOD_INVOCATION_ARGUMENTS[23475-23501]"
    }, {
      "left" : "flags.language_in",
      "right" : "flags.language_in",
      "info" : "METHOD_INVOCATION_ARGUMENTS[21609-21626]:METHOD_INVOCATION_ARGUMENTS[23528-23545]"
    }, {
      "left" : "@Override",
      "right" : "@Override",
      "info" : "MarkerAnnotation[21642-21651]:MarkerAnnotation[23561-23570]"
    }, {
      "left" : "protected",
      "right" : "protected",
      "info" : "Modifier[21654-21663]:Modifier[23573-23582]"
    }, {
      "left" : "CompilerOptions",
      "right" : "CompilerOptions",
      "info" : "SimpleType[21664-21679]:SimpleType[23583-23598]"
    }, {
      "left" : "createOptions",
      "right" : "createOptions",
      "info" : "SimpleName[21680-21693]:SimpleName[23599-23612]"
    }, {
      "left" : "{}",
      "right" : "{}",
      "info" : "Block[21696-22401]:Block[23615-24320]"
    }, {
      "left" : "CompilerOptions options = new CompilerOptions();",
      "right" : "CompilerOptions options = new CompilerOptions();",
      "info" : "VariableDeclarationStatement[21702-21750]:VariableDeclarationStatement[23621-23669]"
    }, {
      "left" : "options.setCodingConvention(new ClosureCodingConvention());",
      "right" : "options.setCodingConvention(new ClosureCodingConvention());",
      "info" : "ExpressionStatement[21755-21814]:ExpressionStatement[23674-23733]"
    }, {
      "left" : "CompilationLevel level = flags.compilation_level;",
      "right" : "CompilationLevel level = flags.compilation_level;",
      "info" : "VariableDeclarationStatement[21819-21868]:VariableDeclarationStatement[23738-23787]"
    }, {
      "left" : "level.setOptionsForCompilationLevel(options);",
      "right" : "level.setOptionsForCompilationLevel(options);",
      "info" : "ExpressionStatement[21873-21918]:ExpressionStatement[23792-23837]"
    }, {
      "left" : "if (flags.debug)",
      "right" : "if (flags.debug)",
      "info" : "IfStatement[21923-22004]:IfStatement[23842-23923]"
    }, {
      "left" : "{}",
      "right" : "{}",
      "info" : "Block[21940-22004]:Block[23859-23923]"
    }, {
      "left" : "level.setDebugOptionsForCompilationLevel(options);",
      "right" : "level.setDebugOptionsForCompilationLevel(options);",
      "info" : "ExpressionStatement[21948-21998]:ExpressionStatement[23867-23917]"
    }, {
      "left" : "if(flags.generate_exports)",
      "right" : "if(flags.generate_exports)",
      "info" : "IfStatement[22010-22102]:IfStatement[23929-24021]"
    }, {
      "left" : "{}",
      "right" : "{}",
      "info" : "Block[22037-22102]:Block[23956-24021]"
    }, {
      "left" : "options.setGenerateExports(flags.generate_exports);",
      "right" : "options.setGenerateExports(flags.generate_exports);",
      "info" : "ExpressionStatement[22045-22096]:ExpressionStatement[23964-24015]"
    }, {
      "left" : "WarningLevel wLevel = flags.warning_level;",
      "right" : "WarningLevel wLevel = flags.warning_level;",
      "info" : "VariableDeclarationStatement[22108-22150]:VariableDeclarationStatement[24027-24069]"
    }, {
      "left" : "wLevel.setOptionsForWarningLevel(options);",
      "right" : "wLevel.setOptionsForWarningLevel(options);",
      "info" : "ExpressionStatement[22155-22197]:ExpressionStatement[24074-24116]"
    }, {
      "left" : "for (FormattingOption formattingOption : flags.formatting)",
      "right" : "for (FormattingOption formattingOption : flags.formatting)",
      "info" : "EnhancedForStatement[22202-22316]:EnhancedForStatement[24121-24235]"
    }, {
      "left" : "{}",
      "right" : "{}",
      "info" : "Block[22261-22316]:Block[24180-24235]"
    }, {
      "left" : "formattingOption.applyToOptions(options);",
      "right" : "formattingOption.applyToOptions(options);",
      "info" : "ExpressionStatement[22269-22310]:ExpressionStatement[24188-24229]"
    }, {
      "left" : "options.closurePass = flags.process_closure_primitives;",
      "right" : "options.closurePass = flags.process_closure_primitives;",
      "info" : "ExpressionStatement[22322-22377]:ExpressionStatement[24241-24296]"
    }, {
      "left" : "return options;",
      "right" : "return options;",
      "info" : "ReturnStatement[22382-22397]:ReturnStatement[24301-24316]"
    }, {
      "left" : "@Override",
      "right" : "@Override",
      "info" : "MarkerAnnotation[22405-22414]:MarkerAnnotation[24324-24333]"
    }, {
      "left" : "protected",
      "right" : "protected",
      "info" : "Modifier[22417-22426]:Modifier[24336-24345]"
    }, {
      "left" : "Compiler",
      "right" : "Compiler",
      "info" : "SimpleType[22427-22435]:SimpleType[24346-24354]"
    }, {
      "left" : "createCompiler",
      "right" : "createCompiler",
      "info" : "SimpleName[22436-22450]:SimpleName[24355-24369]"
    }, {
      "left" : "{}",
      "right" : "{}",
      "info" : "Block[22453-22506]:Block[24372-24425]"
    }, {
      "left" : "return new Compiler(getErrorPrintStream());",
      "right" : "return new Compiler(getErrorPrintStream());",
      "info" : "ReturnStatement[22459-22502]:ReturnStatement[24378-24421]"
    }, {
      "left" : "@Override",
      "right" : "@Override",
      "info" : "MarkerAnnotation[22510-22519]:MarkerAnnotation[24429-24438]"
    }, {
      "left" : "protected",
      "right" : "protected",
      "info" : "Modifier[22522-22531]:Modifier[24441-24450]"
    }, {
      "left" : "List<JSSourceFile>",
      "right" : "List<JSSourceFile>",
      "info" : "ParameterizedType[22532-22550]:ParameterizedType[24451-24469]"
    }, {
      "left" : "createExterns",
      "right" : "createExterns",
      "info" : "SimpleName[22551-22564]:SimpleName[24470-24483]"
    }, {
      "left" : "FlagUsageException",
      "right" : "FlagUsageException",
      "info" : "SimpleType[22574-22592]:SimpleType[24493-24511]"
    }, {
      "left" : "IOException",
      "right" : "IOException",
      "info" : "SimpleType[22600-22611]:SimpleType[24519-24530]"
    }, {
      "left" : "{}",
      "right" : "{}",
      "info" : "Block[22612-22903]:Block[24531-24822]"
    }, {
      "left" : "List<JSSourceFile> externs = super.createExterns();",
      "right" : "List<JSSourceFile> externs = super.createExterns();",
      "info" : "VariableDeclarationStatement[22618-22669]:VariableDeclarationStatement[24537-24588]"
    }, {
      "left" : "if (flags.use_only_custom_externs || isInTestMode())",
      "right" : "if (flags.use_only_custom_externs || isInTestMode())",
      "info" : "IfStatement[22674-22899]:IfStatement[24593-24818]"
    }, {
      "left" : "{}",
      "right" : "{}",
      "info" : "Block[22727-22756]:Block[24646-24675]"
    }, {
      "left" : "return externs;",
      "right" : "return externs;",
      "info" : "ReturnStatement[22735-22750]:ReturnStatement[24654-24669]"
    }, {
      "left" : "{}",
      "right" : "{}",
      "info" : "Block[22762-22899]:Block[24681-24818]"
    }, {
      "left" : "List<JSSourceFile> defaultExterns = getDefaultExterns();",
      "right" : "List<JSSourceFile> defaultExterns = getDefaultExterns();",
      "info" : "VariableDeclarationStatement[22770-22826]:VariableDeclarationStatement[24689-24745]"
    }, {
      "left" : "defaultExterns.addAll(externs);",
      "right" : "defaultExterns.addAll(externs);",
      "info" : "ExpressionStatement[22833-22864]:ExpressionStatement[24752-24783]"
    }, {
      "left" : "return defaultExterns;",
      "right" : "return defaultExterns;",
      "info" : "ReturnStatement[22871-22893]:ReturnStatement[24790-24812]"
    }, {
      "left" : "public",
      "right" : "public",
      "info" : "Modifier[23972-23978]:Modifier[25891-25897]"
    }, {
      "left" : "static",
      "right" : "static",
      "info" : "Modifier[23979-23985]:Modifier[25898-25904]"
    }, {
      "left" : "List<JSSourceFile>",
      "right" : "List<JSSourceFile>",
      "info" : "ParameterizedType[23986-24004]:ParameterizedType[25905-25923]"
    }, {
      "left" : "getDefaultExterns",
      "right" : "getDefaultExterns",
      "info" : "SimpleName[24005-24022]:SimpleName[25924-25941]"
    }, {
      "left" : "IOException",
      "right" : "IOException",
      "info" : "SimpleType[24032-24043]:SimpleType[25951-25962]"
    }, {
      "left" : "{}",
      "right" : "{}",
      "info" : "Block[24044-25136]:Block[25963-27055]"
    }, {
      "left" : "InputStream input = CommandLineRunner.class.getResourceAsStream(\n        \"/externs.zip\");",
      "right" : "InputStream input = CommandLineRunner.class.getResourceAsStream(\n        \"/externs.zip\");",
      "info" : "VariableDeclarationStatement[24050-24139]:VariableDeclarationStatement[25969-26058]"
    }, {
      "left" : "ZipInputStream zip = new ZipInputStream(input);",
      "right" : "ZipInputStream zip = new ZipInputStream(input);",
      "info" : "VariableDeclarationStatement[24144-24191]:VariableDeclarationStatement[26063-26110]"
    }, {
      "left" : "Map<String, JSSourceFile> externsMap = Maps.newHashMap();",
      "right" : "Map<String, JSSourceFile> externsMap = Maps.newHashMap();",
      "info" : "VariableDeclarationStatement[24196-24253]:VariableDeclarationStatement[26115-26172]"
    }, {
      "left" : "for (ZipEntry entry = null; (entry = zip.getNextEntry()) != null)",
      "right" : "for (ZipEntry entry = null; (entry = zip.getNextEntry()) != null)",
      "info" : "ForStatement[24258-24686]:ForStatement[26177-26605]"
    }, {
      "left" : "{}",
      "right" : "{}",
      "info" : "Block[24326-24686]:Block[26245-26605]"
    }, {
      "left" : "LimitInputStream entryStream = new LimitInputStream(zip, entry.getSize());",
      "right" : "LimitInputStream entryStream = new LimitInputStream(zip, entry.getSize());",
      "info" : "VariableDeclarationStatement[24334-24408]:VariableDeclarationStatement[26253-26327]"
    }, {
      "left" : "externsMap.put(entry.getName(),\n          JSSourceFile.fromInputStream(\n              // Give the files an odd prefix, so that they do not conflict\n              // with the user's files.\n              \"externs.zip//\" + entry.getName(),\n              entryStream));",
      "right" : "externsMap.put(entry.getName(),\n          JSSourceFile.fromInputStream(\n              // Give the files an odd prefix, so that they do not conflict\n              // with the user's files.\n              \"externs.zip//\" + entry.getName(),\n              entryStream));",
      "info" : "ExpressionStatement[24415-24680]:ExpressionStatement[26334-26599]"
    }, {
      "left" : "Preconditions.checkState(\n        externsMap.keySet().equals(Sets.newHashSet(DEFAULT_EXTERNS_NAMES)),\n        \"Externs zip must match our hard-coded list of externs.\");",
      "right" : "Preconditions.checkState(\n        externsMap.keySet().equals(Sets.newHashSet(DEFAULT_EXTERNS_NAMES)),\n        \"Externs zip must match our hard-coded list of externs.\");",
      "info" : "ExpressionStatement[24692-24860]:ExpressionStatement[26611-26779]"
    }, {
      "left" : "List<JSSourceFile> externs = Lists.newArrayList();",
      "right" : "List<JSSourceFile> externs = Lists.newArrayList();",
      "info" : "VariableDeclarationStatement[24968-25018]:VariableDeclarationStatement[26887-26937]"
    }, {
      "left" : "for (String key : DEFAULT_EXTERNS_NAMES)",
      "right" : "for (String key : DEFAULT_EXTERNS_NAMES)",
      "info" : "EnhancedForStatement[25023-25111]:EnhancedForStatement[26942-27030]"
    }, {
      "left" : "{}",
      "right" : "{}",
      "info" : "Block[25064-25111]:Block[26983-27030]"
    }, {
      "left" : "externs.add(externsMap.get(key));",
      "right" : "externs.add(externsMap.get(key));",
      "info" : "ExpressionStatement[25072-25105]:ExpressionStatement[26991-27024]"
    }, {
      "left" : "return externs;",
      "right" : "return externs;",
      "info" : "ReturnStatement[25117-25132]:ReturnStatement[27036-27051]"
    }, {
      "left" : "public",
      "right" : "public",
      "info" : "Modifier[25201-25207]:Modifier[27120-27126]"
    }, {
      "left" : "boolean",
      "right" : "boolean",
      "info" : "PrimitiveType[25208-25215]:PrimitiveType[27127-27134]"
    }, {
      "left" : "shouldRunCompiler",
      "right" : "shouldRunCompiler",
      "info" : "SimpleName[25216-25233]:SimpleName[27135-27152]"
    }, {
      "left" : "{}",
      "right" : "{}",
      "info" : "Block[25236-25272]:Block[27155-27191]"
    }, {
      "left" : "return this.isConfigValid;",
      "right" : "return this.isConfigValid;",
      "info" : "ReturnStatement[25242-25268]:ReturnStatement[27161-27187]"
    }, {
      "left" : "public",
      "right" : "public",
      "info" : "Modifier[25352-25358]:Modifier[27271-27277]"
    }, {
      "left" : "static",
      "right" : "static",
      "info" : "Modifier[25359-25365]:Modifier[27278-27284]"
    }, {
      "left" : "void",
      "right" : "void",
      "info" : "PrimitiveType[25366-25370]:PrimitiveType[27285-27289]"
    }, {
      "left" : "main",
      "right" : "main",
      "info" : "SimpleName[25371-25375]:SimpleName[27290-27294]"
    }, {
      "left" : "String[] args",
      "right" : "String[] args",
      "info" : "SingleVariableDeclaration[25376-25389]:SingleVariableDeclaration[27295-27308]"
    }, {
      "left" : "{}",
      "right" : "{}",
      "info" : "Block[25391-25556]:Block[27310-27475]"
    }, {
      "left" : "CommandLineRunner runner = new CommandLineRunner(args);",
      "right" : "CommandLineRunner runner = new CommandLineRunner(args);",
      "info" : "VariableDeclarationStatement[25397-25452]:VariableDeclarationStatement[27316-27371]"
    }, {
      "left" : "if (runner.shouldRunCompiler())",
      "right" : "if (runner.shouldRunCompiler())",
      "info" : "IfStatement[25457-25552]:IfStatement[27376-27471]"
    }, {
      "left" : "{}",
      "right" : "{}",
      "info" : "Block[25489-25516]:Block[27408-27435]"
    }, {
      "left" : "runner.run();",
      "right" : "runner.run();",
      "info" : "ExpressionStatement[25497-25510]:ExpressionStatement[27416-27429]"
    }, {
      "left" : "{}",
      "right" : "{}",
      "info" : "Block[25522-25552]:Block[27441-27471]"
    }, {
      "left" : "System.exit(-1);",
      "right" : "System.exit(-1);",
      "info" : "ExpressionStatement[25530-25546]:ExpressionStatement[27449-27465]"
    } ]
  },
  "interFileMappings" : { }
}