url,addedInModifiedFiles,deletedFromModifiedFiles,sizeOfModifiedFilesNew,sizeOfModifiedFilesOld,addedFilesSize,removedFilesSize,addedInModifiedFiles + addedFilesSize,deletedFromModifiedFiles + removedFilesSize,addedInModifiedFiles   sizeOfModifiedFilesNew,deletedInModifiedFiles   sizeOfModifiedFilesOld,(addedInModifiedFiles + addedFilesSize)    ( sizeOfModifiedFilesNew + addedFilesSize),(deletedInModifiedFiles + removedFilesSize)   (sizeOfModifiedFilesOld + removedFilesSize)
Chart1,1,1,1994,1994,0,0,1,1,0.0005015045135,0.0005015045135,0.0005015045135,0.0005015045135
Chart10,1,1,69,69,0,0,1,1,0.01449275362,0.01449275362,0.01449275362,0.01449275362
Chart11,1,1,597,597,0,0,1,1,0.001675041876,0.001675041876,0.001675041876,0.001675041876
Chart12,1,1,619,619,0,0,1,1,0.001615508885,0.001615508885,0.001615508885,0.001615508885
Chart13,1,1,534,534,0,0,1,1,0.001872659176,0.001872659176,0.001872659176,0.001872659176
Chart14,12,0,9192,9180,0,0,12,0,0.001305483029,0,0.001305483029,0
Chart15,5,0,3040,3035,0,0,5,0,0.001644736842,0,0.001644736842,0
Chart16,3,3,802,802,0,0,3,3,0.003740648379,0.003740648379,0.003740648379,0.003740648379
Chart17,2,1,1037,1036,0,0,2,1,0.001928640309,0.0009652509653,0.001928640309,0.0009652509653
Chart18,11,3,1039,1031,0,0,11,3,0.01058710298,0.002909796314,0.01058710298,0.002909796314
Chart19,6,0,3813,3807,0,0,6,0,0.001573564123,0,0.001573564123,0
Chart2,14,0,2180,2166,0,0,14,0,0.006422018349,0,0.006422018349,0
Chart20,1,1,156,156,0,0,1,1,0.00641025641,0.00641025641,0.00641025641,0.00641025641
Chart21,39,0,816,777,0,0,39,0,0.04779411765,0,0.04779411765,0
Chart22,32,3,495,466,0,0,32,3,0.06464646465,0.00643776824,0.06464646465,0.00643776824
Chart23,19,0,567,548,0,0,19,0,0.03350970018,0,0.03350970018,0
Chart24,1,1,173,173,0,0,1,1,0.005780346821,0.005780346821,0.005780346821,0.005780346821
Chart25,14,2,567,555,0,0,14,2,0.02469135802,0.003603603604,0.02469135802,0.003603603604
Chart26,2,0,1374,1372,0,0,2,0,0.001455604076,0,0.001455604076,0
Chart3,2,0,1302,1300,0,0,2,0,0.00153609831,0,0.00153609831,0
Chart4,2,0,5866,5864,0,0,2,0,0.000340947835,0,0.000340947835,0
Chart5,5,1,737,733,0,0,5,1,0.006784260516,0.00136425648,0.006784260516,0.00136425648
Chart6,8,1,178,171,0,0,8,1,0.04494382022,0.005847953216,0.04494382022,0.005847953216
Chart7,2,2,573,573,0,0,2,2,0.003490401396,0.003490401396,0.003490401396,0.003490401396
Chart8,1,1,647,647,0,0,1,1,0.001545595054,0.001545595054,0.001545595054,0.001545595054
Chart9,1,1,1039,1039,0,0,1,1,0.0009624639076,0.0009624639076,0.0009624639076,0.0009624639076
Cli1,30,30,317,317,0,0,30,30,0.09463722397,0.09463722397,0.09463722397,0.09463722397
Cli10,2,1,432,431,0,0,2,1,0.00462962963,0.002320185615,0.00462962963,0.002320185615
Cli11,1,1,991,991,0,0,1,1,0.001009081736,0.001009081736,0.001009081736,0.001009081736
Cli12,6,1,116,111,0,0,6,1,0.05172413793,0.009009009009,0.05172413793,0.009009009009
Cli13,10,1,699,690,0,0,10,1,0.01430615165,0.001449275362,0.01430615165,0.001449275362
Cli14,3,3,514,514,0,0,3,3,0.005836575875,0.005836575875,0.005836575875,0.005836575875
Cli15,14,5,274,265,0,0,14,5,0.05109489051,0.01886792453,0.05109489051,0.01886792453
Cli16,15,0,1184,1169,0,0,15,0,0.01266891892,0,0.01266891892,0
Cli17,1,0,312,311,0,0,1,0,0.003205128205,0,0.003205128205,0
Cli18,2,5,297,300,0,0,2,5,0.006734006734,0.01666666667,0.006734006734,0.01666666667
Cli19,2,2,297,297,0,0,2,2,0.006734006734,0.006734006734,0.006734006734,0.006734006734
Cli2,2,1,310,309,0,0,2,1,0.006451612903,0.003236245955,0.006451612903,0.003236245955
Cli20,9,4,302,297,0,0,9,4,0.0298013245,0.01346801347,0.0298013245,0.01346801347
Cli21,34,0,982,948,0,0,34,0,0.03462321792,0,0.03462321792,0
Cli22,13,9,276,272,0,0,13,9,0.04710144928,0.03308823529,0.04710144928,0.03308823529
Cli23,6,5,975,974,0,0,6,5,0.006153846154,0.005133470226,0.006153846154,0.005133470226
Cli24,1,2,984,985,0,0,1,2,0.001016260163,0.002030456853,0.001016260163,0.002030456853
Cli25,1,1,984,984,0,0,1,1,0.001016260163,0.001016260163,0.001016260163,0.001016260163
Cli26,5,1,369,365,0,0,5,1,0.0135501355,0.002739726027,0.0135501355,0.002739726027
Cli27,2,2,175,175,0,0,2,2,0.01142857143,0.01142857143,0.01142857143,0.01142857143
Cli28,1,1,410,410,0,0,1,1,0.00243902439,0.00243902439,0.00243902439,0.00243902439
Cli29,2,6,73,77,0,0,2,6,0.02739726027,0.07792207792,0.02739726027,0.07792207792
Cli3,11,2,264,255,0,0,11,2,0.04166666667,0.007843137255,0.04166666667,0.007843137255
Cli30,16,4,1119,1107,0,0,16,4,0.01429848079,0.003613369467,0.01429848079,0.003613369467
Cli31,4,4,2100,2100,0,0,4,4,0.001904761905,0.001904761905,0.001904761905,0.001904761905
Cli32,1,5,1010,1014,0,0,1,5,0.0009900990099,0.004930966469,0.0009900990099,0.004930966469
Cli33,18,1,1042,1025,0,0,18,1,0.01727447217,0.0009756097561,0.01727447217,0.0009756097561
Cli34,2,2,1082,1082,0,0,2,2,0.001848428835,0.001848428835,0.001848428835,0.001848428835
Cli35,3,0,326,323,0,0,3,0,0.009202453988,0,0.009202453988,0
Cli36,3,4,505,506,0,0,3,4,0.005940594059,0.00790513834,0.005940594059,0.00790513834
Cli37,7,1,702,696,0,0,7,1,0.009971509972,0.001436781609,0.009971509972,0.001436781609
Cli38,5,1,707,703,0,0,5,1,0.007072135785,0.001422475107,0.007072135785,0.001422475107
Cli39,12,1,262,251,0,0,12,1,0.04580152672,0.003984063745,0.04580152672,0.003984063745
Cli4,3,1,417,415,0,0,3,1,0.007194244604,0.002409638554,0.007194244604,0.002409638554
Cli40,1,1,261,261,0,0,1,1,0.003831417625,0.003831417625,0.003831417625,0.003831417625
Cli5,3,0,70,67,0,0,3,0,0.04285714286,0,0.04285714286,0
Cli7,2,2,202,202,0,0,2,2,0.009900990099,0.009900990099,0.009900990099,0.009900990099
Cli8,1,1,957,957,0,0,1,1,0.001044932079,0.001044932079,0.001044932079,0.001044932079
Cli9,2,1,431,430,0,0,2,1,0.00464037123,0.002325581395,0.00464037123,0.002325581395
Closure1,3,0,998,995,0,0,3,0,0.003006012024,0,0.003006012024,0
Closure10,1,1,3229,3229,0,0,1,1,0.0003096934035,0.0003096934035,0.0003096934035,0.0003096934035
Closure100,8,1,183,176,0,0,8,1,0.04371584699,0.005681818182,0.04371584699,0.005681818182
Closure101,1,3,483,485,0,0,1,3,0.002070393375,0.00618556701,0.002070393375,0.00618556701
Closure102,1,1,529,529,0,0,1,1,0.001890359168,0.001890359168,0.001890359168,0.001890359168
Closure103,8,0,1987,1979,0,0,8,0,0.004026170106,0,0.004026170106,0
Closure104,1,1,498,498,0,0,1,1,0.002008032129,0.002008032129,0.002008032129,0.002008032129
Closure105,7,5,2025,2023,0,0,7,5,0.003456790123,0.002471576866,0.003456790123,0.002471576866
Closure106,4,2,1835,1833,0,0,4,2,0.002179836512,0.001091107474,0.002179836512,0.001091107474
Closure107,1,0,1000,999,0,0,1,0,0.001,0,0.001,0
Closure108,4,1,614,611,0,0,4,1,0.00651465798,0.001636661211,0.00651465798,0.001636661211
Closure109,5,1,2583,2579,0,0,5,1,0.001935733643,0.0003877471888,0.001935733643,0.0003877471888
Closure11,0,2,1921,1923,0,0,0,2,0,0.001040041602,0,0.001040041602
Closure110,25,4,3056,3035,0,0,25,4,0.008180628272,0.001317957166,0.008180628272,0.001317957166
Closure111,2,1,267,266,0,0,2,1,0.007490636704,0.003759398496,0.007490636704,0.003759398496
Closure112,8,2,1612,1606,0,0,8,2,0.004962779156,0.001245330012,0.004962779156,0.001245330012
Closure113,1,1,1233,1233,0,0,1,1,0.0008110300081,0.0008110300081,0.0008110300081,0.0008110300081
Closure114,1,1,1887,1887,0,0,1,1,0.0005299417064,0.0005299417064,0.0005299417064,0.0005299417064
Closure115,0,11,936,947,0,0,0,11,0,0.0116156283,0,0.0116156283
Closure116,12,0,950,938,0,0,12,0,0.01263157895,0,0.01263157895,0
Closure117,12,12,849,849,0,0,12,12,0.01413427562,0.01413427562,0.01413427562,0.01413427562
Closure118,3,0,1136,1133,0,0,3,0,0.00264084507,0,0.00264084507,0
Closure119,1,0,1360,1359,0,0,1,0,0.0007352941176,0,0.0007352941176,0
Closure12,6,0,302,296,0,0,6,0,0.01986754967,0,0.01986754967,0
Closure120,3,0,727,724,0,0,3,0,0.004126547455,0,0.004126547455,0
Closure121,3,1,735,733,0,0,3,1,0.004081632653,0.00136425648,0.004081632653,0.00136425648
Closure122,2,1,1526,1525,0,0,2,1,0.00131061599,0.0006557377049,0.00131061599,0.0006557377049
Closure123,1,1,1306,1306,0,0,1,1,0.0007656967841,0.0007656967841,0.0007656967841,0.0007656967841
Closure124,2,0,246,244,0,0,2,0,0.008130081301,0,0.008130081301,0
Closure125,1,1,2119,2119,0,0,1,1,0.0004719207173,0.0004719207173,0.0004719207173,0.0004719207173
Closure126,0,4,308,312,0,0,0,4,0,0.01282051282,0,0.01282051282
Closure127,10,1,259,250,0,0,10,1,0.03861003861,0.004,0.03861003861,0.004
Closure128,4,1,1290,1287,0,0,4,1,0.003100775194,0.000777000777,0.003100775194,0.000777000777
Closure129,3,0,220,217,0,0,3,0,0.01363636364,0,0.01363636364,0
Closure13,1,1,211,211,0,0,1,1,0.004739336493,0.004739336493,0.004739336493,0.004739336493
Closure130,1,1,969,969,0,0,1,1,0.001031991744,0.001031991744,0.001031991744,0.001031991744
Closure131,2,1,208,207,0,0,2,1,0.009615384615,0.004830917874,0.009615384615,0.004830917874
Closure132,3,1,1727,1725,0,0,3,1,0.001737116387,0.0005797101449,0.001737116387,0.0005797101449
Closure133,1,0,2453,2452,0,0,1,0,0.0004076640848,0,0.0004076640848,0
Closure134,17,10,1960,1953,0,0,17,10,0.008673469388,0.005120327701,0.008673469388,0.005120327701
Closure135,8,0,1224,1216,0,0,8,0,0.006535947712,0,0.006535947712,0
Closure136,9,21,745,757,0,0,9,21,0.01208053691,0.02774108322,0.01208053691,0.02774108322
Closure137,72,44,3069,3041,0,0,72,44,0.02346041056,0.0144689247,0.02346041056,0.0144689247
Closure138,10,4,1476,1470,0,0,10,4,0.006775067751,0.002721088435,0.006775067751,0.002721088435
Closure139,32,1,633,602,0,0,32,1,0.05055292259,0.001661129568,0.05055292259,0.001661129568
Closure14,1,1,1058,1058,0,0,1,1,0.0009451795841,0.0009451795841,0.0009451795841,0.0009451795841
Closure140,9,6,1698,1695,0,0,9,6,0.005300353357,0.003539823009,0.005300353357,0.003539823009
Closure141,25,3,2702,2680,0,0,25,3,0.009252405625,0.001119402985,0.009252405625,0.001119402985
Closure142,6,0,2491,2485,0,0,6,0,0.002408671216,0,0.002408671216,0
Closure143,4,2,1393,1391,0,0,4,2,0.002871500359,0.001437814522,0.002871500359,0.001437814522
Closure144,43,4,3074,3035,0,0,43,4,0.01398828887,0.001317957166,0.01398828887,0.001317957166
Closure145,13,0,1062,1049,0,0,13,0,0.01224105461,0,0.01224105461,0
Closure146,2,1,941,940,0,0,2,1,0.002125398512,0.001063829787,0.002125398512,0.001063829787
Closure147,7,1,594,588,0,0,7,1,0.01178451178,0.001700680272,0.01178451178,0.001700680272
Closure148,150,77,1811,1738,0,0,150,77,0.08282716731,0.04430379747,0.08282716731,0.04430379747
Closure149,17,8,4911,4902,0,0,17,8,0.003461616779,0.001631986944,0.003461616779,0.001631986944
Closure15,3,0,501,498,0,0,3,0,0.005988023952,0,0.005988023952,0
Closure150,1,15,1500,1514,0,0,1,15,0.0006666666667,0.009907529723,0.0006666666667,0.009907529723
Closure151,13,0,609,596,0,0,13,0,0.02134646962,0,0.02134646962,0
Closure152,4,1,937,934,0,0,4,1,0.004268943436,0.001070663812,0.004268943436,0.001070663812
Closure154,26,19,2587,2580,0,0,26,19,0.01005025126,0.007364341085,0.01005025126,0.007364341085
Closure155,70,4,1873,1807,0,0,70,4,0.03737319808,0.002213613724,0.03737319808,0.002213613724
Closure156,23,11,912,900,0,0,23,11,0.02521929825,0.01222222222,0.02521929825,0.01222222222
Closure157,63,15,3007,2959,0,0,63,15,0.02095111407,0.005069280162,0.02095111407,0.005069280162
Closure158,75,30,2581,2536,0,0,75,30,0.02905850446,0.011829653,0.02905850446,0.011829653
Closure159,3,4,1100,1101,0,0,3,4,0.002727272727,0.003633060854,0.002727272727,0.003633060854
Closure16,9,3,484,478,0,0,9,3,0.01859504132,0.006276150628,0.01859504132,0.006276150628
Closure160,4,4,2009,2009,0,0,4,4,0.001991040319,0.001991040319,0.001991040319,0.001991040319
Closure161,3,0,1389,1386,0,0,3,0,0.002159827214,0,0.002159827214,0
Closure164,17,0,291,274,0,0,17,0,0.05841924399,0,0.05841924399,0
Closure165,29,2,2785,2758,0,0,29,2,0.01041292639,0.0007251631617,0.01041292639,0.0007251631617
Closure166,6,0,596,590,0,0,6,0,0.01006711409,0,0.01006711409,0
Closure167,15,14,1850,1849,0,0,15,14,0.008108108108,0.007571660357,0.008108108108,0.007571660357
Closure168,1,1,2050,2050,0,0,1,1,0.000487804878,0.000487804878,0.000487804878,0.000487804878
Closure169,36,36,3877,3877,0,0,36,36,0.009285530049,0.009285530049,0.009285530049,0.009285530049
Closure17,5,1,2026,2022,0,0,5,1,0.002467917078,0.0004945598417,0.002467917078,0.0004945598417
Closure170,14,3,552,541,0,0,14,3,0.02536231884,0.005545286506,0.02536231884,0.005545286506
Closure171,4,6,3743,3745,0,0,4,6,0.001068661501,0.001602136182,0.001068661501,0.001602136182
Closure172,6,0,2170,2164,0,0,6,0,0.002764976959,0,0.002764976959,0
Closure173,29,6,1969,1946,0,0,29,6,0.01472828847,0.003083247688,0.01472828847,0.003083247688
Closure175,19,19,926,926,0,0,19,19,0.02051835853,0.02051835853,0.02051835853,0.02051835853
Closure18,1,1,2493,2493,0,0,1,1,0.0004011231448,0.0004011231448,0.0004011231448,0.0004011231448
Closure19,2,0,709,707,0,0,2,0,0.002820874471,0,0.002820874471,0
Closure2,4,0,2009,2005,0,0,4,0,0.001991040319,0,0.001991040319,0
Closure20,2,1,1722,1721,0,0,2,1,0.001161440186,0.0005810575247,0.001161440186,0.0005810575247
Closure21,2,19,196,213,0,0,2,19,0.01020408163,0.08920187793,0.01020408163,0.08920187793
Closure22,2,26,196,220,0,0,2,26,0.01020408163,0.1181818182,0.01020408163,0.1181818182
Closure23,7,1,1542,1536,0,0,7,1,0.004539559014,0.0006510416667,0.004539559014,0.0006510416667
Closure24,4,3,413,412,0,0,4,3,0.009685230024,0.007281553398,0.009685230024,0.007281553398
Closure25,2,4,1398,1400,0,0,2,4,0.001430615165,0.002857142857,0.001430615165,0.002857142857
Closure26,5,0,281,276,0,0,5,0,0.01779359431,0,0.01779359431,0
Closure27,6,3,585,582,0,0,6,3,0.01025641026,0.005154639175,0.01025641026,0.005154639175
Closure28,4,0,107,103,0,0,4,0,0.03738317757,0,0.03738317757,0
Closure29,10,0,466,456,0,0,10,0,0.02145922747,0,0.02145922747,0
Closure3,8,2,539,533,0,0,8,2,0.01484230056,0.003752345216,0.01484230056,0.003752345216
Closure30,10,2,938,930,0,0,10,2,0.01066098081,0.002150537634,0.01066098081,0.002150537634
Closure31,0,1,2432,2433,0,0,0,1,0,0.0004110152076,0,0.0004110152076
Closure32,15,3,2362,2350,0,0,15,3,0.006350550381,0.001276595745,0.006350550381,0.001276595745
Closure33,3,0,584,581,0,0,3,0,0.005136986301,0,0.005136986301,0
Closure34,3,5,1949,1951,0,0,3,5,0.001539250898,0.002562788314,0.001539250898,0.002562788314
Closure35,2,15,1400,1413,0,0,2,15,0.001428571429,0.01061571125,0.001428571429,0.01061571125
Closure36,3,0,727,724,0,0,3,0,0.004126547455,0,0.004126547455,0
Closure37,5,1,2009,2005,0,0,5,1,0.002488800398,0.0004987531172,0.002488800398,0.0004987531172
Closure38,1,1,300,300,0,0,1,1,0.003333333333,0.003333333333,0.003333333333,0.003333333333
Closure39,3,3,553,553,0,0,3,3,0.005424954792,0.005424954792,0.005424954792,0.005424954792
Closure4,2,2,400,400,0,0,2,2,0.005,0.005,0.005,0.005
Closure40,1,3,1802,1804,0,0,1,3,0.0005549389567,0.001662971175,0.0005549389567,0.001662971175
Closure41,9,0,849,840,0,0,9,0,0.01060070671,0,0.01060070671,0
Closure42,7,0,1318,1311,0,0,7,0,0.00531107739,0,0.00531107739,0
Closure43,17,0,1970,1953,0,0,17,0,0.008629441624,0,0.008629441624,0
Closure44,2,0,299,297,0,0,2,0,0.006688963211,0,0.006688963211,0
Closure45,6,2,978,974,0,0,6,2,0.006134969325,0.00205338809,0.006134969325,0.00205338809
Closure46,0,16,281,297,0,0,0,16,0,0.05387205387,0,0.05387205387
Closure47,8,3,933,928,0,0,8,3,0.00857449089,0.003232758621,0.00857449089,0.003232758621
Closure48,7,4,1921,1918,0,0,7,4,0.00364393545,0.002085505735,0.00364393545,0.002085505735
Closure49,14,8,594,588,0,0,14,8,0.02356902357,0.01360544218,0.02356902357,0.01360544218
Closure5,3,0,472,469,0,0,3,0,0.006355932203,0,0.006355932203,0
Closure50,6,1,650,645,0,0,6,1,0.009230769231,0.001550387597,0.009230769231,0.001550387597
Closure51,4,1,292,289,0,0,4,1,0.01369863014,0.003460207612,0.01369863014,0.003460207612
Closure52,1,1,1210,1210,0,0,1,1,0.000826446281,0.000826446281,0.000826446281,0.000826446281
Closure53,4,0,443,439,0,0,4,0,0.009029345372,0,0.009029345372,0
Closure54,12,3,2883,2874,0,0,12,3,0.004162330905,0.001043841336,0.004162330905,0.001043841336
Closure55,2,1,539,538,0,0,2,1,0.003710575139,0.001858736059,0.003710575139,0.001858736059
Closure56,4,0,487,483,0,0,4,0,0.008213552361,0,0.008213552361,0
Closure57,1,1,403,403,0,0,1,1,0.002481389578,0.002481389578,0.002481389578,0.002481389578
Closure58,4,0,301,297,0,0,4,0,0.01328903654,0,0.01328903654,0
Closure59,2,1,2057,2056,0,0,2,1,0.0009722897423,0.000486381323,0.0009722897423,0.000486381323
Closure6,0,8,832,840,0,0,0,8,0,0.009523809524,0,0.009523809524
Closure60,5,0,3027,3022,0,0,5,0,0.001651800463,0,0.001651800463,0
Closure61,6,0,3017,3011,0,0,6,0,0.001988730527,0,0.001988730527,0
Closure62,1,1,177,177,0,0,1,1,0.005649717514,0.005649717514,0.005649717514,0.005649717514
Closure64,4,4,2011,2011,0,0,4,4,0.001989060169,0.001989060169,0.001989060169,0.001989060169
Closure65,1,1,1210,1210,0,0,1,1,0.000826446281,0.000826446281,0.000826446281,0.000826446281
Closure66,2,0,1926,1924,0,0,2,0,0.001038421599,0,0.001038421599,0
Closure67,1,1,697,697,0,0,1,1,0.00143472023,0.00143472023,0.00143472023,0.00143472023
Closure68,3,1,2306,2304,0,0,3,1,0.001300954033,0.0004340277778,0.001300954033,0.0004340277778
Closure69,7,0,1923,1916,0,0,7,0,0.003640145606,0,0.003640145606,0
Closure7,5,1,718,714,0,0,5,1,0.006963788301,0.001400560224,0.006963788301,0.001400560224
Closure70,1,1,1811,1811,0,0,1,1,0.0005521811154,0.0005521811154,0.0005521811154,0.0005521811154
Closure71,1,1,642,642,0,0,1,1,0.001557632399,0.001557632399,0.001557632399,0.001557632399
Closure72,3,1,725,723,0,0,3,1,0.004137931034,0.001383125864,0.004137931034,0.001383125864
Closure73,1,1,1193,1193,0,0,1,1,0.0008382229673,0.0008382229673,0.0008382229673,0.0008382229673
Closure74,15,2,1718,1705,0,0,15,2,0.008731082654,0.001173020528,0.008731082654,0.001173020528
Closure75,4,1,2986,2983,0,0,4,1,0.001339584729,0.0003352329869,0.001339584729,0.0003352329869
Closure76,37,6,432,401,0,0,37,6,0.08564814815,0.01496259352,0.08564814815,0.01496259352
Closure77,1,0,1161,1160,0,0,1,0,0.0008613264427,0,0.0008613264427,0
Closure78,0,2,1628,1630,0,0,0,2,0,0.001226993865,0,0.001226993865
Closure79,2,1,1057,1056,0,0,2,1,0.001892147588,0.000946969697,0.001892147588,0.000946969697
Closure8,4,0,250,246,0,0,4,0,0.016,0,0.016,0
Closure80,2,0,2973,2971,0,0,2,0,0.0006727211571,0,0.0006727211571,0
Closure81,7,0,1289,1282,0,0,7,0,0.00543056633,0,0.00543056633,0
Closure82,3,1,1030,1028,0,0,3,1,0.002912621359,0.0009727626459,0.002912621359,0.0009727626459
Closure83,4,1,627,624,0,0,4,1,0.006379585327,0.001602564103,0.006379585327,0.001602564103
Closure84,27,0,1243,1216,0,0,27,0,0.02172164119,0,0.02172164119,0
Closure85,8,14,230,236,0,0,8,14,0.0347826087,0.0593220339,0.0347826087,0.0593220339
Closure86,1,1,2533,2533,0,0,1,1,0.000394788788,0.000394788788,0.000394788788,0.000394788788
Closure87,13,1,1097,1085,0,0,13,1,0.01185050137,0.0009216589862,0.01185050137,0.0009216589862
Closure88,6,0,354,348,0,0,6,0,0.01694915254,0,0.01694915254,0
Closure89,4,1,1936,1933,0,0,4,1,0.002066115702,0.0005173305742,0.002066115702,0.0005173305742
Closure9,2,1,287,286,0,0,2,1,0.006968641115,0.003496503497,0.006968641115,0.003496503497
Closure90,4,1,1675,1672,0,0,4,1,0.002388059701,0.0005980861244,0.002388059701,0.0005980861244
Closure91,9,0,203,194,0,0,9,0,0.04433497537,0,0.04433497537,0
Closure92,1,1,916,916,0,0,1,1,0.001091703057,0.001091703057,0.001091703057,0.001091703057
Closure94,19,0,2341,2322,0,0,19,0,0.008116189663,0,0.008116189663,0
Closure95,7,0,1532,1525,0,0,7,0,0.004569190601,0,0.004569190601,0
Closure96,4,1,1723,1720,0,0,4,1,0.002321532211,0.0005813953488,0.002321532211,0.0005813953488
Closure97,2,1,1196,1195,0,0,2,1,0.001672240803,0.0008368200837,0.001672240803,0.0008368200837
Closure98,19,0,606,587,0,0,19,0,0.03135313531,0,0.03135313531,0
Closure99,6,1,189,184,0,0,6,1,0.03174603175,0.005434782609,0.03174603175,0.005434782609
Codec1,3,3,711,711,0,0,3,3,0.004219409283,0.004219409283,0.004219409283,0.004219409283
Codec10,1,1,185,185,0,0,1,1,0.005405405405,0.005405405405,0.005405405405,0.005405405405
Codec12,29,0,187,158,0,0,29,0,0.1550802139,0,0.1550802139,0
Codec13,14,1,1395,1382,0,0,14,1,0.01003584229,0.0007235890014,0.01003584229,0.0007235890014
Codec14,18,6,1475,1463,0,0,18,6,0.01220338983,0.004101161996,0.01220338983,0.004101161996
Codec16,1,1,539,539,0,0,1,1,0.00185528757,0.00185528757,0.00185528757,0.00185528757
Codec17,1,1,422,422,0,0,1,1,0.002369668246,0.002369668246,0.002369668246,0.002369668246
Codec2,1,1,896,896,0,0,1,1,0.001116071429,0.001116071429,0.001116071429,0.001116071429
Codec3,1,1,1105,1105,0,0,1,1,0.0009049773756,0.0009049773756,0.0009049773756,0.0009049773756
Codec4,1,1,1055,1055,0,0,1,1,0.0009478672986,0.0009478672986,0.0009478672986,0.0009478672986
Codec5,3,0,1071,1068,0,0,3,0,0.002801120448,0,0.002801120448,0
Codec6,5,1,194,190,0,0,5,1,0.02577319588,0.005263157895,0.02577319588,0.005263157895
Codec7,1,1,1071,1071,0,0,1,1,0.0009337068161,0.0009337068161,0.0009337068161,0.0009337068161
Codec8,0,10,1214,1224,0,0,0,10,0,0.008169934641,0,0.008169934641
Codec9,1,1,1061,1061,0,0,1,1,0.0009425070688,0.0009425070688,0.0009425070688,0.0009425070688
Collections25,9,3,1505,1499,0,0,9,3,0.005980066445,0.002001334223,0.005980066445,0.002001334223
Collections26,1,1,281,281,0,0,1,1,0.003558718861,0.003558718861,0.003558718861,0.003558718861
Collections27,7,0,577,570,0,0,7,0,0.01213171577,0,0.01213171577,0
Collections28,10,0,2451,2441,0,0,10,0,0.00407996736,0,0.00407996736,0
Compress1,1,0,414,413,0,0,1,0,0.002415458937,0,0.002415458937,0
Compress10,6,2,969,965,0,0,6,2,0.006191950464,0.00207253886,0.006191950464,0.00207253886
Compress11,2,0,257,255,0,0,2,0,0.007782101167,0,0.007782101167,0
Compress12,7,1,562,556,0,0,7,1,0.01245551601,0.001798561151,0.01245551601,0.001798561151
Compress13,4,0,689,685,0,0,4,0,0.005805515239,0,0.005805515239,0
Compress14,1,8,387,394,0,0,1,8,0.002583979328,0.02030456853,0.002583979328,0.02030456853
Compress15,5,5,689,689,0,0,5,5,0.007256894049,0.007256894049,0.007256894049,0.007256894049
Compress16,2,1,260,259,0,0,2,1,0.007692307692,0.003861003861,0.007692307692,0.003861003861
Compress17,2,1,624,623,0,0,2,1,0.003205128205,0.001605136437,0.003205128205,0.001605136437
Compress18,3,0,584,581,0,0,3,0,0.005136986301,0,0.005136986301,0
Compress19,1,1,357,357,0,0,1,1,0.002801120448,0.002801120448,0.002801120448,0.002801120448
Compress2,32,7,207,182,0,0,32,7,0.154589372,0.03846153846,0.154589372,0.03846153846
Compress20,6,6,525,525,0,0,6,6,0.01142857143,0.01142857143,0.01142857143,0.01142857143
Compress21,2,3,681,682,0,0,2,3,0.002936857562,0.004398826979,0.002936857562,0.004398826979
Compress22,5,17,1035,1047,0,0,5,17,0.004830917874,0.01623686724,0.004830917874,0.01623686724
Compress23,1,1,278,278,0,0,1,1,0.003597122302,0.003597122302,0.003597122302,0.003597122302
Compress24,5,8,630,633,0,0,5,8,0.007936507937,0.01263823065,0.007936507937,0.01263823065
Compress25,1,0,1074,1073,0,0,1,0,0.0009310986965,0,0.0009310986965,0
Compress26,11,0,203,192,0,0,11,0,0.05418719212,0,0.05418719212,0
Compress27,0,4,626,630,0,0,0,4,0,0.006349206349,0,0.006349206349
Compress28,4,1,692,689,0,0,4,1,0.005780346821,0.00145137881,0.005780346821,0.00145137881
Compress29,20,0,4607,4587,0,0,20,0,0.004341219883,0,0.004341219883,0
Compress3,6,0,325,319,0,0,6,0,0.01846153846,0,0.01846153846,0
Compress30,3,0,1038,1035,0,0,3,0,0.00289017341,0,0.00289017341,0
Compress31,0,3,625,628,0,0,0,3,0,0.004777070064,0,0.004777070064
Compress32,2,2,724,724,0,0,2,2,0.002762430939,0.002762430939,0.002762430939,0.002762430939
Compress33,15,0,495,480,0,0,15,0,0.0303030303,0,0.0303030303,0
Compress34,2,1,346,345,0,0,2,1,0.005780346821,0.002898550725,0.005780346821,0.002898550725
Compress35,1,6,610,615,0,0,1,6,0.001639344262,0.009756097561,0.001639344262,0.009756097561
Compress36,3,0,1014,1011,0,0,3,0,0.002958579882,0,0.002958579882,0
Compress37,3,1,766,764,0,0,3,1,0.003916449086,0.001308900524,0.003916449086,0.001308900524
Compress38,1,1,1252,1252,0,0,1,1,0.0007987220447,0.0007987220447,0.0007987220447,0.0007987220447
Compress39,8,1,297,290,0,0,8,1,0.02693602694,0.003448275862,0.02693602694,0.003448275862
Compress4,1,3,1806,1808,0,0,1,3,0.000553709856,0.001659292035,0.000553709856,0.001659292035
Compress40,28,1,137,110,0,0,28,1,0.204379562,0.009090909091,0.204379562,0.009090909091
Compress41,2,1,1130,1129,0,0,2,1,0.001769911504,0.0008857395926,0.001769911504,0.0008857395926
Compress42,2,1,928,927,0,0,2,1,0.002155172414,0.001078748652,0.002155172414,0.001078748652
Compress43,5,5,1686,1686,0,0,5,5,0.002965599051,0.002965599051,0.002965599051,0.002965599051
Compress44,6,0,105,99,0,0,6,0,0.05714285714,0,0.05714285714,0
Compress45,2,1,617,616,0,0,2,1,0.003241491086,0.001623376623,0.003241491086,0.001623376623
Compress46,1,2,599,600,0,0,1,2,0.001669449082,0.003333333333,0.001669449082,0.003333333333
Compress47,14,1,1177,1164,0,0,14,1,0.01189464741,0.0008591065292,0.01189464741,0.0008591065292
Compress5,6,2,350,346,0,0,6,2,0.01714285714,0.005780346821,0.01714285714,0.005780346821
Compress6,6,3,474,471,0,0,6,3,0.01265822785,0.006369426752,0.01265822785,0.006369426752
Compress7,3,2,262,261,0,0,3,2,0.01145038168,0.007662835249,0.01145038168,0.007662835249
Compress9,9,1,367,359,0,0,9,1,0.02452316076,0.00278551532,0.02452316076,0.00278551532
Csv1,1,1,161,161,0,0,1,1,0.006211180124,0.006211180124,0.006211180124,0.006211180124
Csv10,3,0,443,440,0,0,3,0,0.006772009029,0,0.006772009029,0
Csv11,1,1,507,507,0,0,1,1,0.001972386588,0.001972386588,0.001972386588,0.001972386588
Csv12,1,1,1010,1010,0,0,1,1,0.0009900990099,0.0009900990099,0.0009900990099,0.0009900990099
Csv13,4,2,1812,1810,0,0,4,2,0.002207505519,0.001104972376,0.002207505519,0.001104972376
Csv14,1,1,1814,1814,0,0,1,1,0.0005512679162,0.0005512679162,0.0005512679162,0.0005512679162
Csv15,1,3,1977,1979,0,0,1,3,0.0005058168943,0.00151591713,0.0005058168943,0.00151591713
Csv16,6,2,629,625,0,0,6,2,0.009538950715,0.0032,0.009538950715,0.0032
Csv2,7,0,174,167,0,0,7,0,0.04022988506,0,0.04022988506,0
Csv3,3,0,184,181,0,0,3,0,0.01630434783,0,0.01630434783,0
Csv4,1,1,463,463,0,0,1,1,0.002159827214,0.002159827214,0.002159827214,0.002159827214
Csv5,2,0,430,428,0,0,2,0,0.004651162791,0,0.004651162791,0
Csv6,2,0,227,225,0,0,2,0,0.008810572687,0,0.008810572687,0
Csv7,4,0,493,489,0,0,4,0,0.008113590264,0,0.008113590264,0
Csv8,6,7,903,904,0,0,6,7,0.006644518272,0.007743362832,0.006644518272,0.007743362832
Csv9,3,0,230,227,0,0,3,0,0.01304347826,0,0.01304347826,0
Gson1,41,0,175,134,0,0,41,0,0.2342857143,0,0.2342857143,0
Gson10,2,2,251,251,0,0,2,2,0.00796812749,0.00796812749,0.00796812749,0.00796812749
Gson11,1,0,925,924,0,0,1,0,0.001081081081,0,0.001081081081,0
Gson12,4,0,320,316,0,0,4,0,0.0125,0,0.0125,0
Gson13,1,1,1622,1622,0,0,1,1,0.0006165228113,0.0006165228113,0.0006165228113,0.0006165228113
Gson14,8,0,599,591,0,0,8,0,0.01335559265,0,0.01335559265,0
Gson15,1,1,659,659,0,0,1,1,0.001517450683,0.001517450683,0.001517450683,0.001517450683
Gson16,5,0,606,601,0,0,5,0,0.008250825083,0,0.008250825083,0
Gson17,3,2,139,138,0,0,3,2,0.02158273381,0.01449275362,0.02158273381,0.01449275362
Gson18,3,0,610,607,0,0,3,0,0.004918032787,0,0.004918032787,0
Gson2,13,1,853,841,0,0,13,1,0.01524032825,0.001189060642,0.01524032825,0.001189060642
Gson3,17,1,236,220,0,0,17,1,0.07203389831,0.004545454545,0.07203389831,0.004545454545
Gson4,9,19,2261,2271,0,0,9,19,0.003980539584,0.008366358432,0.003980539584,0.008366358432
Gson5,1,0,352,351,0,0,1,0,0.002840909091,0,0.002840909091,0
Gson6,2,0,72,70,0,0,2,0,0.02777777778,0,0.02777777778,0
Gson7,10,2,1625,1617,0,0,10,2,0.006153846154,0.00123685838,0.006153846154,0.00123685838
Gson8,13,0,123,110,0,0,13,0,0.1056910569,0,0.1056910569,0
Gson9,16,4,1791,1779,0,0,16,4,0.008933556672,0.002248454188,0.008933556672,0.002248454188
JacksonCore1,13,2,1036,1025,0,0,13,2,0.01254826255,0.001951219512,0.01254826255,0.001951219512
JacksonCore10,4,2,1267,1265,0,0,4,2,0.003157063931,0.001581027668,0.003157063931,0.001581027668
JacksonCore11,1,0,1272,1271,0,0,1,0,0.000786163522,0,0.000786163522,0
JacksonCore12,15,6,6406,6397,0,0,15,6,0.002341554792,0.0009379396592,0.002341554792,0.0009379396592
JacksonCore13,8,0,205,197,0,0,8,0,0.03902439024,0,0.03902439024,0
JacksonCore14,3,3,286,286,0,0,3,3,0.01048951049,0.01048951049,0.01048951049,0.01048951049
JacksonCore15,9,0,896,887,0,0,9,0,0.01004464286,0,0.01004464286,0
JacksonCore17,44,3,2029,1988,0,0,44,3,0.02168555939,0.001509054326,0.02168555939,0.001509054326
JacksonCore18,12,8,4379,4375,0,0,12,8,0.002740351678,0.001828571429,0.002740351678,0.001828571429
JacksonCore19,8,0,6437,6429,0,0,8,0,0.001242814976,0,0.001242814976,0
JacksonCore2,49,3,5291,5245,0,0,49,3,0.009261009261,0.0005719733079,0.009261009261,0.0005719733079
JacksonCore20,10,1,1987,1978,0,0,10,1,0.005032712632,0.0005055611729,0.005032712632,0.0005055611729
JacksonCore21,2,0,911,909,0,0,2,0,0.002195389682,0,0.002195389682,0
JacksonCore22,16,3,918,905,0,0,16,3,0.0174291939,0.003314917127,0.0174291939,0.003314917127
JacksonCore23,4,0,423,419,0,0,4,0,0.009456264775,0,0.009456264775,0
JacksonCore25,1,1,2880,2880,0,0,1,1,0.0003472222222,0.0003472222222,0.0003472222222,0.0003472222222
JacksonCore26,1,0,2865,2864,0,0,1,0,0.0003490401396,0,0.0003490401396,0
JacksonCore3,2,0,3252,3250,0,0,2,0,0.0006150061501,0,0.0006150061501,0
JacksonCore4,4,1,717,714,0,0,4,1,0.005578800558,0.001400560224,0.005578800558,0.001400560224
JacksonCore5,1,1,269,269,0,0,1,1,0.003717472119,0.003717472119,0.003717472119,0.003717472119
JacksonCore6,9,2,277,270,0,0,9,2,0.03249097473,0.007407407407,0.03249097473,0.007407407407
JacksonCore7,3,0,225,222,0,0,3,0,0.01333333333,0,0.01333333333,0
JacksonCore8,1,1,733,733,0,0,1,1,0.00136425648,0.00136425648,0.00136425648,0.00136425648
JacksonCore9,18,0,6530,6512,0,0,18,0,0.002756508423,0,0.002756508423,0
JacksonDatabind1,1,0,714,713,0,0,1,0,0.001400560224,0,0.001400560224,0
JacksonDatabind10,19,3,835,819,0,0,19,3,0.02275449102,0.003663003663,0.02275449102,0.003663003663
JacksonDatabind100,3,9,413,419,0,0,3,9,0.007263922518,0.0214797136,0.007263922518,0.0214797136
JacksonDatabind101,5,1,1052,1048,0,0,5,1,0.004752851711,0.0009541984733,0.004752851711,0.0009541984733
JacksonDatabind102,0,3,229,232,0,0,0,3,0,0.01293103448,0,0.01293103448
JacksonDatabind103,32,24,14176,14168,0,0,32,24,0.002257336343,0.001693958216,0.002257336343,0.001693958216
JacksonDatabind104,20,0,803,783,0,0,20,0,0.02490660025,0,0.02490660025,0
JacksonDatabind105,5,1,55,51,0,0,5,1,0.09090909091,0.01960784314,0.09090909091,0.01960784314
JacksonDatabind106,6,0,421,415,0,0,6,0,0.01425178147,0,0.01425178147,0
JacksonDatabind107,1,1,302,302,0,0,1,1,0.003311258278,0.003311258278,0.003311258278,0.003311258278
JacksonDatabind108,31,1,2022,1992,0,0,31,1,0.01533135509,0.0005020080321,0.01533135509,0.0005020080321
JacksonDatabind109,51,0,411,360,0,0,51,0,0.1240875912,0,0.1240875912,0
JacksonDatabind11,2,2,1117,1117,0,0,2,2,0.001790510295,0.001790510295,0.001790510295,0.001790510295
JacksonDatabind110,3,1,189,187,0,0,3,1,0.01587301587,0.005347593583,0.01587301587,0.005347593583
JacksonDatabind111,13,7,1204,1198,0,0,13,7,0.01079734219,0.005843071786,0.01079734219,0.005843071786
JacksonDatabind112,4,1,290,287,0,0,4,1,0.01379310345,0.003484320557,0.01379310345,0.003484320557
JacksonDatabind12,3,1,672,670,0,0,3,1,0.004464285714,0.001492537313,0.004464285714,0.001492537313
JacksonDatabind13,6,0,449,443,0,0,6,0,0.01336302895,0,0.01336302895,0
JacksonDatabind14,14,1,1739,1726,0,0,14,1,0.008050603795,0.0005793742758,0.008050603795,0.0005793742758
JacksonDatabind15,35,8,2577,2550,0,0,35,8,0.01358168413,0.003137254902,0.01358168413,0.003137254902
JacksonDatabind16,1,1,114,114,0,0,1,1,0.008771929825,0.008771929825,0.008771929825,0.008771929825
JacksonDatabind17,1,1,3193,3193,0,0,1,1,0.0003131850924,0.0003131850924,0.0003131850924,0.0003131850924
JacksonDatabind19,3,0,1194,1191,0,0,3,0,0.002512562814,0,0.002512562814,0
JacksonDatabind2,20,0,1778,1758,0,0,20,0,0.01124859393,0,0.01124859393,0
JacksonDatabind20,2,0,808,806,0,0,2,0,0.002475247525,0,0.002475247525,0
JacksonDatabind21,17,0,1008,991,0,0,17,0,0.01686507937,0,0.01686507937,0
JacksonDatabind22,36,17,1907,1888,0,0,36,17,0.01887781856,0.009004237288,0.01887781856,0.009004237288
JacksonDatabind23,29,0,270,241,0,0,29,0,0.1074074074,0,0.1074074074,0
JacksonDatabind24,1,2,343,344,0,0,1,2,0.002915451895,0.005813953488,0.002915451895,0.005813953488
JacksonDatabind25,4,4,2871,2871,0,0,4,4,0.001393242773,0.001393242773,0.001393242773,0.001393242773
JacksonDatabind26,3,1,924,922,0,0,3,1,0.003246753247,0.001084598698,0.003246753247,0.001084598698
JacksonDatabind27,1,1,858,858,0,0,1,1,0.001165501166,0.001165501166,0.001165501166,0.001165501166
JacksonDatabind29,7,0,330,323,0,0,7,0,0.02121212121,0,0.02121212121,0
JacksonDatabind3,2,2,153,153,0,0,2,2,0.01307189542,0.01307189542,0.01307189542,0.01307189542
JacksonDatabind30,17,0,5699,5682,0,0,17,0,0.00298297947,0,0.00298297947,0
JacksonDatabind31,44,18,1881,1855,0,0,44,18,0.02339181287,0.009703504043,0.02339181287,0.009703504043
JacksonDatabind32,3,0,676,673,0,0,3,0,0.004437869822,0,0.004437869822,0
JacksonDatabind33,4,1,1060,1057,0,0,4,1,0.003773584906,0.0009460737938,0.003773584906,0.0009460737938
JacksonDatabind34,1,1,88,88,0,0,1,1,0.01136363636,0.01136363636,0.01136363636,0.01136363636
JacksonDatabind35,6,4,123,121,0,0,6,4,0.0487804878,0.03305785124,0.0487804878,0.03305785124
JacksonDatabind36,11,0,577,566,0,0,11,0,0.01906412478,0,0.01906412478,0
JacksonDatabind37,1,1,268,268,0,0,1,1,0.003731343284,0.003731343284,0.003731343284,0.003731343284
JacksonDatabind38,33,4,595,566,0,0,33,4,0.05546218487,0.007067137809,0.05546218487,0.007067137809
JacksonDatabind39,10,0,64,54,0,0,10,0,0.15625,0,0.15625,0
JacksonDatabind4,8,0,162,154,0,0,8,0,0.04938271605,0,0.04938271605,0
JacksonDatabind40,9,0,631,622,0,0,9,0,0.01426307448,0,0.01426307448,0
JacksonDatabind42,3,0,290,287,0,0,3,0,0.01034482759,0,0.01034482759,0
JacksonDatabind43,3,2,114,113,0,0,3,2,0.02631578947,0.01769911504,0.02631578947,0.01769911504
JacksonDatabind44,26,0,323,297,0,0,26,0,0.08049535604,0,0.08049535604,0
JacksonDatabind45,2,1,158,157,0,0,2,1,0.01265822785,0.006369426752,0.01265822785,0.006369426752
JacksonDatabind46,1,1,193,193,0,0,1,1,0.00518134715,0.00518134715,0.00518134715,0.00518134715
JacksonDatabind47,9,0,1414,1405,0,0,9,0,0.006364922207,0,0.006364922207,0
JacksonDatabind48,12,0,1982,1970,0,0,12,0,0.006054490414,0,0.006054490414,0
JacksonDatabind49,2,0,77,75,0,0,2,0,0.02597402597,0,0.02597402597,0
JacksonDatabind5,5,0,1032,1027,0,0,5,0,0.00484496124,0,0.00484496124,0
JacksonDatabind50,42,0,978,936,0,0,42,0,0.04294478528,0,0.04294478528,0
JacksonDatabind51,2,0,289,287,0,0,2,0,0.006920415225,0,0.006920415225,0
JacksonDatabind52,15,1,2039,2025,0,0,15,1,0.007356547327,0.0004938271605,0.007356547327,0.0004938271605
JacksonDatabind53,76,21,1858,1803,0,0,76,21,0.04090419806,0.01164725458,0.04090419806,0.01164725458
JacksonDatabind54,2,2,331,331,0,0,2,2,0.006042296073,0.006042296073,0.006042296073,0.006042296073
JacksonDatabind55,27,1,244,218,0,0,27,1,0.1106557377,0.004587155963,0.1106557377,0.004587155963
JacksonDatabind56,12,2,303,293,0,0,12,2,0.0396039604,0.006825938567,0.0396039604,0.006825938567
JacksonDatabind57,1,1,1889,1889,0,0,1,1,0.0005293806247,0.0005293806247,0.0005293806247,0.0005293806247
JacksonDatabind58,5,0,836,831,0,0,5,0,0.005980861244,0,0.005980861244,0
JacksonDatabind59,46,0,2560,2514,0,0,46,0,0.01796875,0,0.01796875,0
JacksonDatabind60,88,1,470,383,0,0,88,1,0.1872340426,0.002610966057,0.1872340426,0.002610966057
JacksonDatabind61,9,0,4154,4145,0,0,9,0,0.002166586423,0,0.002166586423,0
JacksonDatabind62,8,0,436,428,0,0,8,0,0.01834862385,0,0.01834862385,0
JacksonDatabind63,11,2,530,521,0,0,11,2,0.02075471698,0.003838771593,0.02075471698,0.003838771593
JacksonDatabind65,5,2,1126,1123,0,0,5,2,0.004440497336,0.0017809439,0.004440497336,0.0017809439
JacksonDatabind66,7,1,435,429,0,0,7,1,0.01609195402,0.002331002331,0.01609195402,0.002331002331
JacksonDatabind67,3,2,1954,1953,0,0,3,2,0.00153531218,0.00102406554,0.00153531218,0.00102406554
JacksonDatabind69,10,6,396,392,0,0,10,6,0.02525252525,0.01530612245,0.02525252525,0.01530612245
JacksonDatabind7,12,0,1793,1781,0,0,12,0,0.006692693809,0,0.006692693809,0
JacksonDatabind70,1,1,607,607,0,0,1,1,0.001647446458,0.001647446458,0.001647446458,0.001647446458
JacksonDatabind71,1,1,414,414,0,0,1,1,0.002415458937,0.002415458937,0.002415458937,0.002415458937
JacksonDatabind72,2,0,169,167,0,0,2,0,0.01183431953,0,0.01183431953,0
JacksonDatabind73,7,2,2322,2317,0,0,7,2,0.00301464255,0.0008631851532,0.00301464255,0.0008631851532
JacksonDatabind74,7,0,187,180,0,0,7,0,0.03743315508,0,0.03743315508,0
JacksonDatabind75,6,5,241,240,0,0,6,5,0.02489626556,0.02083333333,0.02489626556,0.02083333333
JacksonDatabind76,1,21,694,714,0,0,1,21,0.00144092219,0.02941176471,0.00144092219,0.02941176471
JacksonDatabind77,15,0,860,845,0,0,15,0,0.01744186047,0,0.01744186047,0
JacksonDatabind78,25,0,906,881,0,0,25,0,0.02759381898,0,0.02759381898,0
JacksonDatabind79,13,5,2232,2224,0,0,13,5,0.00582437276,0.002248201439,0.00582437276,0.002248201439
JacksonDatabind8,12,1,370,359,0,0,12,1,0.03243243243,0.00278551532,0.03243243243,0.00278551532
JacksonDatabind80,4,0,295,291,0,0,4,0,0.01355932203,0,0.01355932203,0
JacksonDatabind81,32,3,1487,1458,0,0,32,3,0.0215198386,0.002057613169,0.0215198386,0.002057613169
JacksonDatabind82,1,1,907,907,0,0,1,1,0.001102535832,0.001102535832,0.001102535832,0.001102535832
JacksonDatabind83,0,2,312,314,0,0,0,2,0,0.006369426752,0,0.006369426752
JacksonDatabind84,7,0,121,114,0,0,7,0,0.05785123967,0,0.05785123967,0
JacksonDatabind86,7,0,121,114,0,0,7,0,0.05785123967,0,0.05785123967,0
JacksonDatabind87,13,7,606,600,0,0,13,7,0.02145214521,0.01166666667,0.02145214521,0.01166666667
JacksonDatabind88,4,0,157,153,0,0,4,0,0.02547770701,0,0.02547770701,0
JacksonDatabind89,6,0,918,912,0,0,6,0,0.006535947712,0,0.006535947712,0
JacksonDatabind90,9,1,953,945,0,0,9,1,0.00944386149,0.001058201058,0.00944386149,0.001058201058
JacksonDatabind91,9,1,596,588,0,0,9,1,0.01510067114,0.001700680272,0.01510067114,0.001700680272
JacksonDatabind92,6,0,893,887,0,0,6,0,0.006718924972,0,0.006718924972,0
JacksonDatabind93,2,2,100,100,0,0,2,2,0.02,0.02,0.02,0.02
JacksonDatabind94,5,0,117,112,0,0,5,0,0.04273504274,0,0.04273504274,0
JacksonDatabind95,4,4,1574,1574,0,0,4,4,0.002541296061,0.002541296061,0.002541296061,0.002541296061
JacksonDatabind96,1,1,2177,2177,0,0,1,1,0.0004593477262,0.0004593477262,0.0004593477262,0.0004593477262
JacksonDatabind97,1,1,172,172,0,0,1,1,0.005813953488,0.005813953488,0.005813953488,0.005813953488
JacksonDatabind98,10,1,495,486,0,0,10,1,0.0202020202,0.002057613169,0.0202020202,0.002057613169
JacksonDatabind99,1,0,281,280,0,0,1,0,0.003558718861,0,0.003558718861,0
JacksonXml1,8,4,960,956,0,0,8,4,0.008333333333,0.004184100418,0.008333333333,0.004184100418
JacksonXml2,27,1,551,525,0,0,27,1,0.04900181488,0.001904761905,0.04900181488,0.001904761905
JacksonXml3,1,2,964,965,0,0,1,2,0.001037344398,0.00207253886,0.001037344398,0.00207253886
JacksonXml4,5,1,275,271,0,0,5,1,0.01818181818,0.0036900369,0.01818181818,0.0036900369
JacksonXml5,1,1,244,244,0,0,1,1,0.004098360656,0.004098360656,0.004098360656,0.004098360656
JacksonXml6,66,0,1311,1245,0,0,66,0,0.05034324943,0,0.05034324943,0
Jsoup1,2,2,150,150,0,0,2,2,0.01333333333,0.01333333333,0.01333333333,0.01333333333
Jsoup10,2,0,455,453,0,0,2,0,0.004395604396,0,0.004395604396,0
Jsoup11,25,0,430,405,0,0,25,0,0.05813953488,0,0.05813953488,0
Jsoup12,15,1,445,431,0,0,15,1,0.03370786517,0.002320185615,0.03370786517,0.002320185615
Jsoup13,5,0,559,554,0,0,5,0,0.008944543828,0,0.008944543828,0
Jsoup14,8,0,2022,2014,0,0,8,0,0.003956478734,0,0.003956478734,0
Jsoup15,1,1,1482,1482,0,0,1,1,0.0006747638327,0.0006747638327,0.0006747638327,0.0006747638327
Jsoup16,4,2,46,44,0,0,4,2,0.08695652174,0.04545454545,0.08695652174,0.04545454545
Jsoup17,1,1,1482,1482,0,0,1,1,0.0006747638327,0.0006747638327,0.0006747638327,0.0006747638327
Jsoup18,2,1,210,209,0,0,2,1,0.009523809524,0.004784688995,0.009523809524,0.004784688995
Jsoup19,2,0,443,441,0,0,2,0,0.004514672686,0,0.004514672686,0
Jsoup2,1,0,291,290,0,0,1,0,0.003436426117,0,0.003436426117,0
Jsoup20,2,0,135,133,0,0,2,0,0.01481481481,0,0.01481481481,0
Jsoup23,19,1,458,440,0,0,19,1,0.04148471616,0.002272727273,0.04148471616,0.002272727273
Jsoup24,0,1,1778,1779,0,0,0,1,0,0.0005621135469,0,0.0005621135469
Jsoup25,1,1,262,262,0,0,1,1,0.003816793893,0.003816793893,0.003816793893,0.003816793893
Jsoup26,1,0,130,129,0,0,1,0,0.007692307692,0,0.007692307692,0
Jsoup27,2,1,140,139,0,0,2,1,0.01428571429,0.007194244604,0.01428571429,0.007194244604
Jsoup28,26,38,579,591,0,0,26,38,0.04490500864,0.06429780034,0.04490500864,0.06429780034
Jsoup29,2,1,362,361,0,0,2,1,0.005524861878,0.002770083102,0.005524861878,0.002770083102
Jsoup3,43,21,1546,1524,0,0,43,21,0.02781371281,0.01377952756,0.02781371281,0.01377952756
Jsoup31,9,0,2184,2175,0,0,9,0,0.004120879121,0,0.004120879121,0
Jsoup33,1,0,705,704,0,0,1,0,0.001418439716,0,0.001418439716,0
Jsoup34,1,1,284,284,0,0,1,1,0.003521126761,0.003521126761,0.003521126761,0.003521126761
Jsoup35,1,0,1486,1485,0,0,1,0,0.0006729475101,0,0.0006729475101,0
Jsoup36,18,1,187,170,0,0,18,1,0.09625668449,0.005882352941,0.09625668449,0.005882352941
Jsoup37,1,1,1144,1144,0,0,1,1,0.0008741258741,0.0008741258741,0.0008741258741,0.0008741258741
Jsoup38,3,0,1504,1501,0,0,3,0,0.001994680851,0,0.001994680851,0
Jsoup39,1,0,189,188,0,0,1,0,0.005291005291,0,0.005291005291,0
Jsoup4,3,3,2245,2245,0,0,3,3,0.001336302895,0.001336302895,0.001336302895,0.001336302895
Jsoup40,0,1,47,48,0,0,0,1,0,0.02083333333,0,0.02083333333
Jsoup41,1,1,1189,1189,0,0,1,1,0.0008410428932,0.0008410428932,0.0008410428932,0.0008410428932
Jsoup42,2,1,114,113,0,0,2,1,0.01754385965,0.008849557522,0.01754385965,0.008849557522
Jsoup43,1,1,1205,1205,0,0,1,1,0.0008298755187,0.0008298755187,0.0008298755187,0.0008298755187
Jsoup44,9,0,88,79,0,0,9,0,0.1022727273,0,0.1022727273,0
Jsoup45,1,1,703,703,0,0,1,1,0.001422475107,0.001422475107,0.001422475107,0.001422475107
Jsoup46,1,1,265,265,0,0,1,1,0.003773584906,0.003773584906,0.003773584906,0.003773584906
Jsoup47,1,1,266,266,0,0,1,1,0.003759398496,0.003759398496,0.003759398496,0.003759398496
Jsoup48,11,1,953,943,0,0,11,1,0.01154249738,0.001060445387,0.01154249738,0.001060445387
Jsoup49,1,1,679,679,0,0,1,1,0.00147275405,0.00147275405,0.00147275405,0.00147275405
Jsoup5,2,1,317,316,0,0,2,1,0.006309148265,0.003164556962,0.006309148265,0.003164556962
Jsoup50,14,7,234,227,0,0,14,7,0.05982905983,0.03083700441,0.05982905983,0.03083700441
Jsoup51,1,1,396,396,0,0,1,1,0.002525252525,0.002525252525,0.002525252525,0.002525252525
Jsoup52,10,25,449,464,0,0,10,25,0.02227171492,0.05387931034,0.02227171492,0.05387931034
Jsoup53,5,0,400,395,0,0,5,0,0.0125,0,0.0125,0
Jsoup54,1,0,176,175,0,0,1,0,0.005681818182,0,0.005681818182,0
Jsoup55,1,0,1730,1729,0,0,1,0,0.0005780346821,0,0.0005780346821,0
Jsoup56,25,3,3843,3821,0,0,25,3,0.006505334374,0.0007851347815,0.006505334374,0.0007851347815
Jsoup57,1,1,342,342,0,0,1,1,0.002923976608,0.002923976608,0.002923976608,0.002923976608
Jsoup58,17,2,638,623,0,0,17,2,0.02664576803,0.003210272873,0.02664576803,0.003210272873
Jsoup59,2,0,376,374,0,0,2,0,0.005319148936,0,0.005319148936,0
Jsoup6,2,2,2244,2244,0,0,2,2,0.0008912655971,0.0008912655971,0.0008912655971,0.0008912655971
Jsoup60,7,0,780,773,0,0,7,0,0.008974358974,0,0.008974358974,0
Jsoup61,1,1,1290,1290,0,0,1,1,0.0007751937984,0.0007751937984,0.0007751937984,0.0007751937984
Jsoup62,1,1,1513,1513,0,0,1,1,0.0006609385327,0.0006609385327,0.0006609385327,0.0006609385327
Jsoup64,1,1,1520,1520,0,0,1,1,0.0006578947368,0.0006578947368,0.0006578947368,0.0006578947368
Jsoup65,8,4,2250,2246,0,0,8,4,0.003555555556,0.0017809439,0.003555555556,0.0017809439
Jsoup66,8,5,1420,1417,0,0,8,5,0.005633802817,0.00352858151,0.005633802817,0.00352858151
Jsoup67,4,0,735,731,0,0,4,0,0.005442176871,0,0.005442176871,0
Jsoup68,1,4,734,737,0,0,1,4,0.00136239782,0.005427408412,0.00136239782,0.005427408412
Jsoup69,5,0,113,108,0,0,5,0,0.04424778761,0,0.04424778761,0
Jsoup7,22,0,314,292,0,0,22,0,0.07006369427,0,0.07006369427,0
Jsoup70,5,2,1435,1432,0,0,5,2,0.003484320557,0.001396648045,0.003484320557,0.001396648045
Jsoup71,24,0,1158,1134,0,0,24,0,0.0207253886,0,0.0207253886,0
Jsoup72,2,0,475,473,0,0,2,0,0.004210526316,0,0.004210526316,0
Jsoup73,7,3,176,172,0,0,7,3,0.03977272727,0.01744186047,0.03977272727,0.01744186047
Jsoup74,4,1,255,252,0,0,4,1,0.01568627451,0.003968253968,0.01568627451,0.003968253968
Jsoup75,1,2,445,446,0,0,1,2,0.002247191011,0.004484304933,0.002247191011,0.004484304933
Jsoup76,1,0,1531,1530,0,0,1,0,0.0006531678641,0,0.0006531678641,0
Jsoup77,1,1,143,143,0,0,1,1,0.006993006993,0.006993006993,0.006993006993,0.006993006993
Jsoup78,5,0,271,266,0,0,5,0,0.0184501845,0,0.0184501845,0
Jsoup79,3,1,98,96,0,0,3,1,0.0306122449,0.01041666667,0.0306122449,0.01041666667
Jsoup8,4,1,420,417,0,0,4,1,0.009523809524,0.002398081535,0.009523809524,0.002398081535
Jsoup80,2,0,145,143,0,0,2,0,0.01379310345,0,0.01379310345,0
Jsoup81,6,0,283,277,0,0,6,0,0.02120141343,0,0.02120141343,0
Jsoup82,3,0,270,267,0,0,3,0,0.01111111111,0,0.01111111111,0
Jsoup84,2,1,179,178,0,0,2,1,0.01117318436,0.005617977528,0.01117318436,0.005617977528
Jsoup86,1,1,85,85,0,0,1,1,0.01176470588,0.01176470588,0.01176470588,0.01176470588
Jsoup87,64,55,4086,4077,0,0,64,55,0.01566324033,0.0134903115,0.01566324033,0.0134903115
Jsoup88,1,1,208,208,0,0,1,1,0.004807692308,0.004807692308,0.004807692308,0.004807692308
Jsoup89,2,1,209,208,0,0,2,1,0.00956937799,0.004807692308,0.00956937799,0.004807692308
Jsoup9,1,1,2274,2274,0,0,1,1,0.0004397537379,0.0004397537379,0.0004397537379,0.0004397537379
Jsoup90,2,0,1203,1201,0,0,2,0,0.001662510391,0,0.001662510391,0
Jsoup91,15,0,553,538,0,0,15,0,0.02712477396,0,0.02712477396,0
Jsoup92,35,2,1848,1815,0,0,35,2,0.01893939394,0.001101928375,0.01893939394,0.001101928375
Jsoup93,1,0,115,114,0,0,1,0,0.008695652174,0,0.008695652174,0
JxPath1,3,2,1541,1540,0,0,3,2,0.0019467878,0.001298701299,0.0019467878,0.001298701299
JxPath10,1,1,119,119,0,0,1,1,0.008403361345,0.008403361345,0.008403361345,0.008403361345
JxPath11,14,1,284,271,0,0,14,1,0.04929577465,0.0036900369,0.04929577465,0.0036900369
JxPath12,2,1,728,727,0,0,2,1,0.002747252747,0.001375515818,0.002747252747,0.001375515818
JxPath14,9,0,727,718,0,0,9,0,0.01237964237,0,0.01237964237,0
JxPath15,7,1,71,65,0,0,7,1,0.0985915493,0.01538461538,0.0985915493,0.01538461538
JxPath16,2,3,1691,1692,0,0,2,3,0.001182732111,0.001773049645,0.001182732111,0.001773049645
JxPath18,15,4,102,91,0,0,15,4,0.1470588235,0.04395604396,0.1470588235,0.04395604396
JxPath19,18,6,1613,1601,0,0,18,6,0.01115933044,0.003747657714,0.01115933044,0.003747657714
JxPath2,9,0,154,145,0,0,9,0,0.05844155844,0,0.05844155844,0
JxPath20,10,1,167,158,0,0,10,1,0.05988023952,0.006329113924,0.05988023952,0.006329113924
JxPath21,2,1,255,254,0,0,2,1,0.007843137255,0.003937007874,0.007843137255,0.003937007874
JxPath22,3,3,792,792,0,0,3,3,0.003787878788,0.003787878788,0.003787878788,0.003787878788
JxPath3,14,0,238,224,0,0,14,0,0.05882352941,0,0.05882352941,0
JxPath5,1,3,704,706,0,0,1,3,0.001420454545,0.004249291785,0.001420454545,0.004249291785
JxPath6,10,2,149,141,0,0,10,2,0.06711409396,0.01418439716,0.06711409396,0.01418439716
JxPath7,85,24,270,209,0,0,85,24,0.3148148148,0.1148325359,0.3148148148,0.1148325359
JxPath8,6,0,119,113,0,0,6,0,0.05042016807,0,0.05042016807,0
Lang1,11,2,1436,1427,0,0,11,2,0.007660167131,0.001401541696,0.007660167131,0.001401541696
Lang10,0,9,867,876,0,0,0,9,0,0.0102739726,0,0.0102739726
Lang11,4,0,335,331,0,0,4,0,0.01194029851,0,0.01194029851,0
Lang12,7,0,331,324,0,0,7,0,0.02114803625,0,0.02114803625,0
Lang13,19,0,293,274,0,0,19,0,0.06484641638,0,0.06484641638,0
Lang14,3,0,6591,6588,0,0,3,0,0.0004551661356,0,0.0004551661356,0
Lang15,4,4,1101,1101,0,0,4,4,0.003633060854,0.003633060854,0.003633060854,0.003633060854
Lang16,1,1,1413,1413,0,0,1,1,0.0007077140835,0.0007077140835,0.0007077140835,0.0007077140835
Lang17,3,9,125,131,0,0,3,9,0.024,0.06870229008,0.024,0.06870229008
Lang18,3,3,1519,1519,0,0,3,3,0.001974983542,0.001974983542,0.001974983542,0.001974983542
Lang19,9,3,90,84,0,0,9,3,0.1,0.03571428571,0.1,0.03571428571
Lang20,2,2,6564,6564,0,0,2,2,0.0003046922608,0.0003046922608,0.0003046922608,0.0003046922608
Lang21,1,1,1871,1871,0,0,1,1,0.0005344735436,0.0005344735436,0.0005344735436,0.0005344735436
Lang22,7,1,964,958,0,0,7,1,0.007261410788,0.001043841336,0.007261410788,0.001043841336
Lang23,31,0,536,505,0,0,31,0,0.0578358209,0,0.0578358209,0
Lang24,1,1,1423,1423,0,0,1,1,0.0007027406887,0.0007027406887,0.0007027406887,0.0007027406887
Lang26,1,1,1757,1757,0,0,1,1,0.0005691519636,0.0005691519636,0.0005691519636,0.0005691519636
Lang27,4,1,1423,1420,0,0,4,1,0.002810962755,0.0007042253521,0.002810962755,0.0007042253521
Lang28,6,0,74,68,0,0,6,0,0.08108108108,0,0.08108108108,0
Lang29,1,1,1824,1824,0,0,1,1,0.000548245614,0.000548245614,0.000548245614,0.000548245614
Lang3,4,0,1427,1423,0,0,4,0,0.002803083392,0,0.002803083392,0
Lang30,43,5,6190,6152,0,0,43,5,0.006946688207,0.0008127438231,0.006946688207,0.0008127438231
Lang31,8,0,6142,6134,0,0,8,0,0.001302507327,0,0.001302507327,0
Lang32,17,8,991,982,0,0,17,8,0.01715438951,0.008146639511,0.01715438951,0.008146639511
Lang33,1,1,1052,1052,0,0,1,1,0.0009505703422,0.0009505703422,0.0009505703422,0.0009505703422
Lang34,2,2,2278,2278,0,0,2,2,0.0008779631255,0.0008779631255,0.0008779631255,0.0008779631255
Lang35,2,2,4485,4485,0,0,2,2,0.0004459308807,0.0004459308807,0.0004459308807,0.0004459308807
Lang36,9,1,1416,1408,0,0,9,1,0.006355932203,0.0007102272727,0.006355932203,0.0007102272727
Lang37,8,0,4419,4411,0,0,8,0,0.001810364336,0,0.001810364336,0
Lang38,1,0,1757,1756,0,0,1,0,0.0005691519636,0,0.0005691519636,0
Lang39,3,0,5840,5837,0,0,3,0,0.0005136986301,0,0.0005136986301,0
Lang4,4,4,85,85,0,0,4,4,0.04705882353,0.04705882353,0.04705882353,0.04705882353
Lang40,8,1,5774,5767,0,0,8,1,0.001385521302,0.0001734003815,0.001385521302,0.0001734003815
Lang41,21,2,1037,1018,0,0,21,2,0.02025072324,0.001964636542,0.02025072324,0.001964636542
Lang43,1,0,475,474,0,0,1,0,0.002105263158,0,0.002105263158,0
Lang44,3,0,715,712,0,0,3,0,0.004195804196,0,0.004195804196,0
Lang45,3,0,647,644,0,0,3,0,0.004636785162,0,0.004636785162,0
Lang46,10,7,865,862,0,0,10,7,0.01156069364,0.008120649652,0.01156069364,0.008120649652
Lang47,6,0,2718,2712,0,0,6,0,0.002207505519,0,0.002207505519,0
Lang48,4,0,847,843,0,0,4,0,0.004722550177,0,0.004722550177,0
Lang49,3,0,946,943,0,0,3,0,0.003171247357,0,0.003171247357,0
Lang50,6,10,1747,1751,0,0,6,10,0.003434459073,0.005711022273,0.003434459073,0.005711022273
Lang51,1,0,973,972,0,0,1,0,0.001027749229,0,0.001027749229,0
Lang52,4,0,691,687,0,0,4,0,0.005788712012,0,0.005788712012,0
Lang53,2,2,990,990,0,0,2,2,0.00202020202,0.00202020202,0.00202020202,0.00202020202
Lang54,3,0,294,291,0,0,3,0,0.01020408163,0,0.01020408163,0
Lang55,2,0,265,263,0,0,2,0,0.007547169811,0,0.007547169811,0
Lang56,6,2,1744,1740,0,0,6,2,0.003440366972,0.001149425287,0.003440366972,0.001149425287
Lang57,1,1,291,291,0,0,1,1,0.003436426117,0.003436426117,0.003436426117,0.003436426117
Lang58,1,2,1626,1627,0,0,1,2,0.0006150061501,0.0012292563,0.0006150061501,0.0012292563
Lang59,1,1,2364,2364,0,0,1,1,0.0004230118443,0.0004230118443,0.0004230118443,0.0004230118443
Lang6,1,1,125,125,0,0,1,1,0.008,0.008,0.008,0.008
Lang60,2,2,2364,2364,0,0,2,2,0.0008460236887,0.0008460236887,0.0008460236887,0.0008460236887
Lang61,1,1,2364,2364,0,0,1,1,0.0004230118443,0.0004230118443,0.0004230118443,0.0004230118443
Lang63,3,20,618,635,0,0,3,20,0.004854368932,0.03149606299,0.004854368932,0.03149606299
Lang64,21,0,231,210,0,0,21,0,0.09090909091,0,0.09090909091,0
Lang65,30,0,989,959,0,0,30,0,0.03033367037,0,0.03033367037,0
Lang7,3,3,1422,1422,0,0,3,3,0.002109704641,0.002109704641,0.002109704641,0.002109704641
Lang8,1,2,1250,1251,0,0,1,2,0.0008,0.001598721023,0.0008,0.001598721023
Lang9,3,0,870,867,0,0,3,0,0.003448275862,0,0.003448275862,0
Math1,6,0,1821,1815,0,0,6,0,0.003294892916,0,0.003294892916,0
Math10,1,0,1763,1762,0,0,1,0,0.0005672149745,0,0.0005672149745,0
Math100,3,3,301,301,0,0,3,3,0.009966777409,0.009966777409,0.009966777409,0.009966777409
Math101,2,1,543,542,0,0,2,1,0.003683241252,0.00184501845,0.003683241252,0.00184501845
Math102,17,0,421,404,0,0,17,0,0.04038004751,0,0.04038004751,0
Math103,10,0,211,201,0,0,10,0,0.04739336493,0,0.04739336493,0
Math104,1,1,262,262,0,0,1,1,0.003816793893,0.003816793893,0.003816793893,0.003816793893
Math105,1,1,519,519,0,0,1,1,0.001926782274,0.001926782274,0.001926782274,0.001926782274
Math106,8,0,229,221,0,0,8,0,0.03493449782,0,0.03493449782,0
Math11,1,1,240,240,0,0,1,1,0.004166666667,0.004166666667,0.004166666667,0.004166666667
Math12,4,1,173,170,0,0,4,1,0.02312138728,0.005882352941,0.02312138728,0.005882352941
Math13,9,0,574,565,0,0,9,0,0.01567944251,0,0.01567944251,0
Math14,10,4,347,341,0,0,10,4,0.0288184438,0.01173020528,0.0288184438,0.01173020528
Math15,2,1,3866,3865,0,0,2,1,0.0005173305742,0.0002587322122,0.0005173305742,0.0002587322122
Math16,21,2,3864,3845,0,0,21,2,0.005434782609,0.0005201560468,0.005434782609,0.0005201560468
Math17,4,0,2506,2502,0,0,4,0,0.001596169194,0,0.001596169194,0
Math18,6,4,1385,1383,0,0,6,4,0.004332129964,0.002892263196,0.004332129964,0.002892263196
Math19,13,0,1381,1368,0,0,13,0,0.009413468501,0,0.009413468501,0
Math2,1,1,334,334,0,0,1,1,0.002994011976,0.002994011976,0.002994011976,0.002994011976
Math20,2,1,1360,1359,0,0,2,1,0.001470588235,0.0007358351729,0.001470588235,0.0007358351729
Math21,13,10,177,174,0,0,13,10,0.07344632768,0.05747126437,0.07344632768,0.05747126437
Math22,2,2,497,497,0,0,2,2,0.004024144869,0.004024144869,0.004024144869,0.004024144869
Math23,9,2,317,310,0,0,9,2,0.02839116719,0.006451612903,0.02839116719,0.006451612903
Math24,2,2,299,299,0,0,2,2,0.006688963211,0.006688963211,0.006688963211,0.006688963211
Math25,3,0,362,359,0,0,3,0,0.008287292818,0,0.008287292818,0
Math26,2,2,666,666,0,0,2,2,0.003003003003,0.003003003003,0.003003003003,0.003003003003
Math27,1,1,666,666,0,0,1,1,0.001501501502,0.001501501502,0.001501501502,0.001501501502
Math28,4,0,236,232,0,0,4,0,0.01694915254,0,0.01694915254,0
Math29,15,4,844,833,0,0,15,4,0.01777251185,0.004801920768,0.01777251185,0.004801920768
Math3,3,0,1425,1422,0,0,3,0,0.002105263158,0,0.002105263158,0
Math30,1,1,234,234,0,0,1,1,0.004273504274,0.004273504274,0.004273504274,0.004273504274
Math31,13,33,181,201,0,0,13,33,0.07182320442,0.1641791045,0.07182320442,0.1641791045
Math32,1,1,474,474,0,0,1,1,0.002109704641,0.002109704641,0.002109704641,0.002109704641
Math33,1,1,623,623,0,0,1,1,0.001605136437,0.001605136437,0.001605136437,0.001605136437
Math34,1,1,211,211,0,0,1,1,0.004739336493,0.004739336493,0.004739336493,0.004739336493
Math35,2,2,112,112,0,0,2,2,0.01785714286,0.01785714286,0.01785714286,0.01785714286
Math36,12,0,1145,1133,0,0,12,0,0.01048034934,0,0.01048034934,0
Math37,14,2,1233,1221,0,0,14,2,0.01135442011,0.001638001638,0.01135442011,0.001638001638
Math38,4,4,2482,2482,0,0,4,4,0.001611603546,0.001611603546,0.001611603546,0.001611603546
Math39,9,0,378,369,0,0,9,0,0.02380952381,0,0.02380952381,0
Math4,6,0,357,351,0,0,6,0,0.01680672269,0,0.01680672269,0
Math40,8,2,403,397,0,0,8,2,0.01985111663,0.005037783375,0.01985111663,0.005037783375
Math41,1,1,620,620,0,0,1,1,0.001612903226,0.001612903226,0.001612903226,0.001612903226
Math42,3,1,623,621,0,0,3,1,0.00481540931,0.001610305958,0.00481540931,0.001610305958
Math43,3,3,740,740,0,0,3,3,0.004054054054,0.004054054054,0.004054054054,0.004054054054
Math44,6,1,399,394,0,0,6,1,0.01503759398,0.002538071066,0.01503759398,0.002538071066
Math45,5,0,278,273,0,0,5,0,0.01798561151,0,0.01798561151,0
Math46,2,2,1185,1185,0,0,2,2,0.001687763713,0.001687763713,0.001687763713,0.001687763713
Math47,5,3,1183,1181,0,0,5,3,0.004226542688,0.002540220152,0.004226542688,0.002540220152
Math48,3,0,272,269,0,0,3,0,0.01102941176,0,0.01102941176,0
Math49,4,4,925,925,0,0,4,4,0.004324324324,0.004324324324,0.004324324324,0.004324324324
Math5,1,1,1231,1231,0,0,1,1,0.0008123476848,0.0008123476848,0.0008123476848,0.0008123476848
Math50,0,4,267,271,0,0,0,4,0,0.0147601476,0,0.0147601476
Math51,9,0,274,265,0,0,9,0,0.03284671533,0,0.03284671533,0
Math52,4,3,1032,1031,0,0,4,3,0.003875968992,0.002909796314,0.003875968992,0.002909796314
Math53,3,0,1023,1020,0,0,3,0,0.00293255132,0,0.00293255132,0
Math54,7,1,2406,2400,0,0,7,1,0.002909393184,0.0004166666667,0.002909393184,0.0004166666667
Math55,18,1,562,545,0,0,18,1,0.03202846975,0.001834862385,0.03202846975,0.001834862385
Math56,1,7,297,303,0,0,1,7,0.003367003367,0.02310231023,0.003367003367,0.02310231023
Math57,1,1,333,333,0,0,1,1,0.003003003003,0.003003003003,0.003003003003,0.003003003003
Math58,1,1,336,336,0,0,1,1,0.002976190476,0.002976190476,0.002976190476,0.002976190476
Math59,1,1,3494,3494,0,0,1,1,0.0002862049227,0.0002862049227,0.0002862049227,0.0002862049227
Math6,14,16,3694,3696,0,0,14,16,0.003789929616,0.004329004329,0.003789929616,0.004329004329
Math60,3,10,246,253,0,0,3,10,0.01219512195,0.0395256917,0.01219512195,0.0395256917
Math61,2,2,241,241,0,0,2,2,0.008298755187,0.008298755187,0.008298755187,0.008298755187
Math62,3,4,205,206,0,0,3,4,0.01463414634,0.01941747573,0.01463414634,0.01941747573
Math63,1,1,1986,1986,0,0,1,1,0.0005035246727,0.0005035246727,0.0005035246727,0.0005035246727
Math64,22,8,886,872,0,0,22,8,0.02483069977,0.009174311927,0.02483069977,0.009174311927
Math65,2,7,366,371,0,0,2,7,0.005464480874,0.01886792453,0.005464480874,0.01886792453
Math66,11,22,234,245,0,0,11,22,0.04700854701,0.08979591837,0.04700854701,0.08979591837
Math67,2,2,318,318,0,0,2,2,0.006289308176,0.006289308176,0.006289308176,0.006289308176
Math68,12,2,863,853,0,0,12,2,0.01390498262,0.002344665885,0.01390498262,0.002344665885
Math69,1,1,281,281,0,0,1,1,0.003558718861,0.003558718861,0.003558718861,0.003558718861
Math7,8,9,426,427,0,0,8,9,0.01877934272,0.02107728337,0.01877934272,0.02107728337
Math70,1,1,109,109,0,0,1,1,0.009174311927,0.009174311927,0.009174311927,0.009174311927
Math71,7,0,636,629,0,0,7,0,0.01100628931,0,0.01100628931,0
Math72,2,2,319,319,0,0,2,2,0.006269592476,0.006269592476,0.006269592476,0.006269592476
Math73,4,0,319,315,0,0,4,0,0.01253918495,0,0.01253918495,0
Math74,7,4,403,400,0,0,7,4,0.01736972705,0.01,0.01736972705,0.01
Math75,1,1,593,593,0,0,1,1,0.001686340641,0.001686340641,0.001686340641,0.001686340641
Math76,14,8,444,438,0,0,14,8,0.03153153153,0.01826484018,0.03153153153,0.01826484018
Math77,1,10,2060,2069,0,0,1,10,0.0004854368932,0.004833252779,0.0004854368932,0.004833252779
Math78,11,0,345,334,0,0,11,0,0.03188405797,0,0.03188405797,0
Math79,2,2,1663,1663,0,0,2,2,0.001202645821,0.001202645821,0.001202645821,0.001202645821
Math8,2,2,197,197,0,0,2,2,0.01015228426,0.01015228426,0.01015228426,0.01015228426
Math80,1,1,1843,1843,0,0,1,1,0.0005425935974,0.0005425935974,0.0005425935974,0.0005425935974
Math81,4,3,1843,1842,0,0,4,3,0.00217037439,0.001628664495,0.00217037439,0.001628664495
Math82,1,1,196,196,0,0,1,1,0.005102040816,0.005102040816,0.005102040816,0.005102040816
Math83,3,3,572,572,0,0,3,3,0.005244755245,0.005244755245,0.005244755245,0.005244755245
Math84,9,0,145,136,0,0,9,0,0.06206896552,0,0.06206896552,0
Math85,1,1,241,241,0,0,1,1,0.004149377593,0.004149377593,0.004149377593,0.004149377593
Math86,3,3,354,354,0,0,3,3,0.008474576271,0.008474576271,0.008474576271,0.008474576271
Math87,2,4,547,549,0,0,2,4,0.00365630713,0.007285974499,0.00365630713,0.007285974499
Math88,5,6,549,550,0,0,5,6,0.009107468124,0.01090909091,0.009107468124,0.01090909091
Math89,4,0,494,490,0,0,4,0,0.008097165992,0,0.008097165992,0
Math9,2,1,227,226,0,0,2,1,0.008810572687,0.004424778761,0.008810572687,0.004424778761
Math90,3,0,490,487,0,0,3,0,0.00612244898,0,0.00612244898,0
Math91,2,2,549,549,0,0,2,2,0.00364298725,0.00364298725,0.00364298725,0.00364298725
Math92,49,6,1161,1118,0,0,49,6,0.04220499569,0.005366726297,0.04220499569,0.005366726297
Math93,10,2,1084,1076,0,0,10,2,0.009225092251,0.001858736059,0.009225092251,0.001858736059
Math94,1,1,1070,1070,0,0,1,1,0.0009345794393,0.0009345794393,0.0009345794393,0.0009345794393
Math95,3,1,196,194,0,0,3,1,0.01530612245,0.005154639175,0.01530612245,0.005154639175
Math96,1,1,874,874,0,0,1,1,0.00114416476,0.00114416476,0.00114416476,0.00114416476
Math97,16,2,279,265,0,0,16,2,0.05734767025,0.007547169811,0.05734767025,0.007547169811
Math98,2,2,2644,2644,0,0,2,2,0.000756429652,0.000756429652,0.000756429652,0.000756429652
Math99,8,0,1228,1220,0,0,8,0,0.00651465798,0,0.00651465798,0
Mockito1,12,1,187,176,0,0,12,1,0.06417112299,0.005681818182,0.06417112299,0.005681818182
Mockito10,10,5,167,162,0,0,10,5,0.05988023952,0.03086419753,0.05988023952,0.03086419753
Mockito11,9,1,70,62,0,0,9,1,0.1285714286,0.01612903226,0.1285714286,0.01612903226
Mockito12,4,0,30,26,0,0,4,0,0.1333333333,0,0.1333333333,0
Mockito13,3,1,126,124,0,0,3,1,0.02380952381,0.008064516129,0.02380952381,0.008064516129
Mockito14,5,1,279,275,0,0,5,1,0.01792114695,0.003636363636,0.01792114695,0.003636363636
Mockito15,3,0,44,41,0,0,3,0,0.06818181818,0,0.06818181818,0
Mockito16,5,4,1710,1709,0,0,5,4,0.002923976608,0.002340550029,0.002923976608,0.002340550029
Mockito17,9,2,185,178,0,0,9,2,0.04864864865,0.01123595506,0.04864864865,0.01123595506
Mockito18,2,0,122,120,0,0,2,0,0.01639344262,0,0.01639344262,0
Mockito19,26,8,289,271,0,0,26,8,0.08996539792,0.0295202952,0.08996539792,0.0295202952
Mockito2,7,0,35,28,0,0,7,0,0.2,0,0.2,0
Mockito20,3,2,110,109,0,0,3,2,0.02727272727,0.01834862385,0.02727272727,0.01834862385
Mockito21,20,4,61,45,0,0,20,4,0.3278688525,0.08888888889,0.3278688525,0.08888888889
Mockito22,3,1,43,41,0,0,3,1,0.06976744186,0.0243902439,0.06976744186,0.0243902439
Mockito23,18,3,145,130,0,0,18,3,0.124137931,0.02307692308,0.124137931,0.02307692308
Mockito24,1,1,123,123,0,0,1,1,0.008130081301,0.008130081301,0.008130081301,0.008130081301
Mockito25,29,6,121,98,0,0,29,6,0.2396694215,0.0612244898,0.2396694215,0.0612244898
Mockito26,1,1,68,68,0,0,1,1,0.01470588235,0.01470588235,0.01470588235,0.01470588235
Mockito27,1,2,109,110,0,0,1,2,0.009174311927,0.01818181818,0.009174311927,0.01818181818
Mockito28,2,1,104,103,0,0,2,1,0.01923076923,0.009708737864,0.01923076923,0.009708737864
Mockito29,1,1,41,41,0,0,1,1,0.0243902439,0.0243902439,0.0243902439,0.0243902439
Mockito3,17,3,165,151,0,0,17,3,0.103030303,0.01986754967,0.103030303,0.01986754967
Mockito30,3,2,633,632,0,0,3,2,0.004739336493,0.003164556962,0.004739336493,0.003164556962
Mockito31,3,1,79,77,0,0,3,1,0.03797468354,0.01298701299,0.03797468354,0.01298701299
Mockito32,5,1,72,68,0,0,5,1,0.06944444444,0.01470588235,0.06944444444,0.01470588235
Mockito33,12,1,140,129,0,0,12,1,0.08571428571,0.007751937984,0.08571428571,0.007751937984
Mockito34,1,1,112,112,0,0,1,1,0.008928571429,0.008928571429,0.008928571429,0.008928571429
Mockito35,3,3,719,719,0,0,3,3,0.004172461752,0.004172461752,0.004172461752,0.004172461752
Mockito36,4,0,221,217,0,0,4,0,0.01809954751,0,0.01809954751,0
Mockito37,8,0,73,65,0,0,8,0,0.1095890411,0,0.1095890411,0
Mockito38,1,1,50,50,0,0,1,1,0.02,0.02,0.02,0.02
Mockito4,5,2,804,801,0,0,5,2,0.006218905473,0.002496878901,0.006218905473,0.002496878901
Mockito5,1,1,134,134,0,0,1,1,0.007462686567,0.007462686567,0.007462686567,0.007462686567
Mockito6,20,20,881,881,0,0,20,20,0.0227014756,0.0227014756,0.0227014756,0.0227014756
Mockito7,1,0,627,626,0,0,1,0,0.001594896332,0,0.001594896332,0
Mockito8,1,1,626,626,0,0,1,1,0.001597444089,0.001597444089,0.001597444089,0.001597444089
Mockito9,5,0,43,38,0,0,5,0,0.1162790698,0,0.1162790698,0
Time1,10,4,1291,1285,0,0,10,4,0.007745933385,0.003112840467,0.007745933385,0.003112840467
Time10,2,1,346,345,0,0,2,1,0.005780346821,0.002898550725,0.005780346821,0.002898550725
Time11,5,4,848,847,0,0,5,4,0.005896226415,0.004722550177,0.005896226415,0.004722550177
Time12,14,2,4441,4429,0,0,14,2,0.003152443143,0.000451569203,0.003152443143,0.000451569203
Time13,5,1,1872,1868,0,0,5,1,0.002670940171,0.0005353319058,0.002670940171,0.0005353319058
Time14,5,0,366,361,0,0,5,0,0.01366120219,0,0.01366120219,0
Time15,3,0,330,327,0,0,3,0,0.009090909091,0,0.009090909091,0
Time16,1,1,949,949,0,0,1,1,0.00105374078,0.00105374078,0.00105374078,0.00105374078
Time17,18,5,1301,1288,0,0,18,5,0.01383551115,0.003881987578,0.01383551115,0.003881987578
Time18,12,0,1104,1092,0,0,12,0,0.01086956522,0,0.01086956522,0
Time19,1,1,1278,1278,0,0,1,1,0.0007824726135,0.0007824726135,0.0007824726135,0.0007824726135
Time2,7,1,1285,1279,0,0,7,1,0.005447470817,0.0007818608288,0.005447470817,0.0007818608288
Time20,8,2,2829,2823,0,0,8,2,0.002827854366,0.0007084661707,0.002827854366,0.0007084661707
Time22,6,1,625,620,0,0,6,1,0.0096,0.001612903226,0.0096,0.001612903226
Time23,9,8,1278,1277,0,0,9,8,0.007042253521,0.00626468285,0.007042253521,0.00626468285
Time24,5,0,510,505,0,0,5,0,0.009803921569,0,0.009803921569,0
Time25,9,0,1259,1250,0,0,9,0,0.00714853058,0,0.00714853058,0
Time27,2,0,1868,1866,0,0,2,0,0.001070663812,0,0.001070663812,0
Time3,20,0,1486,1466,0,0,20,0,0.0134589502,0,0.0134589502,0
Time4,1,1,998,998,0,0,1,1,0.001002004008,0.001002004008,0.001002004008,0.001002004008
Time5,12,6,1646,1640,0,0,12,6,0.007290400972,0.003658536585,0.007290400972,0.003658536585
Time6,26,0,1141,1115,0,0,26,0,0.02278702892,0,0.02278702892,0
Time7,1,1,953,953,0,0,1,1,0.001049317943,0.001049317943,0.001049317943,0.001049317943
Time8,5,2,1327,1324,0,0,5,2,0.003767897513,0.001510574018,0.003767897513,0.001510574018
Time9,10,3,1306,1299,0,0,10,3,0.007656967841,0.002309468822,0.007656967841,0.002309468822
,,,,,,,,,,,,
,,,,,,,,,,,,
,,,,,,,,,#REF!,,,