{
  "intraFileMappings" : {
    "matchedElements" : [
 {
      "left" : "class : DiagnosticGroups",
      "right" : "class : DiagnosticGroups",
      "info" : "TypeDeclaration[831-7269]:TypeDeclaration[808-7178]"
    }, {
      "left" : "public DiagnosticGroups()",
      "right" : "public DiagnosticGroups()",
      "info" : "MethodDeclaration[977-1005]:MethodDeclaration[954-982]"
    }, {
      "left" : "groupsByName",
      "right" : "groupsByName",
      "info" : "FieldDeclaration[1009-1098]:FieldDeclaration[986-1075]"
    }, {
      "left" : "static DiagnosticGroup registerGroup(String name,\n      DiagnosticGroup group)",
      "right" : "static DiagnosticGroup registerGroup(String name,\n      DiagnosticGroup group)",
      "info" : "MethodDeclaration[1102-1239]:MethodDeclaration[1079-1216]"
    }, {
      "left" : "static DiagnosticGroup registerGroup(String name,\n      DiagnosticType ... types)",
      "right" : "static DiagnosticGroup registerGroup(String name,\n      DiagnosticType ... types)",
      "info" : "MethodDeclaration[1243-1445]:MethodDeclaration[1220-1422]"
    }, {
      "left" : "static DiagnosticGroup registerGroup(String name,\n      DiagnosticGroup ... groups)",
      "right" : "static DiagnosticGroup registerGroup(String name,\n      DiagnosticGroup ... groups)",
      "info" : "MethodDeclaration[1449-1654]:MethodDeclaration[1426-1631]"
    }, {
      "left" : "protected Map<String, DiagnosticGroup> getRegisteredGroups()",
      "right" : "protected Map<String, DiagnosticGroup> getRegisteredGroups()",
      "info" : "MethodDeclaration[1658-1834]:MethodDeclaration[1635-1811]"
    }, {
      "left" : "protected DiagnosticGroup forName(String name)",
      "right" : "protected DiagnosticGroup forName(String name)",
      "info" : "MethodDeclaration[1838-1993]:MethodDeclaration[1815-1970]"
    }, {
      "left" : "DIAGNOSTIC_GROUP_NAMES",
      "right" : "DIAGNOSTIC_GROUP_NAMES",
      "info" : "FieldDeclaration[2321-2763]:FieldDeclaration[2298-2740]"
    }, {
      "left" : "GLOBAL_THIS",
      "right" : "GLOBAL_THIS",
      "info" : "FieldDeclaration[2767-2902]:FieldDeclaration[2744-2879]"
    }, {
      "left" : "DEPRECATED",
      "right" : "DEPRECATED",
      "info" : "FieldDeclaration[2906-3306]:FieldDeclaration[2883-3283]"
    }, {
      "left" : "VISIBILITY",
      "right" : "VISIBILITY",
      "info" : "FieldDeclaration[3310-3681]:FieldDeclaration[3287-3658]"
    }, {
      "left" : "CONSTANT_PROPERTY",
      "right" : "CONSTANT_PROPERTY",
      "info" : "FieldDeclaration[3685-3856]:FieldDeclaration[3662-3833]"
    }, {
      "left" : "NON_STANDARD_JSDOC",
      "right" : "NON_STANDARD_JSDOC",
      "info" : "FieldDeclaration[3860-4020]:FieldDeclaration[3837-3997]"
    }, {
      "left" : "ACCESS_CONTROLS",
      "right" : "ACCESS_CONTROLS",
      "info" : "FieldDeclaration[4024-4161]:FieldDeclaration[4001-4138]"
    }, {
      "left" : "INVALID_CASTS",
      "right" : "INVALID_CASTS",
      "info" : "FieldDeclaration[4165-4303]:FieldDeclaration[4142-4280]"
    }, {
      "left" : "FILEOVERVIEW_JSDOC",
      "right" : "FILEOVERVIEW_JSDOC",
      "info" : "FieldDeclaration[4307-4464]:FieldDeclaration[4284-4441]"
    }, {
      "left" : "STRICT_MODULE_DEP_CHECK",
      "right" : "STRICT_MODULE_DEP_CHECK",
      "info" : "FieldDeclaration[4468-4681]:FieldDeclaration[4445-4658]"
    }, {
      "left" : "EXTERNS_VALIDATION",
      "right" : "EXTERNS_VALIDATION",
      "info" : "FieldDeclaration[4685-4893]:FieldDeclaration[4662-4870]"
    }, {
      "left" : "AMBIGUOUS_FUNCTION_DECL",
      "right" : "AMBIGUOUS_FUNCTION_DECL",
      "info" : "FieldDeclaration[4897-5073]:FieldDeclaration[4874-5050]"
    }, {
      "left" : "UNKNOWN_DEFINES",
      "right" : "UNKNOWN_DEFINES",
      "info" : "FieldDeclaration[5077-5229]:FieldDeclaration[5054-5206]"
    }, {
      "left" : "TWEAKS",
      "right" : "TWEAKS",
      "info" : "FieldDeclaration[5233-5493]:FieldDeclaration[5210-5470]"
    }, {
      "left" : "MISSING_PROPERTIES",
      "right" : "MISSING_PROPERTIES",
      "info" : "FieldDeclaration[5497-5647]:FieldDeclaration[5474-5624]"
    }, {
      "left" : "INTERNET_EXPLORER_CHECKS",
      "right" : "INTERNET_EXPLORER_CHECKS",
      "info" : "FieldDeclaration[5696-5861]:FieldDeclaration[5673-5838]"
    }, {
      "left" : "UNDEFINED_VARIABLES",
      "right" : "UNDEFINED_VARIABLES",
      "info" : "FieldDeclaration[5865-6011]:FieldDeclaration[5842-5988]"
    }, {
      "left" : "CHECK_REGEXP",
      "right" : "CHECK_REGEXP",
      "info" : "FieldDeclaration[6015-6152]:FieldDeclaration[5992-6129]"
    }, {
      "left" : "CHECK_TYPES",
      "right" : "CHECK_TYPES",
      "info" : "FieldDeclaration[6156-6329]:FieldDeclaration[6133-6306]"
    }, {
      "left" : "CHECK_VARIABLES",
      "right" : "CHECK_VARIABLES",
      "info" : "FieldDeclaration[6333-6532]:FieldDeclaration[6310-6509]"
    }, {
      "left" : "CHECK_USELESS_CODE",
      "right" : "CHECK_USELESS_CODE",
      "info" : "FieldDeclaration[6536-6735]:FieldDeclaration[6513-6712]"
    }, {
      "left" : "TYPE_INVALIDATION",
      "right" : "TYPE_INVALIDATION",
      "info" : "FieldDeclaration[6739-6898]:FieldDeclaration[6716-6875]"
    }, {
      "left" : "void setWarningLevels(CompilerOptions options,\n      List<String> diagnosticGroups, CheckLevel level)",
      "right" : "void setWarningLevel(CompilerOptions options,\n      String name, CheckLevel level)",
      "info" : "MethodDeclaration[6902-7267]:MethodDeclaration[6879-7176]"
    } ],
    "mappings" : [
 {
      "left" : "public",
      "right" : "public",
      "info" : "Modifier[942-948]:Modifier[919-925]"
    }, {
      "left" : "class",
      "right" : "class",
      "info" : "TYPE_DECLARATION_KIND[949-954]:TYPE_DECLARATION_KIND[926-931]"
    }, {
      "left" : "DiagnosticGroups",
      "right" : "DiagnosticGroups",
      "info" : "SimpleName[955-971]:SimpleName[932-948]"
    }, {
      "left" : "public",
      "right" : "public",
      "info" : "Modifier[977-983]:Modifier[954-960]"
    }, {
      "left" : "DiagnosticGroups",
      "right" : "DiagnosticGroups",
      "info" : "SimpleName[984-1000]:SimpleName[961-977]"
    }, {
      "left" : "{}",
      "right" : "{}",
      "info" : "Block[1003-1005]:Block[980-982]"
    }, {
      "left" : "static",
      "right" : "static",
      "info" : "Modifier[1102-1108]:Modifier[1079-1085]"
    }, {
      "left" : "DiagnosticGroup",
      "right" : "DiagnosticGroup",
      "info" : "SimpleType[1109-1124]:SimpleType[1086-1101]"
    }, {
      "left" : "registerGroup",
      "right" : "registerGroup",
      "info" : "SimpleName[1125-1138]:SimpleName[1102-1115]"
    }, {
      "left" : "String name",
      "right" : "String name",
      "info" : "SingleVariableDeclaration[1139-1150]:SingleVariableDeclaration[1116-1127]"
    }, {
      "left" : "DiagnosticGroup group",
      "right" : "DiagnosticGroup group",
      "info" : "SingleVariableDeclaration[1158-1179]:SingleVariableDeclaration[1135-1156]"
    }, {
      "left" : "{}",
      "right" : "{}",
      "info" : "Block[1181-1239]:Block[1158-1216]"
    }, {
      "left" : "groupsByName.put(name, group);",
      "right" : "groupsByName.put(name, group);",
      "info" : "ExpressionStatement[1187-1217]:ExpressionStatement[1164-1194]"
    }, {
      "left" : "return group;",
      "right" : "return group;",
      "info" : "ReturnStatement[1222-1235]:ReturnStatement[1199-1212]"
    }, {
      "left" : "static",
      "right" : "static",
      "info" : "Modifier[1243-1249]:Modifier[1220-1226]"
    }, {
      "left" : "DiagnosticGroup",
      "right" : "DiagnosticGroup",
      "info" : "SimpleType[1250-1265]:SimpleType[1227-1242]"
    }, {
      "left" : "registerGroup",
      "right" : "registerGroup",
      "info" : "SimpleName[1266-1279]:SimpleName[1243-1256]"
    }, {
      "left" : "String name",
      "right" : "String name",
      "info" : "SingleVariableDeclaration[1280-1291]:SingleVariableDeclaration[1257-1268]"
    }, {
      "left" : "DiagnosticType ... types",
      "right" : "DiagnosticType ... types",
      "info" : "SingleVariableDeclaration[1299-1323]:SingleVariableDeclaration[1276-1300]"
    }, {
      "left" : "{}",
      "right" : "{}",
      "info" : "Block[1325-1445]:Block[1302-1422]"
    }, {
      "left" : "DiagnosticGroup group = new DiagnosticGroup(name, types);",
      "right" : "DiagnosticGroup group = new DiagnosticGroup(name, types);",
      "info" : "VariableDeclarationStatement[1331-1388]:VariableDeclarationStatement[1308-1365]"
    }, {
      "left" : "groupsByName.put(name, group);",
      "right" : "groupsByName.put(name, group);",
      "info" : "ExpressionStatement[1393-1423]:ExpressionStatement[1370-1400]"
    }, {
      "left" : "return group;",
      "right" : "return group;",
      "info" : "ReturnStatement[1428-1441]:ReturnStatement[1405-1418]"
    }, {
      "left" : "static",
      "right" : "static",
      "info" : "Modifier[1449-1455]:Modifier[1426-1432]"
    }, {
      "left" : "DiagnosticGroup",
      "right" : "DiagnosticGroup",
      "info" : "SimpleType[1456-1471]:SimpleType[1433-1448]"
    }, {
      "left" : "registerGroup",
      "right" : "registerGroup",
      "info" : "SimpleName[1472-1485]:SimpleName[1449-1462]"
    }, {
      "left" : "String name",
      "right" : "String name",
      "info" : "SingleVariableDeclaration[1486-1497]:SingleVariableDeclaration[1463-1474]"
    }, {
      "left" : "DiagnosticGroup ... groups",
      "right" : "DiagnosticGroup ... groups",
      "info" : "SingleVariableDeclaration[1505-1531]:SingleVariableDeclaration[1482-1508]"
    }, {
      "left" : "{}",
      "right" : "{}",
      "info" : "Block[1533-1654]:Block[1510-1631]"
    }, {
      "left" : "DiagnosticGroup group = new DiagnosticGroup(name, groups);",
      "right" : "DiagnosticGroup group = new DiagnosticGroup(name, groups);",
      "info" : "VariableDeclarationStatement[1539-1597]:VariableDeclarationStatement[1516-1574]"
    }, {
      "left" : "groupsByName.put(name, group);",
      "right" : "groupsByName.put(name, group);",
      "info" : "ExpressionStatement[1602-1632]:ExpressionStatement[1579-1609]"
    }, {
      "left" : "return group;",
      "right" : "return group;",
      "info" : "ReturnStatement[1637-1650]:ReturnStatement[1614-1627]"
    }, {
      "left" : "protected",
      "right" : "protected",
      "info" : "Modifier[1722-1731]:Modifier[1699-1708]"
    }, {
      "left" : "Map<String, DiagnosticGroup>",
      "right" : "Map<String, DiagnosticGroup>",
      "info" : "ParameterizedType[1732-1760]:ParameterizedType[1709-1737]"
    }, {
      "left" : "getRegisteredGroups",
      "right" : "getRegisteredGroups",
      "info" : "SimpleName[1761-1780]:SimpleName[1738-1757]"
    }, {
      "left" : "{}",
      "right" : "{}",
      "info" : "Block[1783-1834]:Block[1760-1811]"
    }, {
      "left" : "return ImmutableMap.copyOf(groupsByName);",
      "right" : "return ImmutableMap.copyOf(groupsByName);",
      "info" : "ReturnStatement[1789-1830]:ReturnStatement[1766-1807]"
    }, {
      "left" : "protected",
      "right" : "protected",
      "info" : "Modifier[1906-1915]:Modifier[1883-1892]"
    }, {
      "left" : "DiagnosticGroup",
      "right" : "DiagnosticGroup",
      "info" : "SimpleType[1916-1931]:SimpleType[1893-1908]"
    }, {
      "left" : "forName",
      "right" : "forName",
      "info" : "SimpleName[1932-1939]:SimpleName[1909-1916]"
    }, {
      "left" : "String name",
      "right" : "String name",
      "info" : "SingleVariableDeclaration[1940-1951]:SingleVariableDeclaration[1917-1928]"
    }, {
      "left" : "{}",
      "right" : "{}",
      "info" : "Block[1953-1993]:Block[1930-1970]"
    }, {
      "left" : "return groupsByName.get(name);",
      "right" : "return groupsByName.get(name);",
      "info" : "ReturnStatement[1959-1989]:ReturnStatement[1936-1966]"
    }, {
      "left" : "void",
      "right" : "void",
      "info" : "PrimitiveType[6948-6952]:PrimitiveType[6925-6929]"
    }, {
      "left" : "setWarningLevels",
      "right" : "setWarningLevel",
      "info" : "SimpleName[6953-6969]:SimpleName[6930-6945]"
    }, {
      "left" : "CompilerOptions options",
      "right" : "CompilerOptions options",
      "info" : "SingleVariableDeclaration[6970-6993]:SingleVariableDeclaration[6946-6969]"
    }, {
      "left" : "CheckLevel level",
      "right" : "CheckLevel level",
      "info" : "SingleVariableDeclaration[7032-7048]:SingleVariableDeclaration[6990-7006]"
    }, {
      "left" : "{}",
      "right" : "{}",
      "info" : "Block[7050-7267]:Block[7008-7176]"
    }, {
      "left" : "String name",
      "right" : "String name",
      "info" : "SingleVariableDeclaration[7061-7072]:SingleVariableDeclaration[6977-6988]"
    }, {
      "left" : "DiagnosticGroup group = forName(name);",
      "right" : "DiagnosticGroup group = forName(name);",
      "info" : "VariableDeclarationStatement[7099-7137]:VariableDeclarationStatement[7014-7052]"
    }, {
      "left" : "Preconditions.checkNotNull(group, \"No warning class for name: \" + name);",
      "right" : "Preconditions.checkNotNull(group, \"No warning class for name: \" + name);",
      "info" : "ExpressionStatement[7142-7214]:ExpressionStatement[7057-7129]"
    }, {
      "left" : "options.setWarningLevel(group, level);",
      "right" : "options.setWarningLevel(group, level);",
      "info" : "ExpressionStatement[7219-7257]:ExpressionStatement[7134-7172]"
    } ]
  },
  "interFileMappings" : { }
}