{
  "matchedElements" : [
 {
    "left" : "class : BrentSolver",
    "right" : "class : BrentSolver",
    "info" : "TypeDeclaration[1096-11839]:TypeDeclaration[1096-12016]"
  }, {
    "left" : "NON_BRACKETING_MESSAGE",
    "right" : "NON_BRACKETING_MESSAGE",
    "info" : "FieldDeclaration[1482-1713]:FieldDeclaration[1482-1713]"
  }, {
    "left" : "serialVersionUID",
    "right" : "serialVersionUID",
    "info" : "FieldDeclaration[1719-1828]:FieldDeclaration[1719-1828]"
  }, {
    "left" : "public BrentSolver(f )",
    "right" : "public BrentSolver(f )",
    "info" : "MethodDeclaration[1834-2296]:MethodDeclaration[1834-2296]"
  }, {
    "left" : "public BrentSolver()",
    "right" : "public BrentSolver()",
    "info" : "MethodDeclaration[2302-2399]:MethodDeclaration[2302-2399]"
  }, {
    "left" : "public solve(min double, max double) : double",
    "right" : "public solve(min double, max double) : double",
    "info" : "MethodDeclaration[2405-2607]:MethodDeclaration[2405-2607]"
  }, {
    "left" : "public solve(min double, max double, initial double) : double",
    "right" : "public solve(min double, max double, initial double) : double",
    "info" : "MethodDeclaration[2613-2840]:MethodDeclaration[2613-2840]"
  }, {
    "left" : "public solve(f , min double, max double, initial double) : double",
    "right" : "public solve(f , min double, max double, initial double) : double",
    "info" : "MethodDeclaration[2846-5256]:MethodDeclaration[2846-5433]"
  }, {
    "left" : "public solve(f , min double, max double) : double",
    "right" : "public solve(f , min double, max double) : double",
    "info" : "MethodDeclaration[5262-7446]:MethodDeclaration[5439-7623]"
  }, {
    "left" : "private solve(f , x0 double, y0 double, x1 double, y1 double, x2 double, y2 double) : double",
    "right" : "private solve(f , x0 double, y0 double, x1 double, y1 double, x2 double, y2 double) : double",
    "info" : "MethodDeclaration[7452-11837]:MethodDeclaration[7629-12014]"
  } ],
  "mappings" : [
 {
    "left" : "public",
    "right" : "public",
    "info" : "Modifier[1417-1423]:Modifier[1417-1423]"
  }, {
    "left" : "class",
    "right" : "class",
    "info" : "TYPE_DECLARATION_KIND[1424-1429]:TYPE_DECLARATION_KIND[1424-1429]"
  }, {
    "left" : "@Deprecated",
    "right" : "@Deprecated",
    "info" : "MarkerAnnotation[2199-2210]:MarkerAnnotation[2199-2210]"
  }, {
    "left" : "public",
    "right" : "public",
    "info" : "Modifier[2215-2221]:Modifier[2215-2221]"
  }, {
    "left" : "BrentSolver",
    "right" : "BrentSolver",
    "info" : "SimpleName[2222-2233]:SimpleName[2222-2233]"
  }, {
    "left" : "UnivariateRealFunction f",
    "right" : "UnivariateRealFunction f",
    "info" : "SingleVariableDeclaration[2234-2258]:SingleVariableDeclaration[2234-2258]"
  }, {
    "left" : "{}",
    "right" : "{}",
    "info" : "Block[2260-2296]:Block[2260-2296]"
  }, {
    "left" : "super(f, 100, 1E-6);",
    "right" : "super(f, 100, 1E-6);",
    "info" : "SuperConstructorInvocation[2270-2290]:SuperConstructorInvocation[2270-2290]"
  }, {
    "left" : "public",
    "right" : "public",
    "info" : "Modifier[2345-2351]:Modifier[2345-2351]"
  }, {
    "left" : "BrentSolver",
    "right" : "BrentSolver",
    "info" : "SimpleName[2352-2363]:SimpleName[2352-2363]"
  }, {
    "left" : "{}",
    "right" : "{}",
    "info" : "Block[2366-2399]:Block[2366-2399]"
  }, {
    "left" : "super(100, 1E-6);",
    "right" : "super(100, 1E-6);",
    "info" : "SuperConstructorInvocation[2376-2393]:SuperConstructorInvocation[2376-2393]"
  }, {
    "left" : "@Deprecated",
    "right" : "@Deprecated",
    "info" : "MarkerAnnotation[2430-2441]:MarkerAnnotation[2430-2441]"
  }, {
    "left" : "public",
    "right" : "public",
    "info" : "Modifier[2446-2452]:Modifier[2446-2452]"
  }, {
    "left" : "double",
    "right" : "double",
    "info" : "PrimitiveType[2453-2459]:PrimitiveType[2453-2459]"
  }, {
    "left" : "solve",
    "right" : "solve",
    "info" : "SimpleName[2460-2465]:SimpleName[2460-2465]"
  }, {
    "left" : "double min",
    "right" : "double min",
    "info" : "SingleVariableDeclaration[2466-2476]:SingleVariableDeclaration[2466-2476]"
  }, {
    "left" : "double max",
    "right" : "double max",
    "info" : "SingleVariableDeclaration[2478-2488]:SingleVariableDeclaration[2478-2488]"
  }, {
    "left" : "MaxIterationsExceededException",
    "right" : "MaxIterationsExceededException",
    "info" : "SimpleType[2505-2535]:SimpleType[2505-2535]"
  }, {
    "left" : "FunctionEvaluationException",
    "right" : "FunctionEvaluationException",
    "info" : "SimpleType[2537-2564]:SimpleType[2537-2564]"
  }, {
    "left" : "{}",
    "right" : "{}",
    "info" : "Block[2565-2607]:Block[2565-2607]"
  }, {
    "left" : "return solve(f, min, max);",
    "right" : "return solve(f, min, max);",
    "info" : "ReturnStatement[2575-2601]:ReturnStatement[2575-2601]"
  }, {
    "left" : "@Deprecated",
    "right" : "@Deprecated",
    "info" : "MarkerAnnotation[2638-2649]:MarkerAnnotation[2638-2649]"
  }, {
    "left" : "public",
    "right" : "public",
    "info" : "Modifier[2654-2660]:Modifier[2654-2660]"
  }, {
    "left" : "double",
    "right" : "double",
    "info" : "PrimitiveType[2661-2667]:PrimitiveType[2661-2667]"
  }, {
    "left" : "solve",
    "right" : "solve",
    "info" : "SimpleName[2668-2673]:SimpleName[2668-2673]"
  }, {
    "left" : "double min",
    "right" : "double min",
    "info" : "SingleVariableDeclaration[2674-2684]:SingleVariableDeclaration[2674-2684]"
  }, {
    "left" : "double max",
    "right" : "double max",
    "info" : "SingleVariableDeclaration[2686-2696]:SingleVariableDeclaration[2686-2696]"
  }, {
    "left" : "double initial",
    "right" : "double initial",
    "info" : "SingleVariableDeclaration[2698-2712]:SingleVariableDeclaration[2698-2712]"
  }, {
    "left" : "MaxIterationsExceededException",
    "right" : "MaxIterationsExceededException",
    "info" : "SimpleType[2729-2759]:SimpleType[2729-2759]"
  }, {
    "left" : "FunctionEvaluationException",
    "right" : "FunctionEvaluationException",
    "info" : "SimpleType[2761-2788]:SimpleType[2761-2788]"
  }, {
    "left" : "{}",
    "right" : "{}",
    "info" : "Block[2789-2840]:Block[2789-2840]"
  }, {
    "left" : "return solve(f, min, max, initial);",
    "right" : "return solve(f, min, max, initial);",
    "info" : "ReturnStatement[2799-2834]:ReturnStatement[2799-2834]"
  }, {
    "left" : "public",
    "right" : "public",
    "info" : "Modifier[3797-3803]:Modifier[3797-3803]"
  }, {
    "left" : "double",
    "right" : "double",
    "info" : "PrimitiveType[3804-3810]:PrimitiveType[3804-3810]"
  }, {
    "left" : "solve",
    "right" : "solve",
    "info" : "SimpleName[3811-3816]:SimpleName[3811-3816]"
  }, {
    "left" : "final UnivariateRealFunction f",
    "right" : "final UnivariateRealFunction f",
    "info" : "SingleVariableDeclaration[3817-3847]:SingleVariableDeclaration[3817-3847]"
  }, {
    "left" : "final double min",
    "right" : "final double min",
    "info" : "SingleVariableDeclaration[3873-3889]:SingleVariableDeclaration[3873-3889]"
  }, {
    "left" : "final double max",
    "right" : "final double max",
    "info" : "SingleVariableDeclaration[3891-3907]:SingleVariableDeclaration[3891-3907]"
  }, {
    "left" : "final double initial",
    "right" : "final double initial",
    "info" : "SingleVariableDeclaration[3909-3929]:SingleVariableDeclaration[3909-3929]"
  }, {
    "left" : "MaxIterationsExceededException",
    "right" : "MaxIterationsExceededException",
    "info" : "SimpleType[3946-3976]:SimpleType[3946-3976]"
  }, {
    "left" : "FunctionEvaluationException",
    "right" : "FunctionEvaluationException",
    "info" : "SimpleType[3978-4005]:SimpleType[3978-4005]"
  }, {
    "left" : "{}",
    "right" : "{}",
    "info" : "Block[4006-5256]:Block[4006-5433]"
  }, {
    "left" : "clearResult();",
    "right" : "clearResult();",
    "info" : "ExpressionStatement[4017-4031]:ExpressionStatement[4017-4031]"
  }, {
    "left" : "verifySequence(min, initial, max);",
    "right" : "verifySequence(min, initial, max);",
    "info" : "ExpressionStatement[4040-4074]:ExpressionStatement[4040-4074]"
  }, {
    "left" : "double yInitial = f.value(initial);",
    "right" : "double yInitial = f.value(initial);",
    "info" : "VariableDeclarationStatement[4141-4176]:VariableDeclarationStatement[4141-4176]"
  }, {
    "left" : "if (Math.abs(yInitial) <= functionValueAccuracy)",
    "right" : "if (Math.abs(yInitial) <= functionValueAccuracy)",
    "info" : "IfStatement[4185-4307]:IfStatement[4185-4307]"
  }, {
    "left" : "{}",
    "right" : "{}",
    "info" : "Block[4234-4307]:Block[4234-4307]"
  }, {
    "left" : "setResult(initial, 0);",
    "right" : "setResult(initial, 0);",
    "info" : "ExpressionStatement[4248-4270]:ExpressionStatement[4248-4270]"
  }, {
    "left" : "return result;",
    "right" : "return result;",
    "info" : "ReturnStatement[4283-4297]:ReturnStatement[4283-4297]"
  }, {
    "left" : "double yMin = f.value(min);",
    "right" : "double yMin = f.value(min);",
    "info" : "VariableDeclarationStatement[4375-4402]:VariableDeclarationStatement[4375-4402]"
  }, {
    "left" : "if (Math.abs(yMin) <= functionValueAccuracy)",
    "right" : "if (Math.abs(yMin) <= functionValueAccuracy)",
    "info" : "IfStatement[4411-4526]:IfStatement[4411-4526]"
  }, {
    "left" : "{}",
    "right" : "{}",
    "info" : "Block[4456-4526]:Block[4456-4526]"
  }, {
    "left" : "setResult(yMin, 0);",
    "right" : "setResult(yMin, 0);",
    "info" : "ExpressionStatement[4470-4489]:ExpressionStatement[4470-4489]"
  }, {
    "left" : "return result;",
    "right" : "return result;",
    "info" : "ReturnStatement[4502-4516]:ReturnStatement[4502-4516]"
  }, {
    "left" : "if (yInitial * yMin < 0)",
    "right" : "if (yInitial * yMin < 0)",
    "info" : "IfStatement[4599-4705]:IfStatement[4599-4705]"
  }, {
    "left" : "{}",
    "right" : "{}",
    "info" : "Block[4624-4705]:Block[4624-4705]"
  }, {
    "left" : "return solve(f, min, yMin, initial, yInitial, min, yMin);",
    "right" : "return solve(f, min, yMin, initial, yInitial, min, yMin);",
    "info" : "ReturnStatement[4638-4695]:ReturnStatement[4638-4695]"
  }, {
    "left" : "double yMax = f.value(max);",
    "right" : "double yMax = f.value(max);",
    "info" : "VariableDeclarationStatement[4774-4801]:VariableDeclarationStatement[4774-4801]"
  }, {
    "left" : "if (Math.abs(yMax) <= functionValueAccuracy)",
    "right" : "if (Math.abs(yMax) <= functionValueAccuracy)",
    "info" : "IfStatement[4810-4925]:IfStatement[4810-4925]"
  }, {
    "left" : "{}",
    "right" : "{}",
    "info" : "Block[4855-4925]:Block[4855-4925]"
  }, {
    "left" : "setResult(yMax, 0);",
    "right" : "setResult(yMax, 0);",
    "info" : "ExpressionStatement[4869-4888]:ExpressionStatement[4869-4888]"
  }, {
    "left" : "return result;",
    "right" : "return result;",
    "info" : "ReturnStatement[4901-4915]:ReturnStatement[4901-4915]"
  }, {
    "left" : "if (yInitial * yMax < 0)",
    "right" : "if (yInitial * yMax < 0)",
    "info" : "IfStatement[4998-5112]:IfStatement[4998-5112]"
  }, {
    "left" : "{}",
    "right" : "{}",
    "info" : "Block[5023-5112]:Block[5023-5112]"
  }, {
    "left" : "return solve(f, initial, yInitial, max, yMax, initial, yInitial);",
    "right" : "return solve(f, initial, yInitial, max, yMax, initial, yInitial);",
    "info" : "ReturnStatement[5037-5102]:ReturnStatement[5037-5102]"
  }, {
    "left" : "return solve(f, min, yMin, max, yMax, initial, yInitial);",
    "right" : "return solve(f, min, yMin, max, yMax, initial, yInitial);",
    "info" : "ReturnStatement[5192-5249]:ReturnStatement[5369-5426]"
  }, {
    "left" : "public",
    "right" : "public",
    "info" : "Modifier[6047-6053]:Modifier[6224-6230]"
  }, {
    "left" : "double",
    "right" : "double",
    "info" : "PrimitiveType[6054-6060]:PrimitiveType[6231-6237]"
  }, {
    "left" : "solve",
    "right" : "solve",
    "info" : "SimpleName[6061-6066]:SimpleName[6238-6243]"
  }, {
    "left" : "final UnivariateRealFunction f",
    "right" : "final UnivariateRealFunction f",
    "info" : "SingleVariableDeclaration[6067-6097]:SingleVariableDeclaration[6244-6274]"
  }, {
    "left" : "final double min",
    "right" : "final double min",
    "info" : "SingleVariableDeclaration[6123-6139]:SingleVariableDeclaration[6300-6316]"
  }, {
    "left" : "final double max",
    "right" : "final double max",
    "info" : "SingleVariableDeclaration[6141-6157]:SingleVariableDeclaration[6318-6334]"
  }, {
    "left" : "MaxIterationsExceededException",
    "right" : "MaxIterationsExceededException",
    "info" : "SimpleType[6174-6204]:SimpleType[6351-6381]"
  }, {
    "left" : "FunctionEvaluationException",
    "right" : "FunctionEvaluationException",
    "info" : "SimpleType[6214-6241]:SimpleType[6391-6418]"
  }, {
    "left" : "{}",
    "right" : "{}",
    "info" : "Block[6242-7446]:Block[6419-7623]"
  }, {
    "left" : "clearResult();",
    "right" : "clearResult();",
    "info" : "ExpressionStatement[6253-6267]:ExpressionStatement[6430-6444]"
  }, {
    "left" : "verifyInterval(min, max);",
    "right" : "verifyInterval(min, max);",
    "info" : "ExpressionStatement[6276-6301]:ExpressionStatement[6453-6478]"
  }, {
    "left" : "double ret = Double.NaN;",
    "right" : "double ret = Double.NaN;",
    "info" : "VariableDeclarationStatement[6311-6335]:VariableDeclarationStatement[6488-6512]"
  }, {
    "left" : "double yMin = f.value(min);",
    "right" : "double yMin = f.value(min);",
    "info" : "VariableDeclarationStatement[6345-6372]:VariableDeclarationStatement[6522-6549]"
  }, {
    "left" : "double yMax = f.value(max);",
    "right" : "double yMax = f.value(max);",
    "info" : "VariableDeclarationStatement[6381-6408]:VariableDeclarationStatement[6558-6585]"
  }, {
    "left" : "double sign = yMin * yMax;",
    "right" : "double sign = yMin * yMax;",
    "info" : "VariableDeclarationStatement[6447-6473]:VariableDeclarationStatement[6624-6650]"
  }, {
    "left" : "if (sign > 0)",
    "right" : "if (sign > 0)",
    "info" : "IfStatement[6482-7419]:IfStatement[6659-7596]"
  }, {
    "left" : "{}",
    "right" : "{}",
    "info" : "Block[6496-7080]:Block[6673-7257]"
  }, {
    "left" : "if (Math.abs(yMin) <= functionValueAccuracy)",
    "right" : "if (Math.abs(yMin) <= functionValueAccuracy)",
    "info" : "IfStatement[6566-7070]:IfStatement[6743-7247]"
  }, {
    "left" : "{}",
    "right" : "{}",
    "info" : "Block[6611-6688]:Block[6788-6865]"
  }, {
    "left" : "setResult(min, 0);",
    "right" : "setResult(min, 0);",
    "info" : "ExpressionStatement[6629-6647]:ExpressionStatement[6806-6824]"
  }, {
    "left" : "ret = min;",
    "right" : "ret = min;",
    "info" : "ExpressionStatement[6664-6674]:ExpressionStatement[6841-6851]"
  }, {
    "left" : "if (Math.abs(yMax) <= functionValueAccuracy)",
    "right" : "if (Math.abs(yMax) <= functionValueAccuracy)",
    "info" : "IfStatement[6694-7070]:IfStatement[6871-7247]"
  }, {
    "left" : "{}",
    "right" : "{}",
    "info" : "Block[6739-6816]:Block[6916-6993]"
  }, {
    "left" : "setResult(max, 0);",
    "right" : "setResult(max, 0);",
    "info" : "ExpressionStatement[6757-6775]:ExpressionStatement[6934-6952]"
  }, {
    "left" : "ret = max;",
    "right" : "ret = max;",
    "info" : "ExpressionStatement[6792-6802]:ExpressionStatement[6969-6979]"
  }, {
    "left" : "{}",
    "right" : "{}",
    "info" : "Block[6822-7070]:Block[6999-7247]"
  }, {
    "left" : "throw MathRuntimeException.createIllegalArgumentException(\n                        NON_BRACKETING_MESSAGE, min, max, yMin, yMax);",
    "right" : "throw MathRuntimeException.createIllegalArgumentException(\n                        NON_BRACKETING_MESSAGE, min, max, yMin, yMax);",
    "info" : "ThrowStatement[6927-7056]:ThrowStatement[7104-7233]"
  }, {
    "left" : "if (sign < 0)",
    "right" : "if (sign < 0)",
    "info" : "IfStatement[7086-7419]:IfStatement[7263-7596]"
  }, {
    "left" : "{}",
    "right" : "{}",
    "info" : "Block[7099-7239]:Block[7276-7416]"
  }, {
    "left" : "ret = solve(f, min, yMin, max, yMax, min, yMin);",
    "right" : "ret = solve(f, min, yMin, max, yMax, min, yMin);",
    "info" : "ExpressionStatement[7181-7229]:ExpressionStatement[7358-7406]"
  }, {
    "left" : "{}",
    "right" : "{}",
    "info" : "Block[7245-7419]:Block[7422-7596]"
  }, {
    "left" : "if (yMin == 0.0)",
    "right" : "if (yMin == 0.0)",
    "info" : "IfStatement[7302-7409]:IfStatement[7479-7586]"
  }, {
    "left" : "{}",
    "right" : "{}",
    "info" : "Block[7319-7361]:Block[7496-7538]"
  }, {
    "left" : "ret = min;",
    "right" : "ret = min;",
    "info" : "ExpressionStatement[7337-7347]:ExpressionStatement[7514-7524]"
  }, {
    "left" : "{}",
    "right" : "{}",
    "info" : "Block[7367-7409]:Block[7544-7586]"
  }, {
    "left" : "ret = max;",
    "right" : "ret = max;",
    "info" : "ExpressionStatement[7385-7395]:ExpressionStatement[7562-7572]"
  }, {
    "left" : "return ret;",
    "right" : "return ret;",
    "info" : "ReturnStatement[7429-7440]:ReturnStatement[7606-7617]"
  }, {
    "left" : "private",
    "right" : "private",
    "info" : "Modifier[8278-8285]:Modifier[8455-8462]"
  }, {
    "left" : "double",
    "right" : "double",
    "info" : "PrimitiveType[8286-8292]:PrimitiveType[8463-8469]"
  }, {
    "left" : "solve",
    "right" : "solve",
    "info" : "SimpleName[8293-8298]:SimpleName[8470-8475]"
  }, {
    "left" : "final UnivariateRealFunction f",
    "right" : "final UnivariateRealFunction f",
    "info" : "SingleVariableDeclaration[8299-8329]:SingleVariableDeclaration[8476-8506]"
  }, {
    "left" : "double x0",
    "right" : "double x0",
    "info" : "SingleVariableDeclaration[8356-8365]:SingleVariableDeclaration[8533-8542]"
  }, {
    "left" : "double y0",
    "right" : "double y0",
    "info" : "SingleVariableDeclaration[8367-8376]:SingleVariableDeclaration[8544-8553]"
  }, {
    "left" : "double x1",
    "right" : "double x1",
    "info" : "SingleVariableDeclaration[8403-8412]:SingleVariableDeclaration[8580-8589]"
  }, {
    "left" : "double y1",
    "right" : "double y1",
    "info" : "SingleVariableDeclaration[8414-8423]:SingleVariableDeclaration[8591-8600]"
  }, {
    "left" : "double x2",
    "right" : "double x2",
    "info" : "SingleVariableDeclaration[8450-8459]:SingleVariableDeclaration[8627-8636]"
  }, {
    "left" : "double y2",
    "right" : "double y2",
    "info" : "SingleVariableDeclaration[8461-8470]:SingleVariableDeclaration[8638-8647]"
  }, {
    "left" : "MaxIterationsExceededException",
    "right" : "MaxIterationsExceededException",
    "info" : "SimpleType[8483-8513]:SimpleType[8660-8690]"
  }, {
    "left" : "FunctionEvaluationException",
    "right" : "FunctionEvaluationException",
    "info" : "SimpleType[8515-8542]:SimpleType[8692-8719]"
  }, {
    "left" : "{}",
    "right" : "{}",
    "info" : "Block[8543-11837]:Block[8720-12014]"
  }, {
    "left" : "double delta = x1 - x0;",
    "right" : "double delta = x1 - x0;",
    "info" : "VariableDeclarationStatement[8554-8577]:VariableDeclarationStatement[8731-8754]"
  }, {
    "left" : "double oldDelta = delta;",
    "right" : "double oldDelta = delta;",
    "info" : "VariableDeclarationStatement[8586-8610]:VariableDeclarationStatement[8763-8787]"
  }, {
    "left" : "int i = 0;",
    "right" : "int i = 0;",
    "info" : "VariableDeclarationStatement[8620-8630]:VariableDeclarationStatement[8797-8807]"
  }, {
    "left" : "while (i < maximalIterationCount)",
    "right" : "while (i < maximalIterationCount)",
    "info" : "WhileStatement[8639-11758]:WhileStatement[8816-11935]"
  }, {
    "left" : "{}",
    "right" : "{}",
    "info" : "Block[8673-11758]:Block[8850-11935]"
  }, {
    "left" : "if (Math.abs(y2) < Math.abs(y1))",
    "right" : "if (Math.abs(y2) < Math.abs(y1))",
    "info" : "IfStatement[8687-8963]:IfStatement[8864-9140]"
  }, {
    "left" : "{}",
    "right" : "{}",
    "info" : "Block[8720-8963]:Block[8897-9140]"
  }, {
    "left" : "x0 = x1;",
    "right" : "x0 = x1;",
    "info" : "ExpressionStatement[8816-8824]:ExpressionStatement[8993-9001]"
  }, {
    "left" : "x1 = x2;",
    "right" : "x1 = x2;",
    "info" : "ExpressionStatement[8841-8849]:ExpressionStatement[9018-9026]"
  }, {
    "left" : "x2 = x0;",
    "right" : "x2 = x0;",
    "info" : "ExpressionStatement[8866-8874]:ExpressionStatement[9043-9051]"
  }, {
    "left" : "y0 = y1;",
    "right" : "y0 = y1;",
    "info" : "ExpressionStatement[8891-8899]:ExpressionStatement[9068-9076]"
  }, {
    "left" : "y1 = y2;",
    "right" : "y1 = y2;",
    "info" : "ExpressionStatement[8916-8924]:ExpressionStatement[9093-9101]"
  }, {
    "left" : "y2 = y0;",
    "right" : "y2 = y0;",
    "info" : "ExpressionStatement[8941-8949]:ExpressionStatement[9118-9126]"
  }, {
    "left" : "if (Math.abs(y1) <= functionValueAccuracy)",
    "right" : "if (Math.abs(y1) <= functionValueAccuracy)",
    "info" : "IfStatement[8976-9271]:IfStatement[9153-9448]"
  }, {
    "left" : "{}",
    "right" : "{}",
    "info" : "Block[9019-9271]:Block[9196-9448]"
  }, {
    "left" : "setResult(x1, i);",
    "right" : "setResult(x1, i);",
    "info" : "ExpressionStatement[9209-9226]:ExpressionStatement[9386-9403]"
  }, {
    "left" : "return result;",
    "right" : "return result;",
    "info" : "ReturnStatement[9243-9257]:ReturnStatement[9420-9434]"
  }, {
    "left" : "double dx = x2 - x1;",
    "right" : "double dx = x2 - x1;",
    "info" : "VariableDeclarationStatement[9284-9304]:VariableDeclarationStatement[9461-9481]"
  }, {
    "left" : "double tolerance =\n                Math.max(relativeAccuracy * Math.abs(x1), absoluteAccuracy);",
    "right" : "double tolerance =\n                Math.max(relativeAccuracy * Math.abs(x1), absoluteAccuracy);",
    "info" : "VariableDeclarationStatement[9317-9412]:VariableDeclarationStatement[9494-9589]"
  }, {
    "left" : "if (Math.abs(dx) <= tolerance)",
    "right" : "if (Math.abs(dx) <= tolerance)",
    "info" : "IfStatement[9425-9536]:IfStatement[9602-9713]"
  }, {
    "left" : "{}",
    "right" : "{}",
    "info" : "Block[9456-9536]:Block[9633-9713]"
  }, {
    "left" : "setResult(x1, i);",
    "right" : "setResult(x1, i);",
    "info" : "ExpressionStatement[9474-9491]:ExpressionStatement[9651-9668]"
  }, {
    "left" : "return result;",
    "right" : "return result;",
    "info" : "ReturnStatement[9508-9522]:ReturnStatement[9685-9699]"
  }, {
    "left" : "if ((Math.abs(oldDelta) < tolerance) ||\n                    (Math.abs(y0) <= Math.abs(y1)))",
    "right" : "if ((Math.abs(oldDelta) < tolerance) ||\n                    (Math.abs(y0) <= Math.abs(y1)))",
    "info" : "IfStatement[9549-11172]:IfStatement[9726-11349]"
  }, {
    "left" : "{}",
    "right" : "{}",
    "info" : "Block[9641-9760]:Block[9818-9937]"
  }, {
    "left" : "delta = 0.5 * dx;",
    "right" : "delta = 0.5 * dx;",
    "info" : "ExpressionStatement[9695-9712]:ExpressionStatement[9872-9889]"
  }, {
    "left" : "oldDelta = delta;",
    "right" : "oldDelta = delta;",
    "info" : "ExpressionStatement[9729-9746]:ExpressionStatement[9906-9923]"
  }, {
    "left" : "{}",
    "right" : "{}",
    "info" : "Block[9766-11172]:Block[9943-11349]"
  }, {
    "left" : "double r3 = y1 / y0;",
    "right" : "double r3 = y1 / y0;",
    "info" : "VariableDeclarationStatement[9784-9804]:VariableDeclarationStatement[9961-9981]"
  }, {
    "left" : "double p;",
    "right" : "double p;",
    "info" : "VariableDeclarationStatement[9821-9830]:VariableDeclarationStatement[9998-10007]"
  }, {
    "left" : "double p1;",
    "right" : "double p1;",
    "info" : "VariableDeclarationStatement[9847-9857]:VariableDeclarationStatement[10024-10034]"
  }, {
    "left" : "if (x0 == x2)",
    "right" : "if (x0 == x2)",
    "info" : "IfStatement[10063-10512]:IfStatement[10240-10689]"
  }, {
    "left" : "{}",
    "right" : "{}",
    "info" : "Block[10077-10209]:Block[10254-10386]"
  }, {
    "left" : "p = dx * r3;",
    "right" : "p = dx * r3;",
    "info" : "ExpressionStatement[10144-10156]:ExpressionStatement[10321-10333]"
  }, {
    "left" : "p1 = 1.0 - r3;",
    "right" : "p1 = 1.0 - r3;",
    "info" : "ExpressionStatement[10177-10191]:ExpressionStatement[10354-10368]"
  }, {
    "left" : "{}",
    "right" : "{}",
    "info" : "Block[10215-10512]:Block[10392-10689]"
  }, {
    "left" : "double r1 = y0 / y2;",
    "right" : "double r1 = y0 / y2;",
    "info" : "VariableDeclarationStatement[10293-10313]:VariableDeclarationStatement[10470-10490]"
  }, {
    "left" : "double r2 = y1 / y2;",
    "right" : "double r2 = y1 / y2;",
    "info" : "VariableDeclarationStatement[10334-10354]:VariableDeclarationStatement[10511-10531]"
  }, {
    "left" : "p = r3 * (dx * r1 * (r1 - r2) - (x1 - x0) * (r2 - 1.0));",
    "right" : "p = r3 * (dx * r1 * (r1 - r2) - (x1 - x0) * (r2 - 1.0));",
    "info" : "ExpressionStatement[10375-10431]:ExpressionStatement[10552-10608]"
  }, {
    "left" : "p1 = (r1 - 1.0) * (r2 - 1.0) * (r3 - 1.0);",
    "right" : "p1 = (r1 - 1.0) * (r2 - 1.0) * (r3 - 1.0);",
    "info" : "ExpressionStatement[10452-10494]:ExpressionStatement[10629-10671]"
  }, {
    "left" : "if (p > 0.0)",
    "right" : "if (p > 0.0)",
    "info" : "IfStatement[10529-10644]:IfStatement[10706-10821]"
  }, {
    "left" : "{}",
    "right" : "{}",
    "info" : "Block[10542-10591]:Block[10719-10768]"
  }, {
    "left" : "p1 = -p1;",
    "right" : "p1 = -p1;",
    "info" : "ExpressionStatement[10564-10573]:ExpressionStatement[10741-10750]"
  }, {
    "left" : "{}",
    "right" : "{}",
    "info" : "Block[10597-10644]:Block[10774-10821]"
  }, {
    "left" : "p = -p;",
    "right" : "p = -p;",
    "info" : "ExpressionStatement[10619-10626]:ExpressionStatement[10796-10803]"
  }, {
    "left" : "if (2.0 * p >= 1.5 * dx * p1 - Math.abs(tolerance * p1) ||\n                        p >= Math.abs(0.5 * oldDelta * p1))",
    "right" : "if (2.0 * p >= 1.5 * dx * p1 - Math.abs(tolerance * p1) ||\n                        p >= Math.abs(0.5 * oldDelta * p1))",
    "info" : "IfStatement[10661-11158]:IfStatement[10838-11335]"
  }, {
    "left" : "{}",
    "right" : "{}",
    "info" : "Block[10780-11059]:Block[10957-11236]"
  }, {
    "left" : "delta = 0.5 * dx;",
    "right" : "delta = 0.5 * dx;",
    "info" : "ExpressionStatement[10986-11003]:ExpressionStatement[11163-11180]"
  }, {
    "left" : "oldDelta = delta;",
    "right" : "oldDelta = delta;",
    "info" : "ExpressionStatement[11024-11041]:ExpressionStatement[11201-11218]"
  }, {
    "left" : "{}",
    "right" : "{}",
    "info" : "Block[11065-11158]:Block[11242-11335]"
  }, {
    "left" : "oldDelta = delta;",
    "right" : "oldDelta = delta;",
    "info" : "ExpressionStatement[11087-11104]:ExpressionStatement[11264-11281]"
  }, {
    "left" : "delta = p / p1;",
    "right" : "delta = p / p1;",
    "info" : "ExpressionStatement[11125-11140]:ExpressionStatement[11302-11317]"
  }, {
    "left" : "x0 = x1;",
    "right" : "x0 = x1;",
    "info" : "ExpressionStatement[11216-11224]:ExpressionStatement[11393-11401]"
  }, {
    "left" : "y0 = y1;",
    "right" : "y0 = y1;",
    "info" : "ExpressionStatement[11237-11245]:ExpressionStatement[11414-11422]"
  }, {
    "left" : "if (Math.abs(delta) > tolerance)",
    "right" : "if (Math.abs(delta) > tolerance)",
    "info" : "IfStatement[11292-11530]:IfStatement[11469-11707]"
  }, {
    "left" : "{}",
    "right" : "{}",
    "info" : "Block[11325-11373]:Block[11502-11550]"
  }, {
    "left" : "x1 = x1 + delta;",
    "right" : "x1 = x1 + delta;",
    "info" : "ExpressionStatement[11343-11359]:ExpressionStatement[11520-11536]"
  }, {
    "left" : "if (dx > 0.0)",
    "right" : "if (dx > 0.0)",
    "info" : "IfStatement[11379-11530]:IfStatement[11556-11707]"
  }, {
    "left" : "{}",
    "right" : "{}",
    "info" : "Block[11393-11451]:Block[11570-11628]"
  }, {
    "left" : "x1 = x1 + 0.5 * tolerance;",
    "right" : "x1 = x1 + 0.5 * tolerance;",
    "info" : "ExpressionStatement[11411-11437]:ExpressionStatement[11588-11614]"
  }, {
    "left" : "if (dx <= 0.0)",
    "right" : "if (dx <= 0.0)",
    "info" : "IfStatement[11457-11530]:IfStatement[11634-11707]"
  }, {
    "left" : "{}",
    "right" : "{}",
    "info" : "Block[11472-11530]:Block[11649-11707]"
  }, {
    "left" : "x1 = x1 - 0.5 * tolerance;",
    "right" : "x1 = x1 - 0.5 * tolerance;",
    "info" : "ExpressionStatement[11490-11516]:ExpressionStatement[11667-11693]"
  }, {
    "left" : "y1 = f.value(x1);",
    "right" : "y1 = f.value(x1);",
    "info" : "ExpressionStatement[11543-11560]:ExpressionStatement[11720-11737]"
  }, {
    "left" : "if ((y1 > 0) == (y2 > 0))",
    "right" : "if ((y1 > 0) == (y2 > 0))",
    "info" : "IfStatement[11573-11731]:IfStatement[11750-11908]"
  }, {
    "left" : "{}",
    "right" : "{}",
    "info" : "Block[11599-11731]:Block[11776-11908]"
  }, {
    "left" : "x2 = x0;",
    "right" : "x2 = x0;",
    "info" : "ExpressionStatement[11617-11625]:ExpressionStatement[11794-11802]"
  }, {
    "left" : "y2 = y0;",
    "right" : "y2 = y0;",
    "info" : "ExpressionStatement[11642-11650]:ExpressionStatement[11819-11827]"
  }, {
    "left" : "delta = x1 - x0;",
    "right" : "delta = x1 - x0;",
    "info" : "ExpressionStatement[11667-11683]:ExpressionStatement[11844-11860]"
  }, {
    "left" : "oldDelta = delta;",
    "right" : "oldDelta = delta;",
    "info" : "ExpressionStatement[11700-11717]:ExpressionStatement[11877-11894]"
  }, {
    "left" : "i++;",
    "right" : "i++;",
    "info" : "ExpressionStatement[11744-11748]:ExpressionStatement[11921-11925]"
  }, {
    "left" : "throw new MaxIterationsExceededException(maximalIterationCount);",
    "right" : "throw new MaxIterationsExceededException(maximalIterationCount);",
    "info" : "ThrowStatement[11767-11831]:ThrowStatement[11944-12008]"
  } ]
}