{
  "matchedElements" : [
 {
    "left" : "class : Caverphone",
    "right" : "class : Caverphone",
    "info" : "TypeDeclaration[948-7222]:TypeDeclaration[948-7246]"
  }, {
    "left" : "public Caverphone()",
    "right" : "public Caverphone()",
    "info" : "MethodDeclaration[1445-1558]:MethodDeclaration[1445-1558]"
  }, {
    "left" : "public caverphone(txt ) : ",
    "right" : "public caverphone(txt ) : ",
    "info" : "MethodDeclaration[1564-5604]:MethodDeclaration[1564-5628]"
  }, {
    "left" : "public encode(pObject ) : ",
    "right" : "public encode(pObject ) : ",
    "info" : "MethodDeclaration[5610-6485]:MethodDeclaration[5634-6509]"
  }, {
    "left" : "public encode(pString ) : ",
    "right" : "public encode(pString ) : ",
    "info" : "MethodDeclaration[6491-6772]:MethodDeclaration[6515-6796]"
  }, {
    "left" : "public isCaverphoneEqual(str1 , str2 ) : boolean",
    "right" : "public isCaverphoneEqual(str1 , str2 ) : boolean",
    "info" : "MethodDeclaration[6778-7219]:MethodDeclaration[6802-7243]"
  } ],
  "mappings" : [
 {
    "left" : "public",
    "right" : "public",
    "info" : "Modifier[1389-1395]:Modifier[1389-1395]"
  }, {
    "left" : "class",
    "right" : "class",
    "info" : "TYPE_DECLARATION_KIND[1396-1401]:TYPE_DECLARATION_KIND[1396-1401]"
  }, {
    "left" : "public",
    "right" : "public",
    "info" : "Modifier[1514-1520]:Modifier[1514-1520]"
  }, {
    "left" : "Caverphone",
    "right" : "Caverphone",
    "info" : "SimpleName[1521-1531]:SimpleName[1521-1531]"
  }, {
    "left" : "{}",
    "right" : "{}",
    "info" : "Block[1534-1558]:Block[1534-1558]"
  }, {
    "left" : "super();",
    "right" : "super();",
    "info" : "SuperConstructorInvocation[1544-1552]:SuperConstructorInvocation[1544-1552]"
  }, {
    "left" : "public",
    "right" : "public",
    "info" : "Modifier[1761-1767]:Modifier[1761-1767]"
  }, {
    "left" : "String",
    "right" : "String",
    "info" : "SimpleType[1768-1774]:SimpleType[1768-1774]"
  }, {
    "left" : "caverphone",
    "right" : "caverphone",
    "info" : "SimpleName[1775-1785]:SimpleName[1775-1785]"
  }, {
    "left" : "String txt",
    "right" : "String txt",
    "info" : "SingleVariableDeclaration[1786-1796]:SingleVariableDeclaration[1786-1796]"
  }, {
    "left" : "{}",
    "right" : "{}",
    "info" : "Block[1798-5604]:Block[1798-5628]"
  }, {
    "left" : "if( txt == null || txt.length() == 0)",
    "right" : "if( txt == null || txt.length() == 0)",
    "info" : "IfStatement[1959-2042]:IfStatement[1959-2042]"
  }, {
    "left" : "{}",
    "right" : "{}",
    "info" : "Block[1998-2042]:Block[1998-2042]"
  }, {
    "left" : "return \"1111111111\";",
    "right" : "return \"1111111111\";",
    "info" : "ReturnStatement[2012-2032]:ReturnStatement[2012-2032]"
  }, {
    "left" : "txt = txt.toLowerCase();",
    "right" : "txt = txt.toLowerCase(java.util.Locale.ENGLISH);",
    "info" : "ExpressionStatement[2087-2111]:ExpressionStatement[2087-2135]"
  }, {
    "left" : "txt = txt.replaceAll(\"[^a-z]\", \"\");",
    "right" : "txt = txt.replaceAll(\"[^a-z]\", \"\");",
    "info" : "ExpressionStatement[2159-2194]:ExpressionStatement[2183-2218]"
  }, {
    "left" : "txt = txt.replaceAll(\"e$\", \"\");",
    "right" : "txt = txt.replaceAll(\"e$\", \"\");",
    "info" : "ExpressionStatement[2235-2266]:ExpressionStatement[2259-2290]"
  }, {
    "left" : "txt = txt.replaceAll(\"^cough\", \"cou2f\");",
    "right" : "txt = txt.replaceAll(\"^cough\", \"cou2f\");",
    "info" : "ExpressionStatement[2343-2383]:ExpressionStatement[2367-2407]"
  }, {
    "left" : "txt = txt.replaceAll(\"^rough\", \"rou2f\");",
    "right" : "txt = txt.replaceAll(\"^rough\", \"rou2f\");",
    "info" : "ExpressionStatement[2392-2432]:ExpressionStatement[2416-2456]"
  }, {
    "left" : "txt = txt.replaceAll(\"^tough\", \"tou2f\");",
    "right" : "txt = txt.replaceAll(\"^tough\", \"tou2f\");",
    "info" : "ExpressionStatement[2441-2481]:ExpressionStatement[2465-2505]"
  }, {
    "left" : "txt = txt.replaceAll(\"^enough\", \"enou2f\");",
    "right" : "txt = txt.replaceAll(\"^enough\", \"enou2f\");",
    "info" : "ExpressionStatement[2490-2532]:ExpressionStatement[2514-2556]"
  }, {
    "left" : "txt = txt.replaceAll(\"^trough\", \"trou2f\");",
    "right" : "txt = txt.replaceAll(\"^trough\", \"trou2f\");",
    "info" : "ExpressionStatement[2554-2596]:ExpressionStatement[2578-2620]"
  }, {
    "left" : "txt = txt.replaceAll(\"^gn\", \"2n\");",
    "right" : "txt = txt.replaceAll(\"^gn\", \"2n\");",
    "info" : "ExpressionStatement[2678-2712]:ExpressionStatement[2702-2736]"
  }, {
    "left" : "txt = txt.replaceAll(\"^mb\", \"m2\");",
    "right" : "txt = txt.replaceAll(\"^mb\", \"m2\");",
    "info" : "ExpressionStatement[2721-2755]:ExpressionStatement[2745-2779]"
  }, {
    "left" : "txt = txt.replaceAll(\"cq\", \"2q\");",
    "right" : "txt = txt.replaceAll(\"cq\", \"2q\");",
    "info" : "ExpressionStatement[2799-2832]:ExpressionStatement[2823-2856]"
  }, {
    "left" : "txt = txt.replaceAll(\"ci\", \"si\");",
    "right" : "txt = txt.replaceAll(\"ci\", \"si\");",
    "info" : "ExpressionStatement[2841-2874]:ExpressionStatement[2865-2898]"
  }, {
    "left" : "txt = txt.replaceAll(\"ce\", \"se\");",
    "right" : "txt = txt.replaceAll(\"ce\", \"se\");",
    "info" : "ExpressionStatement[2883-2916]:ExpressionStatement[2907-2940]"
  }, {
    "left" : "txt = txt.replaceAll(\"cy\", \"sy\");",
    "right" : "txt = txt.replaceAll(\"cy\", \"sy\");",
    "info" : "ExpressionStatement[2925-2958]:ExpressionStatement[2949-2982]"
  }, {
    "left" : "txt = txt.replaceAll(\"tch\", \"2ch\");",
    "right" : "txt = txt.replaceAll(\"tch\", \"2ch\");",
    "info" : "ExpressionStatement[2967-3002]:ExpressionStatement[2991-3026]"
  }, {
    "left" : "txt = txt.replaceAll(\"c\", \"k\");",
    "right" : "txt = txt.replaceAll(\"c\", \"k\");",
    "info" : "ExpressionStatement[3011-3042]:ExpressionStatement[3035-3066]"
  }, {
    "left" : "txt = txt.replaceAll(\"q\", \"k\");",
    "right" : "txt = txt.replaceAll(\"q\", \"k\");",
    "info" : "ExpressionStatement[3051-3082]:ExpressionStatement[3075-3106]"
  }, {
    "left" : "txt = txt.replaceAll(\"x\", \"k\");",
    "right" : "txt = txt.replaceAll(\"x\", \"k\");",
    "info" : "ExpressionStatement[3091-3122]:ExpressionStatement[3115-3146]"
  }, {
    "left" : "txt = txt.replaceAll(\"v\", \"f\");",
    "right" : "txt = txt.replaceAll(\"v\", \"f\");",
    "info" : "ExpressionStatement[3131-3162]:ExpressionStatement[3155-3186]"
  }, {
    "left" : "txt = txt.replaceAll(\"dg\", \"2g\");",
    "right" : "txt = txt.replaceAll(\"dg\", \"2g\");",
    "info" : "ExpressionStatement[3171-3204]:ExpressionStatement[3195-3228]"
  }, {
    "left" : "txt = txt.replaceAll(\"tio\", \"sio\");",
    "right" : "txt = txt.replaceAll(\"tio\", \"sio\");",
    "info" : "ExpressionStatement[3213-3248]:ExpressionStatement[3237-3272]"
  }, {
    "left" : "txt = txt.replaceAll(\"tia\", \"sia\");",
    "right" : "txt = txt.replaceAll(\"tia\", \"sia\");",
    "info" : "ExpressionStatement[3257-3292]:ExpressionStatement[3281-3316]"
  }, {
    "left" : "txt = txt.replaceAll(\"d\", \"t\");",
    "right" : "txt = txt.replaceAll(\"d\", \"t\");",
    "info" : "ExpressionStatement[3301-3332]:ExpressionStatement[3325-3356]"
  }, {
    "left" : "txt = txt.replaceAll(\"ph\", \"fh\");",
    "right" : "txt = txt.replaceAll(\"ph\", \"fh\");",
    "info" : "ExpressionStatement[3341-3374]:ExpressionStatement[3365-3398]"
  }, {
    "left" : "txt = txt.replaceAll(\"b\", \"p\");",
    "right" : "txt = txt.replaceAll(\"b\", \"p\");",
    "info" : "ExpressionStatement[3383-3414]:ExpressionStatement[3407-3438]"
  }, {
    "left" : "txt = txt.replaceAll(\"sh\", \"s2\");",
    "right" : "txt = txt.replaceAll(\"sh\", \"s2\");",
    "info" : "ExpressionStatement[3423-3456]:ExpressionStatement[3447-3480]"
  }, {
    "left" : "txt = txt.replaceAll(\"z\", \"s\");",
    "right" : "txt = txt.replaceAll(\"z\", \"s\");",
    "info" : "ExpressionStatement[3465-3496]:ExpressionStatement[3489-3520]"
  }, {
    "left" : "txt = txt.replaceAll(\"^[aeiou]\", \"A\");",
    "right" : "txt = txt.replaceAll(\"^[aeiou]\", \"A\");",
    "info" : "ExpressionStatement[3505-3543]:ExpressionStatement[3529-3567]"
  }, {
    "left" : "txt = txt.replaceAll(\"[aeiou]\", \"3\");",
    "right" : "txt = txt.replaceAll(\"[aeiou]\", \"3\");",
    "info" : "ExpressionStatement[3552-3589]:ExpressionStatement[3576-3613]"
  }, {
    "left" : "txt = txt.replaceAll(\"j\", \"y\");",
    "right" : "txt = txt.replaceAll(\"j\", \"y\");",
    "info" : "ExpressionStatement[3598-3629]:ExpressionStatement[3622-3653]"
  }, {
    "left" : "txt = txt.replaceAll(\"^y3\", \"Y3\");",
    "right" : "txt = txt.replaceAll(\"^y3\", \"Y3\");",
    "info" : "ExpressionStatement[3657-3691]:ExpressionStatement[3681-3715]"
  }, {
    "left" : "txt = txt.replaceAll(\"^y\", \"A\");",
    "right" : "txt = txt.replaceAll(\"^y\", \"A\");",
    "info" : "ExpressionStatement[3716-3748]:ExpressionStatement[3740-3772]"
  }, {
    "left" : "txt = txt.replaceAll(\"y\", \"3\");",
    "right" : "txt = txt.replaceAll(\"y\", \"3\");",
    "info" : "ExpressionStatement[3775-3806]:ExpressionStatement[3799-3830]"
  }, {
    "left" : "txt = txt.replaceAll(\"3gh3\", \"3kh3\");",
    "right" : "txt = txt.replaceAll(\"3gh3\", \"3kh3\");",
    "info" : "ExpressionStatement[3834-3871]:ExpressionStatement[3858-3895]"
  }, {
    "left" : "txt = txt.replaceAll(\"gh\", \"22\");",
    "right" : "txt = txt.replaceAll(\"gh\", \"22\");",
    "info" : "ExpressionStatement[3880-3913]:ExpressionStatement[3904-3937]"
  }, {
    "left" : "txt = txt.replaceAll(\"g\", \"k\");",
    "right" : "txt = txt.replaceAll(\"g\", \"k\");",
    "info" : "ExpressionStatement[3922-3953]:ExpressionStatement[3946-3977]"
  }, {
    "left" : "txt = txt.replaceAll(\"s+\", \"S\");",
    "right" : "txt = txt.replaceAll(\"s+\", \"S\");",
    "info" : "ExpressionStatement[3962-3994]:ExpressionStatement[3986-4018]"
  }, {
    "left" : "txt = txt.replaceAll(\"t+\", \"T\");",
    "right" : "txt = txt.replaceAll(\"t+\", \"T\");",
    "info" : "ExpressionStatement[4003-4035]:ExpressionStatement[4027-4059]"
  }, {
    "left" : "txt = txt.replaceAll(\"p+\", \"P\");",
    "right" : "txt = txt.replaceAll(\"p+\", \"P\");",
    "info" : "ExpressionStatement[4044-4076]:ExpressionStatement[4068-4100]"
  }, {
    "left" : "txt = txt.replaceAll(\"k+\", \"K\");",
    "right" : "txt = txt.replaceAll(\"k+\", \"K\");",
    "info" : "ExpressionStatement[4085-4117]:ExpressionStatement[4109-4141]"
  }, {
    "left" : "txt = txt.replaceAll(\"f+\", \"F\");",
    "right" : "txt = txt.replaceAll(\"f+\", \"F\");",
    "info" : "ExpressionStatement[4126-4158]:ExpressionStatement[4150-4182]"
  }, {
    "left" : "txt = txt.replaceAll(\"m+\", \"M\");",
    "right" : "txt = txt.replaceAll(\"m+\", \"M\");",
    "info" : "ExpressionStatement[4167-4199]:ExpressionStatement[4191-4223]"
  }, {
    "left" : "txt = txt.replaceAll(\"n+\", \"N\");",
    "right" : "txt = txt.replaceAll(\"n+\", \"N\");",
    "info" : "ExpressionStatement[4208-4240]:ExpressionStatement[4232-4264]"
  }, {
    "left" : "txt = txt.replaceAll(\"w3\", \"W3\");",
    "right" : "txt = txt.replaceAll(\"w3\", \"W3\");",
    "info" : "ExpressionStatement[4249-4282]:ExpressionStatement[4273-4306]"
  }, {
    "left" : "txt = txt.replaceAll(\"wh3\", \"Wh3\");",
    "right" : "txt = txt.replaceAll(\"wh3\", \"Wh3\");",
    "info" : "ExpressionStatement[4350-4385]:ExpressionStatement[4374-4409]"
  }, {
    "left" : "txt = txt.replaceAll(\"w$\", \"3\");",
    "right" : "txt = txt.replaceAll(\"w$\", \"3\");",
    "info" : "ExpressionStatement[4394-4426]:ExpressionStatement[4418-4450]"
  }, {
    "left" : "txt = txt.replaceAll(\"w\", \"2\");",
    "right" : "txt = txt.replaceAll(\"w\", \"2\");",
    "info" : "ExpressionStatement[4512-4543]:ExpressionStatement[4536-4567]"
  }, {
    "left" : "txt = txt.replaceAll(\"^h\", \"A\");",
    "right" : "txt = txt.replaceAll(\"^h\", \"A\");",
    "info" : "ExpressionStatement[4552-4584]:ExpressionStatement[4576-4608]"
  }, {
    "left" : "txt = txt.replaceAll(\"h\", \"2\");",
    "right" : "txt = txt.replaceAll(\"h\", \"2\");",
    "info" : "ExpressionStatement[4593-4624]:ExpressionStatement[4617-4648]"
  }, {
    "left" : "txt = txt.replaceAll(\"r3\", \"R3\");",
    "right" : "txt = txt.replaceAll(\"r3\", \"R3\");",
    "info" : "ExpressionStatement[4633-4666]:ExpressionStatement[4657-4690]"
  }, {
    "left" : "txt = txt.replaceAll(\"r$\", \"3\");",
    "right" : "txt = txt.replaceAll(\"r$\", \"3\");",
    "info" : "ExpressionStatement[4675-4707]:ExpressionStatement[4699-4731]"
  }, {
    "left" : "txt = txt.replaceAll(\"r\", \"2\");",
    "right" : "txt = txt.replaceAll(\"r\", \"2\");",
    "info" : "ExpressionStatement[4793-4824]:ExpressionStatement[4817-4848]"
  }, {
    "left" : "txt = txt.replaceAll(\"l3\", \"L3\");",
    "right" : "txt = txt.replaceAll(\"l3\", \"L3\");",
    "info" : "ExpressionStatement[4833-4866]:ExpressionStatement[4857-4890]"
  }, {
    "left" : "txt = txt.replaceAll(\"l$\", \"3\");",
    "right" : "txt = txt.replaceAll(\"l$\", \"3\");",
    "info" : "ExpressionStatement[4875-4907]:ExpressionStatement[4899-4931]"
  }, {
    "left" : "txt = txt.replaceAll(\"l\", \"2\");",
    "right" : "txt = txt.replaceAll(\"l\", \"2\");",
    "info" : "ExpressionStatement[4993-5024]:ExpressionStatement[5017-5048]"
  }, {
    "left" : "txt = txt.replaceAll(\"2\", \"\");",
    "right" : "txt = txt.replaceAll(\"2\", \"\");",
    "info" : "ExpressionStatement[5241-5271]:ExpressionStatement[5265-5295]"
  }, {
    "left" : "txt = txt.replaceAll(\"3$\", \"A\");",
    "right" : "txt = txt.replaceAll(\"3$\", \"A\");",
    "info" : "ExpressionStatement[5280-5312]:ExpressionStatement[5304-5336]"
  }, {
    "left" : "txt = txt.replaceAll(\"3\", \"\");",
    "right" : "txt = txt.replaceAll(\"3\", \"\");",
    "info" : "ExpressionStatement[5339-5369]:ExpressionStatement[5363-5393]"
  }, {
    "left" : "txt = txt + \"111111\" + \"1111\";",
    "right" : "txt = txt + \"111111\" + \"1111\";",
    "info" : "ExpressionStatement[5415-5445]:ExpressionStatement[5439-5469]"
  }, {
    "left" : "return txt.substring(0, 10);",
    "right" : "return txt.substring(0, 10);",
    "info" : "ReturnStatement[5539-5567]:ReturnStatement[5563-5591]"
  }, {
    "left" : "public",
    "right" : "public",
    "info" : "Modifier[6192-6198]:Modifier[6216-6222]"
  }, {
    "left" : "Object",
    "right" : "Object",
    "info" : "SimpleType[6199-6205]:SimpleType[6223-6229]"
  }, {
    "left" : "encode",
    "right" : "encode",
    "info" : "SimpleName[6206-6212]:SimpleName[6230-6236]"
  }, {
    "left" : "Object pObject",
    "right" : "Object pObject",
    "info" : "SingleVariableDeclaration[6213-6227]:SingleVariableDeclaration[6237-6251]"
  }, {
    "left" : "EncoderException",
    "right" : "EncoderException",
    "info" : "SimpleType[6236-6252]:SimpleType[6260-6276]"
  }, {
    "left" : "{}",
    "right" : "{}",
    "info" : "Block[6253-6485]:Block[6277-6509]"
  }, {
    "left" : "if (!(pObject instanceof java.lang.String))",
    "right" : "if (!(pObject instanceof java.lang.String))",
    "info" : "IfStatement[6263-6434]:IfStatement[6287-6458]"
  }, {
    "left" : "{}",
    "right" : "{}",
    "info" : "Block[6307-6434]:Block[6331-6458]"
  }, {
    "left" : "throw new EncoderException(\"Parameter supplied to Caverphone encode is not of type java.lang.String\");",
    "right" : "throw new EncoderException(\"Parameter supplied to Caverphone encode is not of type java.lang.String\");",
    "info" : "ThrowStatement[6321-6423]:ThrowStatement[6345-6447]"
  }, {
    "left" : "return caverphone((String) pObject);",
    "right" : "return caverphone((String) pObject);",
    "info" : "ReturnStatement[6443-6479]:ReturnStatement[6467-6503]"
  }, {
    "left" : "public",
    "right" : "public",
    "info" : "Modifier[6689-6695]:Modifier[6713-6719]"
  }, {
    "left" : "String",
    "right" : "String",
    "info" : "SimpleType[6696-6702]:SimpleType[6720-6726]"
  }, {
    "left" : "encode",
    "right" : "encode",
    "info" : "SimpleName[6703-6709]:SimpleName[6727-6733]"
  }, {
    "left" : "String pString",
    "right" : "String pString",
    "info" : "SingleVariableDeclaration[6710-6724]:SingleVariableDeclaration[6734-6748]"
  }, {
    "left" : "{}",
    "right" : "{}",
    "info" : "Block[6726-6772]:Block[6750-6796]"
  }, {
    "left" : "return caverphone(pString);",
    "right" : "return caverphone(pString);",
    "info" : "ReturnStatement[6736-6763]:ReturnStatement[6760-6787]"
  }, {
    "left" : "public",
    "right" : "public",
    "info" : "Modifier[7095-7101]:Modifier[7119-7125]"
  }, {
    "left" : "boolean",
    "right" : "boolean",
    "info" : "PrimitiveType[7102-7109]:PrimitiveType[7126-7133]"
  }, {
    "left" : "isCaverphoneEqual",
    "right" : "isCaverphoneEqual",
    "info" : "SimpleName[7110-7127]:SimpleName[7134-7151]"
  }, {
    "left" : "String str1",
    "right" : "String str1",
    "info" : "SingleVariableDeclaration[7128-7139]:SingleVariableDeclaration[7152-7163]"
  }, {
    "left" : "String str2",
    "right" : "String str2",
    "info" : "SingleVariableDeclaration[7141-7152]:SingleVariableDeclaration[7165-7176]"
  }, {
    "left" : "{}",
    "right" : "{}",
    "info" : "Block[7154-7219]:Block[7178-7243]"
  }, {
    "left" : "return caverphone(str1).equals(caverphone(str2));",
    "right" : "return caverphone(str1).equals(caverphone(str2));",
    "info" : "ReturnStatement[7164-7213]:ReturnStatement[7188-7237]"
  } ]
}