{
  "matchedElements" : [
 {
    "left" : "class : JsonPointer",
    "right" : "class : JsonPointer",
    "info" : "TypeDeclaration[88-8714]:TypeDeclaration[88-8883]"
  }, {
    "left" : "EMPTY",
    "right" : "EMPTY",
    "info" : "FieldDeclaration[605-777]:FieldDeclaration[605-777]"
  }, {
    "left" : "_nextSegment",
    "right" : "_nextSegment",
    "info" : "FieldDeclaration[787-993]:FieldDeclaration[787-993]"
  }, {
    "left" : "_asString",
    "right" : "_asString",
    "info" : "FieldDeclaration[1003-1187]:FieldDeclaration[1003-1187]"
  }, {
    "left" : "_matchingPropertyName",
    "right" : "_matchingPropertyName",
    "info" : "FieldDeclaration[1197-1242]:FieldDeclaration[1197-1242]"
  }, {
    "left" : "_matchingElementIndex",
    "right" : "_matchingElementIndex",
    "info" : "FieldDeclaration[1248-1290]:FieldDeclaration[1248-1290]"
  }, {
    "left" : "protected JsonPointer()",
    "right" : "protected JsonPointer()",
    "info" : "MethodDeclaration[1464-1749]:MethodDeclaration[1464-1749]"
  }, {
    "left" : "protected JsonPointer(fullString , segment , next )",
    "right" : "protected JsonPointer(fullString , segment , next )",
    "info" : "MethodDeclaration[1755-2105]:MethodDeclaration[1755-2105]"
  }, {
    "left" : "public compile(input ) : ",
    "right" : "public compile(input ) : ",
    "info" : "MethodDeclaration[2286-3208]:MethodDeclaration[2286-3208]"
  }, {
    "left" : "public valueOf(input ) : ",
    "right" : "public valueOf(input ) : ",
    "info" : "MethodDeclaration[3214-3420]:MethodDeclaration[3214-3420]"
  }, {
    "left" : "public matches() : boolean",
    "right" : "public matches() : boolean",
    "info" : "MethodDeclaration[4172-4229]:MethodDeclaration[4172-4229]"
  }, {
    "left" : "public getMatchingProperty() : ",
    "right" : "public getMatchingProperty() : ",
    "info" : "MethodDeclaration[4234-4303]:MethodDeclaration[4234-4303]"
  }, {
    "left" : "public getMatchingIndex() : int",
    "right" : "public getMatchingIndex() : int",
    "info" : "MethodDeclaration[4308-4371]:MethodDeclaration[4308-4371]"
  }, {
    "left" : "public mayMatchProperty() : boolean",
    "right" : "public mayMatchProperty() : boolean",
    "info" : "MethodDeclaration[4376-4451]:MethodDeclaration[4376-4451]"
  }, {
    "left" : "public mayMatchElement() : boolean",
    "right" : "public mayMatchElement() : boolean",
    "info" : "MethodDeclaration[4456-4527]:MethodDeclaration[4456-4527]"
  }, {
    "left" : "public matchProperty(name ) : ",
    "right" : "public matchProperty(name ) : ",
    "info" : "MethodDeclaration[4533-4725]:MethodDeclaration[4533-4725]"
  }, {
    "left" : "public matchElement(index int) : ",
    "right" : "public matchElement(index int) : ",
    "info" : "MethodDeclaration[4731-4909]:MethodDeclaration[4731-4909]"
  }, {
    "left" : "public tail() : ",
    "right" : "public tail() : ",
    "info" : "MethodDeclaration[4915-5132]:MethodDeclaration[4915-5132]"
  }, {
    "left" : "public toString() : ",
    "right" : "public toString() : ",
    "info" : "MethodDeclaration[5319-5375]:MethodDeclaration[5319-5375]"
  }, {
    "left" : "public hashCode() : int",
    "right" : "public hashCode() : int",
    "info" : "MethodDeclaration[5380-5444]:MethodDeclaration[5380-5444]"
  }, {
    "left" : "public equals(o ) : boolean",
    "right" : "public equals(o ) : boolean",
    "info" : "MethodDeclaration[5450-5689]:MethodDeclaration[5450-5689]"
  }, {
    "left" : "private _parseIndex(str ) : int",
    "right" : "private _parseIndex(str ) : int",
    "info" : "MethodDeclaration[5867-6585]:MethodDeclaration[5867-6754]"
  }, {
    "left" : "protected _parseTail(input ) : ",
    "right" : "protected _parseTail(input ) : ",
    "info" : "MethodDeclaration[6595-7366]:MethodDeclaration[6764-7535]"
  }, {
    "left" : "protected _parseQuotedTail(input , i int) : ",
    "right" : "protected _parseQuotedTail(input , i int) : ",
    "info" : "MethodDeclaration[7372-8461]:MethodDeclaration[7541-8630]"
  }, {
    "left" : "private _appendEscape(sb , c char) : void",
    "right" : "private _appendEscape(sb , c char) : void",
    "info" : "MethodDeclaration[8471-8712]:MethodDeclaration[8640-8881]"
  } ],
  "mappings" : [
 {
    "left" : "public",
    "right" : "public",
    "info" : "Modifier[574-580]:Modifier[574-580]"
  }, {
    "left" : "class",
    "right" : "class",
    "info" : "TYPE_DECLARATION_KIND[581-586]:TYPE_DECLARATION_KIND[581-586]"
  }, {
    "left" : "protected",
    "right" : "protected",
    "info" : "Modifier[1593-1602]:Modifier[1593-1602]"
  }, {
    "left" : "JsonPointer",
    "right" : "JsonPointer",
    "info" : "SimpleName[1603-1614]:SimpleName[1603-1614]"
  }, {
    "left" : "{}",
    "right" : "{}",
    "info" : "Block[1617-1749]:Block[1617-1749]"
  }, {
    "left" : "_nextSegment = null;",
    "right" : "_nextSegment = null;",
    "info" : "ExpressionStatement[1627-1647]:ExpressionStatement[1627-1647]"
  }, {
    "left" : "_matchingPropertyName = \"\";",
    "right" : "_matchingPropertyName = \"\";",
    "info" : "ExpressionStatement[1656-1683]:ExpressionStatement[1656-1683]"
  }, {
    "left" : "_matchingElementIndex = -1;",
    "right" : "_matchingElementIndex = -1;",
    "info" : "ExpressionStatement[1692-1719]:ExpressionStatement[1692-1719]"
  }, {
    "left" : "_asString = \"\";",
    "right" : "_asString = \"\";",
    "info" : "ExpressionStatement[1728-1743]:ExpressionStatement[1728-1743]"
  }, {
    "left" : "protected",
    "right" : "protected",
    "info" : "Modifier[1827-1836]:Modifier[1827-1836]"
  }, {
    "left" : "JsonPointer",
    "right" : "JsonPointer",
    "info" : "SimpleName[1837-1848]:SimpleName[1837-1848]"
  }, {
    "left" : "String fullString",
    "right" : "String fullString",
    "info" : "SingleVariableDeclaration[1849-1866]:SingleVariableDeclaration[1849-1866]"
  }, {
    "left" : "String segment",
    "right" : "String segment",
    "info" : "SingleVariableDeclaration[1868-1882]:SingleVariableDeclaration[1868-1882]"
  }, {
    "left" : "JsonPointer next",
    "right" : "JsonPointer next",
    "info" : "SingleVariableDeclaration[1884-1900]:SingleVariableDeclaration[1884-1900]"
  }, {
    "left" : "{}",
    "right" : "{}",
    "info" : "Block[1902-2105]:Block[1902-2105]"
  }, {
    "left" : "_asString = fullString;",
    "right" : "_asString = fullString;",
    "info" : "ExpressionStatement[1912-1935]:ExpressionStatement[1912-1935]"
  }, {
    "left" : "_nextSegment = next;",
    "right" : "_nextSegment = next;",
    "info" : "ExpressionStatement[1944-1964]:ExpressionStatement[1944-1964]"
  }, {
    "left" : "_matchingPropertyName = segment;",
    "right" : "_matchingPropertyName = segment;",
    "info" : "ExpressionStatement[2013-2045]:ExpressionStatement[2013-2045]"
  }, {
    "left" : "_matchingElementIndex = _parseIndex(segment);",
    "right" : "_matchingElementIndex = _parseIndex(segment);",
    "info" : "ExpressionStatement[2054-2099]:ExpressionStatement[2054-2099]"
  }, {
    "left" : "public",
    "right" : "public",
    "info" : "Modifier[2714-2720]:Modifier[2714-2720]"
  }, {
    "left" : "static",
    "right" : "static",
    "info" : "Modifier[2721-2727]:Modifier[2721-2727]"
  }, {
    "left" : "JsonPointer",
    "right" : "JsonPointer",
    "info" : "SimpleType[2728-2739]:SimpleType[2728-2739]"
  }, {
    "left" : "compile",
    "right" : "compile",
    "info" : "SimpleName[2740-2747]:SimpleName[2740-2747]"
  }, {
    "left" : "String input",
    "right" : "String input",
    "info" : "SingleVariableDeclaration[2748-2760]:SingleVariableDeclaration[2748-2760]"
  }, {
    "left" : "IllegalArgumentException",
    "right" : "IllegalArgumentException",
    "info" : "SimpleType[2769-2793]:SimpleType[2769-2793]"
  }, {
    "left" : "{}",
    "right" : "{}",
    "info" : "Block[2798-3208]:Block[2798-3208]"
  }, {
    "left" : "if ((input == null) || input.length() == 0)",
    "right" : "if ((input == null) || input.length() == 0)",
    "info" : "IfStatement[2869-2950]:IfStatement[2869-2950]"
  }, {
    "left" : "{}",
    "right" : "{}",
    "info" : "Block[2913-2950]:Block[2913-2950]"
  }, {
    "left" : "return EMPTY;",
    "right" : "return EMPTY;",
    "info" : "ReturnStatement[2927-2940]:ReturnStatement[2927-2940]"
  }, {
    "left" : "if (input.charAt(0) != '/')",
    "right" : "if (input.charAt(0) != '/')",
    "info" : "IfStatement[3001-3168]:IfStatement[3001-3168]"
  }, {
    "left" : "{}",
    "right" : "{}",
    "info" : "Block[3029-3168]:Block[3029-3168]"
  }, {
    "left" : "throw new IllegalArgumentException(\"Invalid input: JSON Pointer expression must start with '/': \"+\"\\\"\"+input+\"\\\"\");",
    "right" : "throw new IllegalArgumentException(\"Invalid input: JSON Pointer expression must start with '/': \"+\"\\\"\"+input+\"\\\"\");",
    "info" : "ThrowStatement[3043-3158]:ThrowStatement[3043-3158]"
  }, {
    "left" : "return _parseTail(input);",
    "right" : "return _parseTail(input);",
    "info" : "ReturnStatement[3177-3202]:ReturnStatement[3177-3202]"
  }, {
    "left" : "public",
    "right" : "public",
    "info" : "Modifier[3346-3352]:Modifier[3346-3352]"
  }, {
    "left" : "static",
    "right" : "static",
    "info" : "Modifier[3353-3359]:Modifier[3353-3359]"
  }, {
    "left" : "JsonPointer",
    "right" : "JsonPointer",
    "info" : "SimpleType[3360-3371]:SimpleType[3360-3371]"
  }, {
    "left" : "valueOf",
    "right" : "valueOf",
    "info" : "SimpleName[3372-3379]:SimpleName[3372-3379]"
  }, {
    "left" : "String input",
    "right" : "String input",
    "info" : "SingleVariableDeclaration[3380-3392]:SingleVariableDeclaration[3380-3392]"
  }, {
    "left" : "{}",
    "right" : "{}",
    "info" : "Block[3394-3420]:Block[3394-3420]"
  }, {
    "left" : "return compile(input);",
    "right" : "return compile(input);",
    "info" : "ReturnStatement[3396-3418]:ReturnStatement[3396-3418]"
  }, {
    "left" : "public",
    "right" : "public",
    "info" : "Modifier[4172-4178]:Modifier[4172-4178]"
  }, {
    "left" : "boolean",
    "right" : "boolean",
    "info" : "PrimitiveType[4179-4186]:PrimitiveType[4179-4186]"
  }, {
    "left" : "matches",
    "right" : "matches",
    "info" : "SimpleName[4187-4194]:SimpleName[4187-4194]"
  }, {
    "left" : "{}",
    "right" : "{}",
    "info" : "Block[4197-4229]:Block[4197-4229]"
  }, {
    "left" : "return _nextSegment == null;",
    "right" : "return _nextSegment == null;",
    "info" : "ReturnStatement[4199-4227]:ReturnStatement[4199-4227]"
  }, {
    "left" : "public",
    "right" : "public",
    "info" : "Modifier[4234-4240]:Modifier[4234-4240]"
  }, {
    "left" : "String",
    "right" : "String",
    "info" : "SimpleType[4241-4247]:SimpleType[4241-4247]"
  }, {
    "left" : "getMatchingProperty",
    "right" : "getMatchingProperty",
    "info" : "SimpleName[4248-4267]:SimpleName[4248-4267]"
  }, {
    "left" : "{}",
    "right" : "{}",
    "info" : "Block[4270-4303]:Block[4270-4303]"
  }, {
    "left" : "return _matchingPropertyName;",
    "right" : "return _matchingPropertyName;",
    "info" : "ReturnStatement[4272-4301]:ReturnStatement[4272-4301]"
  }, {
    "left" : "public",
    "right" : "public",
    "info" : "Modifier[4308-4314]:Modifier[4308-4314]"
  }, {
    "left" : "int",
    "right" : "int",
    "info" : "PrimitiveType[4315-4318]:PrimitiveType[4315-4318]"
  }, {
    "left" : "getMatchingIndex",
    "right" : "getMatchingIndex",
    "info" : "SimpleName[4319-4335]:SimpleName[4319-4335]"
  }, {
    "left" : "{}",
    "right" : "{}",
    "info" : "Block[4338-4371]:Block[4338-4371]"
  }, {
    "left" : "return _matchingElementIndex;",
    "right" : "return _matchingElementIndex;",
    "info" : "ReturnStatement[4340-4369]:ReturnStatement[4340-4369]"
  }, {
    "left" : "public",
    "right" : "public",
    "info" : "Modifier[4376-4382]:Modifier[4376-4382]"
  }, {
    "left" : "boolean",
    "right" : "boolean",
    "info" : "PrimitiveType[4383-4390]:PrimitiveType[4383-4390]"
  }, {
    "left" : "mayMatchProperty",
    "right" : "mayMatchProperty",
    "info" : "SimpleName[4391-4407]:SimpleName[4391-4407]"
  }, {
    "left" : "{}",
    "right" : "{}",
    "info" : "Block[4410-4451]:Block[4410-4451]"
  }, {
    "left" : "return _matchingPropertyName != null;",
    "right" : "return _matchingPropertyName != null;",
    "info" : "ReturnStatement[4412-4449]:ReturnStatement[4412-4449]"
  }, {
    "left" : "public",
    "right" : "public",
    "info" : "Modifier[4456-4462]:Modifier[4456-4462]"
  }, {
    "left" : "boolean",
    "right" : "boolean",
    "info" : "PrimitiveType[4463-4470]:PrimitiveType[4463-4470]"
  }, {
    "left" : "mayMatchElement",
    "right" : "mayMatchElement",
    "info" : "SimpleName[4471-4486]:SimpleName[4471-4486]"
  }, {
    "left" : "{}",
    "right" : "{}",
    "info" : "Block[4489-4527]:Block[4489-4527]"
  }, {
    "left" : "return _matchingElementIndex >= 0;",
    "right" : "return _matchingElementIndex >= 0;",
    "info" : "ReturnStatement[4491-4525]:ReturnStatement[4491-4525]"
  }, {
    "left" : "public",
    "right" : "public",
    "info" : "Modifier[4533-4539]:Modifier[4533-4539]"
  }, {
    "left" : "JsonPointer",
    "right" : "JsonPointer",
    "info" : "SimpleType[4540-4551]:SimpleType[4540-4551]"
  }, {
    "left" : "matchProperty",
    "right" : "matchProperty",
    "info" : "SimpleName[4552-4565]:SimpleName[4552-4565]"
  }, {
    "left" : "String name",
    "right" : "String name",
    "info" : "SingleVariableDeclaration[4566-4577]:SingleVariableDeclaration[4566-4577]"
  }, {
    "left" : "{}",
    "right" : "{}",
    "info" : "Block[4579-4725]:Block[4579-4725]"
  }, {
    "left" : "if (_nextSegment == null || !_matchingPropertyName.equals(name))",
    "right" : "if (_nextSegment == null || !_matchingPropertyName.equals(name))",
    "info" : "IfStatement[4589-4690]:IfStatement[4589-4690]"
  }, {
    "left" : "{}",
    "right" : "{}",
    "info" : "Block[4654-4690]:Block[4654-4690]"
  }, {
    "left" : "return null;",
    "right" : "return null;",
    "info" : "ReturnStatement[4668-4680]:ReturnStatement[4668-4680]"
  }, {
    "left" : "return _nextSegment;",
    "right" : "return _nextSegment;",
    "info" : "ReturnStatement[4699-4719]:ReturnStatement[4699-4719]"
  }, {
    "left" : "public",
    "right" : "public",
    "info" : "Modifier[4731-4737]:Modifier[4731-4737]"
  }, {
    "left" : "JsonPointer",
    "right" : "JsonPointer",
    "info" : "SimpleType[4738-4749]:SimpleType[4738-4749]"
  }, {
    "left" : "matchElement",
    "right" : "matchElement",
    "info" : "SimpleName[4750-4762]:SimpleName[4750-4762]"
  }, {
    "left" : "int index",
    "right" : "int index",
    "info" : "SingleVariableDeclaration[4764-4773]:SingleVariableDeclaration[4764-4773]"
  }, {
    "left" : "{}",
    "right" : "{}",
    "info" : "Block[4775-4909]:Block[4775-4909]"
  }, {
    "left" : "if ((index != _matchingElementIndex) || (index < 0))",
    "right" : "if ((index != _matchingElementIndex) || (index < 0))",
    "info" : "IfStatement[4785-4874]:IfStatement[4785-4874]"
  }, {
    "left" : "{}",
    "right" : "{}",
    "info" : "Block[4838-4874]:Block[4838-4874]"
  }, {
    "left" : "return null;",
    "right" : "return null;",
    "info" : "ReturnStatement[4852-4864]:ReturnStatement[4852-4864]"
  }, {
    "left" : "return _nextSegment;",
    "right" : "return _nextSegment;",
    "info" : "ReturnStatement[4883-4903]:ReturnStatement[4883-4903]"
  }, {
    "left" : "public",
    "right" : "public",
    "info" : "Modifier[5070-5076]:Modifier[5070-5076]"
  }, {
    "left" : "JsonPointer",
    "right" : "JsonPointer",
    "info" : "SimpleType[5077-5088]:SimpleType[5077-5088]"
  }, {
    "left" : "tail",
    "right" : "tail",
    "info" : "SimpleName[5089-5093]:SimpleName[5089-5093]"
  }, {
    "left" : "{}",
    "right" : "{}",
    "info" : "Block[5096-5132]:Block[5096-5132]"
  }, {
    "left" : "return _nextSegment;",
    "right" : "return _nextSegment;",
    "info" : "ReturnStatement[5106-5126]:ReturnStatement[5106-5126]"
  }, {
    "left" : "@Override",
    "right" : "@Override",
    "info" : "MarkerAnnotation[5319-5328]:MarkerAnnotation[5319-5328]"
  }, {
    "left" : "public",
    "right" : "public",
    "info" : "Modifier[5329-5335]:Modifier[5329-5335]"
  }, {
    "left" : "String",
    "right" : "String",
    "info" : "SimpleType[5336-5342]:SimpleType[5336-5342]"
  }, {
    "left" : "toString",
    "right" : "toString",
    "info" : "SimpleName[5343-5351]:SimpleName[5343-5351]"
  }, {
    "left" : "{}",
    "right" : "{}",
    "info" : "Block[5354-5375]:Block[5354-5375]"
  }, {
    "left" : "return _asString;",
    "right" : "return _asString;",
    "info" : "ReturnStatement[5356-5373]:ReturnStatement[5356-5373]"
  }, {
    "left" : "@Override",
    "right" : "@Override",
    "info" : "MarkerAnnotation[5380-5389]:MarkerAnnotation[5380-5389]"
  }, {
    "left" : "public",
    "right" : "public",
    "info" : "Modifier[5390-5396]:Modifier[5390-5396]"
  }, {
    "left" : "int",
    "right" : "int",
    "info" : "PrimitiveType[5397-5400]:PrimitiveType[5397-5400]"
  }, {
    "left" : "hashCode",
    "right" : "hashCode",
    "info" : "SimpleName[5401-5409]:SimpleName[5401-5409]"
  }, {
    "left" : "{}",
    "right" : "{}",
    "info" : "Block[5412-5444]:Block[5412-5444]"
  }, {
    "left" : "return _asString.hashCode();",
    "right" : "return _asString.hashCode();",
    "info" : "ReturnStatement[5414-5442]:ReturnStatement[5414-5442]"
  }, {
    "left" : "@Override",
    "right" : "@Override",
    "info" : "MarkerAnnotation[5450-5459]:MarkerAnnotation[5450-5459]"
  }, {
    "left" : "public",
    "right" : "public",
    "info" : "Modifier[5460-5466]:Modifier[5460-5466]"
  }, {
    "left" : "boolean",
    "right" : "boolean",
    "info" : "PrimitiveType[5467-5474]:PrimitiveType[5467-5474]"
  }, {
    "left" : "equals",
    "right" : "equals",
    "info" : "SimpleName[5475-5481]:SimpleName[5475-5481]"
  }, {
    "left" : "Object o",
    "right" : "Object o",
    "info" : "SingleVariableDeclaration[5482-5490]:SingleVariableDeclaration[5482-5490]"
  }, {
    "left" : "{}",
    "right" : "{}",
    "info" : "Block[5492-5689]:Block[5492-5689]"
  }, {
    "left" : "if (o == this)",
    "right" : "if (o == this)",
    "info" : "IfStatement[5502-5529]:IfStatement[5502-5529]"
  }, {
    "left" : "return true;",
    "right" : "return true;",
    "info" : "ReturnStatement[5517-5529]:ReturnStatement[5517-5529]"
  }, {
    "left" : "if (o == null)",
    "right" : "if (o == null)",
    "info" : "IfStatement[5538-5566]:IfStatement[5538-5566]"
  }, {
    "left" : "return false;",
    "right" : "return false;",
    "info" : "ReturnStatement[5553-5566]:ReturnStatement[5553-5566]"
  }, {
    "left" : "if (!(o instanceof JsonPointer))",
    "right" : "if (!(o instanceof JsonPointer))",
    "info" : "IfStatement[5575-5621]:IfStatement[5575-5621]"
  }, {
    "left" : "return false;",
    "right" : "return false;",
    "info" : "ReturnStatement[5608-5621]:ReturnStatement[5608-5621]"
  }, {
    "left" : "return _asString.equals(((JsonPointer) o)._asString);",
    "right" : "return _asString.equals(((JsonPointer) o)._asString);",
    "info" : "ReturnStatement[5630-5683]:ReturnStatement[5630-5683]"
  }, {
    "left" : "private",
    "right" : "private",
    "info" : "Modifier[5867-5874]:Modifier[5867-5874]"
  }, {
    "left" : "final",
    "right" : "final",
    "info" : "Modifier[5875-5880]:Modifier[5875-5880]"
  }, {
    "left" : "static",
    "right" : "static",
    "info" : "Modifier[5881-5887]:Modifier[5881-5887]"
  }, {
    "left" : "int",
    "right" : "int",
    "info" : "PrimitiveType[5888-5891]:PrimitiveType[5888-5891]"
  }, {
    "left" : "_parseIndex",
    "right" : "_parseIndex",
    "info" : "SimpleName[5892-5903]:SimpleName[5892-5903]"
  }, {
    "left" : "String str",
    "right" : "String str",
    "info" : "SingleVariableDeclaration[5904-5914]:SingleVariableDeclaration[5904-5914]"
  }, {
    "left" : "{}",
    "right" : "{}",
    "info" : "Block[5916-6585]:Block[5916-6754]"
  }, {
    "left" : "final int len = str.length();",
    "right" : "final int len = str.length();",
    "info" : "VariableDeclarationStatement[5926-5955]:VariableDeclarationStatement[5926-5955]"
  }, {
    "left" : "if (len == 0 || len > 10)",
    "right" : "if (len == 0 || len > 10)",
    "info" : "IfStatement[6097-6157]:IfStatement[6097-6157]"
  }, {
    "left" : "{}",
    "right" : "{}",
    "info" : "Block[6123-6157]:Block[6123-6157]"
  }, {
    "left" : "return -1;",
    "right" : "return -1;",
    "info" : "ReturnStatement[6137-6147]:ReturnStatement[6137-6147]"
  }, {
    "left" : "for (int i = 0; i < len; ++i)",
    "right" : "for (int i = 1; i < len; ++i)",
    "info" : "ForStatement[6215-6371]:ForStatement[6389-6540]"
  }, {
    "left" : "0",
    "right" : "1",
    "info" : "NumberLiteral[6228-6229]:NumberLiteral[6402-6403]"
  }, {
    "left" : "{}",
    "right" : "{}",
    "info" : "Block[6245-6371]:Block[6419-6540]"
  }, {
    "left" : "str.charAt(i)",
    "right" : "str.charAt(i)",
    "info" : "MethodInvocation[6268-6281]:MethodInvocation[6437-6450]"
  }, {
    "left" : "if (c > '9' || c < '0')",
    "right" : "if (c > '9' || c < '0')",
    "info" : "IfStatement[6295-6361]:IfStatement[6464-6530]"
  }, {
    "left" : "{}",
    "right" : "{}",
    "info" : "Block[6319-6361]:Block[6488-6530]"
  }, {
    "left" : "return -1;",
    "right" : "return -1;",
    "info" : "ReturnStatement[6337-6347]:ReturnStatement[6506-6516]"
  }, {
    "left" : "if (len == 10)",
    "right" : "if (len == 10)",
    "info" : "IfStatement[6380-6537]:IfStatement[6549-6706]"
  }, {
    "left" : "{}",
    "right" : "{}",
    "info" : "Block[6395-6537]:Block[6564-6706]"
  }, {
    "left" : "long l = NumberInput.parseLong(str);",
    "right" : "long l = NumberInput.parseLong(str);",
    "info" : "VariableDeclarationStatement[6409-6445]:VariableDeclarationStatement[6578-6614]"
  }, {
    "left" : "if (l > Integer.MAX_VALUE)",
    "right" : "if (l > Integer.MAX_VALUE)",
    "info" : "IfStatement[6458-6527]:IfStatement[6627-6696]"
  }, {
    "left" : "{}",
    "right" : "{}",
    "info" : "Block[6485-6527]:Block[6654-6696]"
  }, {
    "left" : "return -1;",
    "right" : "return -1;",
    "info" : "ReturnStatement[6503-6513]:ReturnStatement[6672-6682]"
  }, {
    "left" : "return NumberInput.parseInt(str);",
    "right" : "return NumberInput.parseInt(str);",
    "info" : "ReturnStatement[6546-6579]:ReturnStatement[6715-6748]"
  }, {
    "left" : "protected",
    "right" : "protected",
    "info" : "Modifier[6595-6604]:Modifier[6764-6773]"
  }, {
    "left" : "static",
    "right" : "static",
    "info" : "Modifier[6605-6611]:Modifier[6774-6780]"
  }, {
    "left" : "JsonPointer",
    "right" : "JsonPointer",
    "info" : "SimpleType[6612-6623]:SimpleType[6781-6792]"
  }, {
    "left" : "_parseTail",
    "right" : "_parseTail",
    "info" : "SimpleName[6624-6634]:SimpleName[6793-6803]"
  }, {
    "left" : "String input",
    "right" : "String input",
    "info" : "SingleVariableDeclaration[6635-6647]:SingleVariableDeclaration[6804-6816]"
  }, {
    "left" : "{}",
    "right" : "{}",
    "info" : "Block[6649-7366]:Block[6818-7535]"
  }, {
    "left" : "final int end = input.length();",
    "right" : "final int end = input.length();",
    "info" : "VariableDeclarationStatement[6659-6690]:VariableDeclarationStatement[6828-6859]"
  }, {
    "left" : "for (int i = 1; i < end)",
    "right" : "for (int i = 1; i < end)",
    "info" : "ForStatement[6752-7255]:ForStatement[6921-7424]"
  }, {
    "left" : "{}",
    "right" : "{}",
    "info" : "Block[6779-7255]:Block[6948-7424]"
  }, {
    "left" : "char c = input.charAt(i);",
    "right" : "char c = input.charAt(i);",
    "info" : "VariableDeclarationStatement[6793-6818]:VariableDeclarationStatement[6962-6987]"
  }, {
    "left" : "if (c == '/')",
    "right" : "if (c == '/')",
    "info" : "IfStatement[6831-7016]:IfStatement[7000-7185]"
  }, {
    "left" : "{}",
    "right" : "{}",
    "info" : "Block[6845-7016]:Block[7014-7185]"
  }, {
    "left" : "return new JsonPointer(input, input.substring(1, i),\n                        _parseTail(input.substring(i)));",
    "right" : "return new JsonPointer(input, input.substring(1, i),\n                        _parseTail(input.substring(i)));",
    "info" : "ReturnStatement[6893-7002]:ReturnStatement[7062-7171]"
  }, {
    "left" : "++i;",
    "right" : "++i;",
    "info" : "ExpressionStatement[7029-7033]:ExpressionStatement[7198-7202]"
  }, {
    "left" : "if (c == '~' && i < end)",
    "right" : "if (c == '~' && i < end)",
    "info" : "IfStatement[7101-7211]:IfStatement[7270-7380]"
  }, {
    "left" : "{}",
    "right" : "{}",
    "info" : "Block[7126-7211]:Block[7295-7380]"
  }, {
    "left" : "return _parseQuotedTail(input, i);",
    "right" : "return _parseQuotedTail(input, i);",
    "info" : "ReturnStatement[7163-7197]:ReturnStatement[7332-7366]"
  }, {
    "left" : "return new JsonPointer(input, input.substring(1), EMPTY);",
    "right" : "return new JsonPointer(input, input.substring(1), EMPTY);",
    "info" : "ReturnStatement[7303-7360]:ReturnStatement[7472-7529]"
  }, {
    "left" : "protected",
    "right" : "protected",
    "info" : "Modifier[7612-7621]:Modifier[7781-7790]"
  }, {
    "left" : "static",
    "right" : "static",
    "info" : "Modifier[7622-7628]:Modifier[7791-7797]"
  }, {
    "left" : "JsonPointer",
    "right" : "JsonPointer",
    "info" : "SimpleType[7629-7640]:SimpleType[7798-7809]"
  }, {
    "left" : "_parseQuotedTail",
    "right" : "_parseQuotedTail",
    "info" : "SimpleName[7641-7657]:SimpleName[7810-7826]"
  }, {
    "left" : "String input",
    "right" : "String input",
    "info" : "SingleVariableDeclaration[7658-7670]:SingleVariableDeclaration[7827-7839]"
  }, {
    "left" : "int i",
    "right" : "int i",
    "info" : "SingleVariableDeclaration[7672-7677]:SingleVariableDeclaration[7841-7846]"
  }, {
    "left" : "{}",
    "right" : "{}",
    "info" : "Block[7679-8461]:Block[7848-8630]"
  }, {
    "left" : "final int end = input.length();",
    "right" : "final int end = input.length();",
    "info" : "VariableDeclarationStatement[7689-7720]:VariableDeclarationStatement[7858-7889]"
  }, {
    "left" : "StringBuilder sb = new StringBuilder(Math.max(16, end));",
    "right" : "StringBuilder sb = new StringBuilder(Math.max(16, end));",
    "info" : "VariableDeclarationStatement[7729-7785]:VariableDeclarationStatement[7898-7954]"
  }, {
    "left" : "if (i > 2)",
    "right" : "if (i > 2)",
    "info" : "IfStatement[7794-7854]:IfStatement[7963-8023]"
  }, {
    "left" : "{}",
    "right" : "{}",
    "info" : "Block[7805-7854]:Block[7974-8023]"
  }, {
    "left" : "sb.append(input, 1, i-1);",
    "right" : "sb.append(input, 1, i-1);",
    "info" : "ExpressionStatement[7819-7844]:ExpressionStatement[7988-8013]"
  }, {
    "left" : "_appendEscape(sb, input.charAt(i++));",
    "right" : "_appendEscape(sb, input.charAt(i++));",
    "info" : "ExpressionStatement[7863-7900]:ExpressionStatement[8032-8069]"
  }, {
    "left" : "while (i < end)",
    "right" : "while (i < end)",
    "info" : "WhileStatement[7909-8353]:WhileStatement[8078-8522]"
  }, {
    "left" : "{}",
    "right" : "{}",
    "info" : "Block[7925-8353]:Block[8094-8522]"
  }, {
    "left" : "char c = input.charAt(i);",
    "right" : "char c = input.charAt(i);",
    "info" : "VariableDeclarationStatement[7939-7964]:VariableDeclarationStatement[8108-8133]"
  }, {
    "left" : "if (c == '/')",
    "right" : "if (c == '/')",
    "info" : "IfStatement[7977-8167]:IfStatement[8146-8336]"
  }, {
    "left" : "{}",
    "right" : "{}",
    "info" : "Block[7991-8167]:Block[8160-8336]"
  }, {
    "left" : "return new JsonPointer(input, sb.toString(),\n                        _parseTail(input.substring(i)));",
    "right" : "return new JsonPointer(input, sb.toString(),\n                        _parseTail(input.substring(i)));",
    "info" : "ReturnStatement[8025-8126]:ReturnStatement[8194-8295]"
  }, {
    "left" : "++i;",
    "right" : "++i;",
    "info" : "ExpressionStatement[8180-8184]:ExpressionStatement[8349-8353]"
  }, {
    "left" : "if (c == '~' && i < end)",
    "right" : "if (c == '~' && i < end)",
    "info" : "IfStatement[8197-8317]:IfStatement[8366-8486]"
  }, {
    "left" : "{}",
    "right" : "{}",
    "info" : "Block[8222-8317]:Block[8391-8486]"
  }, {
    "left" : "_appendEscape(sb, input.charAt(i++));",
    "right" : "_appendEscape(sb, input.charAt(i++));",
    "info" : "ExpressionStatement[8240-8277]:ExpressionStatement[8409-8446]"
  }, {
    "left" : "continue;",
    "right" : "continue;",
    "info" : "ContinueStatement[8294-8303]:ContinueStatement[8463-8472]"
  }, {
    "left" : "sb.append(c);",
    "right" : "sb.append(c);",
    "info" : "ExpressionStatement[8330-8343]:ExpressionStatement[8499-8512]"
  }, {
    "left" : "return new JsonPointer(input, sb.toString(), EMPTY);",
    "right" : "return new JsonPointer(input, sb.toString(), EMPTY);",
    "info" : "ReturnStatement[8403-8455]:ReturnStatement[8572-8624]"
  }, {
    "left" : "private",
    "right" : "private",
    "info" : "Modifier[8471-8478]:Modifier[8640-8647]"
  }, {
    "left" : "static",
    "right" : "static",
    "info" : "Modifier[8479-8485]:Modifier[8648-8654]"
  }, {
    "left" : "void",
    "right" : "void",
    "info" : "PrimitiveType[8486-8490]:PrimitiveType[8655-8659]"
  }, {
    "left" : "_appendEscape",
    "right" : "_appendEscape",
    "info" : "SimpleName[8491-8504]:SimpleName[8660-8673]"
  }, {
    "left" : "StringBuilder sb",
    "right" : "StringBuilder sb",
    "info" : "SingleVariableDeclaration[8505-8521]:SingleVariableDeclaration[8674-8690]"
  }, {
    "left" : "char c",
    "right" : "char c",
    "info" : "SingleVariableDeclaration[8523-8529]:SingleVariableDeclaration[8692-8698]"
  }, {
    "left" : "{}",
    "right" : "{}",
    "info" : "Block[8531-8712]:Block[8700-8881]"
  }, {
    "left" : "if (c == '0')",
    "right" : "if (c == '0')",
    "info" : "IfStatement[8541-8684]:IfStatement[8710-8853]"
  }, {
    "left" : "{}",
    "right" : "{}",
    "info" : "Block[8555-8587]:Block[8724-8756]"
  }, {
    "left" : "c = '~';",
    "right" : "c = '~';",
    "info" : "ExpressionStatement[8569-8577]:ExpressionStatement[8738-8746]"
  }, {
    "left" : "if (c == '1')",
    "right" : "if (c == '1')",
    "info" : "IfStatement[8593-8684]:IfStatement[8762-8853]"
  }, {
    "left" : "{}",
    "right" : "{}",
    "info" : "Block[8607-8639]:Block[8776-8808]"
  }, {
    "left" : "c = '/';",
    "right" : "c = '/';",
    "info" : "ExpressionStatement[8621-8629]:ExpressionStatement[8790-8798]"
  }, {
    "left" : "{}",
    "right" : "{}",
    "info" : "Block[8645-8684]:Block[8814-8853]"
  }, {
    "left" : "sb.append('~');",
    "right" : "sb.append('~');",
    "info" : "ExpressionStatement[8659-8674]:ExpressionStatement[8828-8843]"
  }, {
    "left" : "sb.append(c);",
    "right" : "sb.append(c);",
    "info" : "ExpressionStatement[8693-8706]:ExpressionStatement[8862-8875]"
  } ]
}