{
  "matchedElements" : [
 {
    "left" : "class : TimePeriodValues",
    "right" : "class : TimePeriodValues",
    "info" : "TypeDeclaration[2465-18651]:TypeDeclaration[2465-18651]"
  }, {
    "left" : "serialVersionUID",
    "right" : "serialVersionUID",
    "info" : "FieldDeclaration[2868-2958]:FieldDeclaration[2868-2958]"
  }, {
    "left" : "DEFAULT_DOMAIN_DESCRIPTION",
    "right" : "DEFAULT_DOMAIN_DESCRIPTION",
    "info" : "FieldDeclaration[2970-3090]:FieldDeclaration[2970-3090]"
  }, {
    "left" : "DEFAULT_RANGE_DESCRIPTION",
    "right" : "DEFAULT_RANGE_DESCRIPTION",
    "info" : "FieldDeclaration[3098-3217]:FieldDeclaration[3098-3217]"
  }, {
    "left" : "domain",
    "right" : "domain",
    "info" : "FieldDeclaration[3225-3288]:FieldDeclaration[3225-3288]"
  }, {
    "left" : "range",
    "right" : "range",
    "info" : "FieldDeclaration[3296-3357]:FieldDeclaration[3296-3357]"
  }, {
    "left" : "data",
    "right" : "data",
    "info" : "FieldDeclaration[3365-3433]:FieldDeclaration[3365-3433]"
  }, {
    "left" : "minStartIndex",
    "right" : "minStartIndex",
    "info" : "FieldDeclaration[3441-3546]:FieldDeclaration[3441-3546]"
  }, {
    "left" : "maxStartIndex",
    "right" : "maxStartIndex",
    "info" : "FieldDeclaration[3558-3663]:FieldDeclaration[3558-3663]"
  }, {
    "left" : "minMiddleIndex",
    "right" : "minMiddleIndex",
    "info" : "FieldDeclaration[3675-3782]:FieldDeclaration[3675-3782]"
  }, {
    "left" : "maxMiddleIndex",
    "right" : "maxMiddleIndex",
    "info" : "FieldDeclaration[3794-3901]:FieldDeclaration[3794-3901]"
  }, {
    "left" : "minEndIndex",
    "right" : "minEndIndex",
    "info" : "FieldDeclaration[3913-4014]:FieldDeclaration[3913-4014]"
  }, {
    "left" : "maxEndIndex",
    "right" : "maxEndIndex",
    "info" : "FieldDeclaration[4026-4127]:FieldDeclaration[4026-4127]"
  }, {
    "left" : "public TimePeriodValues(name )",
    "right" : "public TimePeriodValues(name )",
    "info" : "MethodDeclaration[4135-4429]:MethodDeclaration[4135-4429]"
  }, {
    "left" : "public TimePeriodValues(name , domain , range )",
    "right" : "public TimePeriodValues(name , domain , range )",
    "info" : "MethodDeclaration[4437-5131]:MethodDeclaration[4437-5131]"
  }, {
    "left" : "public getDomainDescription() : ",
    "right" : "public getDomainDescription() : ",
    "info" : "MethodDeclaration[5139-5436]:MethodDeclaration[5139-5436]"
  }, {
    "left" : "public setDomainDescription(description ) : void",
    "right" : "public setDomainDescription(description ) : void",
    "info" : "MethodDeclaration[5444-5935]:MethodDeclaration[5444-5935]"
  }, {
    "left" : "public getRangeDescription() : ",
    "right" : "public getRangeDescription() : ",
    "info" : "MethodDeclaration[5943-6236]:MethodDeclaration[5943-6236]"
  }, {
    "left" : "public setRangeDescription(description ) : void",
    "right" : "public setRangeDescription(description ) : void",
    "info" : "MethodDeclaration[6244-6690]:MethodDeclaration[6244-6690]"
  }, {
    "left" : "public getItemCount() : int",
    "right" : "public getItemCount() : int",
    "info" : "MethodDeclaration[6698-6875]:MethodDeclaration[6698-6875]"
  }, {
    "left" : "public getDataItem(index int) : ",
    "right" : "public getDataItem(index int) : ",
    "info" : "MethodDeclaration[6883-7235]:MethodDeclaration[6883-7235]"
  }, {
    "left" : "public getTimePeriod(index int) : ",
    "right" : "public getTimePeriod(index int) : ",
    "info" : "MethodDeclaration[7243-7644]:MethodDeclaration[7243-7644]"
  }, {
    "left" : "public getValue(index int) : ",
    "right" : "public getValue(index int) : ",
    "info" : "MethodDeclaration[7652-8060]:MethodDeclaration[7652-8060]"
  }, {
    "left" : "public add(item ) : void",
    "right" : "public add(item ) : void",
    "info" : "MethodDeclaration[8068-8557]:MethodDeclaration[8068-8557]"
  }, {
    "left" : "private updateBounds(period , index int) : void",
    "right" : "private updateBounds(period , index int) : void",
    "info" : "MethodDeclaration[8569-11351]:MethodDeclaration[8569-11351]"
  }, {
    "left" : "private recalculateBounds() : void",
    "right" : "private recalculateBounds() : void",
    "info" : "MethodDeclaration[11363-11868]:MethodDeclaration[11363-11868]"
  }, {
    "left" : "public add(period , value double) : void",
    "right" : "public add(period , value double) : void",
    "info" : "MethodDeclaration[11876-12319]:MethodDeclaration[11876-12319]"
  }, {
    "left" : "public add(period , value ) : void",
    "right" : "public add(period , value ) : void",
    "info" : "MethodDeclaration[12327-12753]:MethodDeclaration[12327-12753]"
  }, {
    "left" : "public update(index int, value ) : void",
    "right" : "public update(index int, value ) : void",
    "info" : "MethodDeclaration[12761-13210]:MethodDeclaration[12761-13210]"
  }, {
    "left" : "public delete(start int, end int) : void",
    "right" : "public delete(start int, end int) : void",
    "info" : "MethodDeclaration[13218-13714]:MethodDeclaration[13218-13714]"
  }, {
    "left" : "public equals(obj ) : boolean",
    "right" : "public equals(obj ) : boolean",
    "info" : "MethodDeclaration[13726-14874]:MethodDeclaration[13726-14874]"
  }, {
    "left" : "public hashCode() : int",
    "right" : "public hashCode() : int",
    "info" : "MethodDeclaration[14882-15578]:MethodDeclaration[14882-15578]"
  }, {
    "left" : "public clone() : ",
    "right" : "public clone() : ",
    "info" : "MethodDeclaration[15586-16196]:MethodDeclaration[15586-16196]"
  }, {
    "left" : "public createCopy(start int, end int) : ",
    "right" : "public createCopy(start int, end int) : ",
    "info" : "MethodDeclaration[16204-17310]:MethodDeclaration[16204-17310]"
  }, {
    "left" : "public getMinStartIndex() : int",
    "right" : "public getMinStartIndex() : int",
    "info" : "MethodDeclaration[17322-17532]:MethodDeclaration[17322-17532]"
  }, {
    "left" : "public getMaxStartIndex() : int",
    "right" : "public getMaxStartIndex() : int",
    "info" : "MethodDeclaration[17544-17754]:MethodDeclaration[17544-17754]"
  }, {
    "left" : "public getMinMiddleIndex() : int",
    "right" : "public getMinMiddleIndex() : int",
    "info" : "MethodDeclaration[17762-17984]:MethodDeclaration[17762-17984]"
  }, {
    "left" : "public getMaxMiddleIndex() : int",
    "right" : "public getMaxMiddleIndex() : int",
    "info" : "MethodDeclaration[17996-18218]:MethodDeclaration[17996-18218]"
  }, {
    "left" : "public getMinEndIndex() : int",
    "right" : "public getMinEndIndex() : int",
    "info" : "MethodDeclaration[18226-18430]:MethodDeclaration[18226-18430]"
  }, {
    "left" : "public getMaxEndIndex() : int",
    "right" : "public getMaxEndIndex() : int",
    "info" : "MethodDeclaration[18442-18646]:MethodDeclaration[18442-18646]"
  } ],
  "mappings" : [
 {
    "left" : "public",
    "right" : "public",
    "info" : "Modifier[2790-2796]:Modifier[2790-2796]"
  }, {
    "left" : "class",
    "right" : "class",
    "info" : "TYPE_DECLARATION_KIND[2797-2802]:TYPE_DECLARATION_KIND[2797-2802]"
  }, {
    "left" : "public",
    "right" : "public",
    "info" : "Modifier[4304-4310]:Modifier[4304-4310]"
  }, {
    "left" : "TimePeriodValues",
    "right" : "TimePeriodValues",
    "info" : "SimpleName[4311-4327]:SimpleName[4311-4327]"
  }, {
    "left" : "Comparable name",
    "right" : "Comparable name",
    "info" : "SingleVariableDeclaration[4328-4343]:SingleVariableDeclaration[4328-4343]"
  }, {
    "left" : "{}",
    "right" : "{}",
    "info" : "Block[4345-4429]:Block[4345-4429]"
  }, {
    "left" : "this(name, DEFAULT_DOMAIN_DESCRIPTION, DEFAULT_RANGE_DESCRIPTION);",
    "right" : "this(name, DEFAULT_DOMAIN_DESCRIPTION, DEFAULT_RANGE_DESCRIPTION);",
    "info" : "ConstructorInvocation[4356-4422]:ConstructorInvocation[4356-4422]"
  }, {
    "left" : "public",
    "right" : "public",
    "info" : "Modifier[4933-4939]:Modifier[4933-4939]"
  }, {
    "left" : "TimePeriodValues",
    "right" : "TimePeriodValues",
    "info" : "SimpleName[4940-4956]:SimpleName[4940-4956]"
  }, {
    "left" : "Comparable name",
    "right" : "Comparable name",
    "info" : "SingleVariableDeclaration[4957-4972]:SingleVariableDeclaration[4957-4972]"
  }, {
    "left" : "String domain",
    "right" : "String domain",
    "info" : "SingleVariableDeclaration[4974-4987]:SingleVariableDeclaration[4974-4987]"
  }, {
    "left" : "String range",
    "right" : "String range",
    "info" : "SingleVariableDeclaration[4989-5001]:SingleVariableDeclaration[4989-5001]"
  }, {
    "left" : "{}",
    "right" : "{}",
    "info" : "Block[5003-5131]:Block[5003-5131]"
  }, {
    "left" : "super(name);",
    "right" : "super(name);",
    "info" : "SuperConstructorInvocation[5014-5026]:SuperConstructorInvocation[5014-5026]"
  }, {
    "left" : "this.domain = domain;",
    "right" : "this.domain = domain;",
    "info" : "ExpressionStatement[5036-5057]:ExpressionStatement[5036-5057]"
  }, {
    "left" : "this.range = range;",
    "right" : "this.range = range;",
    "info" : "ExpressionStatement[5067-5086]:ExpressionStatement[5067-5086]"
  }, {
    "left" : "this.data = new ArrayList();",
    "right" : "this.data = new ArrayList();",
    "info" : "ExpressionStatement[5096-5124]:ExpressionStatement[5096-5124]"
  }, {
    "left" : "public",
    "right" : "public",
    "info" : "Modifier[5362-5368]:Modifier[5362-5368]"
  }, {
    "left" : "String",
    "right" : "String",
    "info" : "SimpleType[5369-5375]:SimpleType[5369-5375]"
  }, {
    "left" : "getDomainDescription",
    "right" : "getDomainDescription",
    "info" : "SimpleName[5376-5396]:SimpleName[5376-5396]"
  }, {
    "left" : "{}",
    "right" : "{}",
    "info" : "Block[5399-5436]:Block[5399-5436]"
  }, {
    "left" : "return this.domain;",
    "right" : "return this.domain;",
    "info" : "ReturnStatement[5410-5429]:ReturnStatement[5410-5429]"
  }, {
    "left" : "public",
    "right" : "public",
    "info" : "Modifier[5746-5752]:Modifier[5746-5752]"
  }, {
    "left" : "void",
    "right" : "void",
    "info" : "PrimitiveType[5753-5757]:PrimitiveType[5753-5757]"
  }, {
    "left" : "setDomainDescription",
    "right" : "setDomainDescription",
    "info" : "SimpleName[5758-5778]:SimpleName[5758-5778]"
  }, {
    "left" : "String description",
    "right" : "String description",
    "info" : "SingleVariableDeclaration[5779-5797]:SingleVariableDeclaration[5779-5797]"
  }, {
    "left" : "{}",
    "right" : "{}",
    "info" : "Block[5799-5935]:Block[5799-5935]"
  }, {
    "left" : "String old = this.domain;",
    "right" : "String old = this.domain;",
    "info" : "VariableDeclarationStatement[5810-5835]:VariableDeclarationStatement[5810-5835]"
  }, {
    "left" : "this.domain = description;",
    "right" : "this.domain = description;",
    "info" : "ExpressionStatement[5845-5871]:ExpressionStatement[5845-5871]"
  }, {
    "left" : "firePropertyChange(\"Domain\", old, description);",
    "right" : "firePropertyChange(\"Domain\", old, description);",
    "info" : "ExpressionStatement[5881-5928]:ExpressionStatement[5881-5928]"
  }, {
    "left" : "public",
    "right" : "public",
    "info" : "Modifier[6164-6170]:Modifier[6164-6170]"
  }, {
    "left" : "String",
    "right" : "String",
    "info" : "SimpleType[6171-6177]:SimpleType[6171-6177]"
  }, {
    "left" : "getRangeDescription",
    "right" : "getRangeDescription",
    "info" : "SimpleName[6178-6197]:SimpleName[6178-6197]"
  }, {
    "left" : "{}",
    "right" : "{}",
    "info" : "Block[6200-6236]:Block[6200-6236]"
  }, {
    "left" : "return this.range;",
    "right" : "return this.range;",
    "info" : "ReturnStatement[6211-6229]:ReturnStatement[6211-6229]"
  }, {
    "left" : "public",
    "right" : "public",
    "info" : "Modifier[6505-6511]:Modifier[6505-6511]"
  }, {
    "left" : "void",
    "right" : "void",
    "info" : "PrimitiveType[6512-6516]:PrimitiveType[6512-6516]"
  }, {
    "left" : "setRangeDescription",
    "right" : "setRangeDescription",
    "info" : "SimpleName[6517-6536]:SimpleName[6517-6536]"
  }, {
    "left" : "String description",
    "right" : "String description",
    "info" : "SingleVariableDeclaration[6537-6555]:SingleVariableDeclaration[6537-6555]"
  }, {
    "left" : "{}",
    "right" : "{}",
    "info" : "Block[6557-6690]:Block[6557-6690]"
  }, {
    "left" : "String old = this.range;",
    "right" : "String old = this.range;",
    "info" : "VariableDeclarationStatement[6568-6592]:VariableDeclarationStatement[6568-6592]"
  }, {
    "left" : "this.range = description;",
    "right" : "this.range = description;",
    "info" : "ExpressionStatement[6602-6627]:ExpressionStatement[6602-6627]"
  }, {
    "left" : "firePropertyChange(\"Range\", old, description);",
    "right" : "firePropertyChange(\"Range\", old, description);",
    "info" : "ExpressionStatement[6637-6683]:ExpressionStatement[6637-6683]"
  }, {
    "left" : "public",
    "right" : "public",
    "info" : "Modifier[6807-6813]:Modifier[6807-6813]"
  }, {
    "left" : "int",
    "right" : "int",
    "info" : "PrimitiveType[6814-6817]:PrimitiveType[6814-6817]"
  }, {
    "left" : "getItemCount",
    "right" : "getItemCount",
    "info" : "SimpleName[6818-6830]:SimpleName[6818-6830]"
  }, {
    "left" : "{}",
    "right" : "{}",
    "info" : "Block[6833-6875]:Block[6833-6875]"
  }, {
    "left" : "return this.data.size();",
    "right" : "return this.data.size();",
    "info" : "ReturnStatement[6844-6868]:ReturnStatement[6844-6868]"
  }, {
    "left" : "public",
    "right" : "public",
    "info" : "Modifier[7125-7131]:Modifier[7125-7131]"
  }, {
    "left" : "TimePeriodValue",
    "right" : "TimePeriodValue",
    "info" : "SimpleType[7132-7147]:SimpleType[7132-7147]"
  }, {
    "left" : "getDataItem",
    "right" : "getDataItem",
    "info" : "SimpleName[7148-7159]:SimpleName[7148-7159]"
  }, {
    "left" : "int index",
    "right" : "int index",
    "info" : "SingleVariableDeclaration[7160-7169]:SingleVariableDeclaration[7160-7169]"
  }, {
    "left" : "{}",
    "right" : "{}",
    "info" : "Block[7171-7235]:Block[7171-7235]"
  }, {
    "left" : "return (TimePeriodValue) this.data.get(index);",
    "right" : "return (TimePeriodValue) this.data.get(index);",
    "info" : "ReturnStatement[7182-7228]:ReturnStatement[7182-7228]"
  }, {
    "left" : "public",
    "right" : "public",
    "info" : "Modifier[7545-7551]:Modifier[7545-7551]"
  }, {
    "left" : "TimePeriod",
    "right" : "TimePeriod",
    "info" : "SimpleType[7552-7562]:SimpleType[7552-7562]"
  }, {
    "left" : "getTimePeriod",
    "right" : "getTimePeriod",
    "info" : "SimpleName[7563-7576]:SimpleName[7563-7576]"
  }, {
    "left" : "int index",
    "right" : "int index",
    "info" : "SingleVariableDeclaration[7577-7586]:SingleVariableDeclaration[7577-7586]"
  }, {
    "left" : "{}",
    "right" : "{}",
    "info" : "Block[7588-7644]:Block[7588-7644]"
  }, {
    "left" : "return getDataItem(index).getPeriod();",
    "right" : "return getDataItem(index).getPeriod();",
    "info" : "ReturnStatement[7599-7637]:ReturnStatement[7599-7637]"
  }, {
    "left" : "public",
    "right" : "public",
    "info" : "Modifier[7971-7977]:Modifier[7971-7977]"
  }, {
    "left" : "Number",
    "right" : "Number",
    "info" : "SimpleType[7978-7984]:SimpleType[7978-7984]"
  }, {
    "left" : "getValue",
    "right" : "getValue",
    "info" : "SimpleName[7985-7993]:SimpleName[7985-7993]"
  }, {
    "left" : "int index",
    "right" : "int index",
    "info" : "SingleVariableDeclaration[7994-8003]:SingleVariableDeclaration[7994-8003]"
  }, {
    "left" : "{}",
    "right" : "{}",
    "info" : "Block[8005-8060]:Block[8005-8060]"
  }, {
    "left" : "return getDataItem(index).getValue();",
    "right" : "return getDataItem(index).getValue();",
    "info" : "ReturnStatement[8016-8053]:ReturnStatement[8016-8053]"
  }, {
    "left" : "public",
    "right" : "public",
    "info" : "Modifier[8273-8279]:Modifier[8273-8279]"
  }, {
    "left" : "void",
    "right" : "void",
    "info" : "PrimitiveType[8280-8284]:PrimitiveType[8280-8284]"
  }, {
    "left" : "add",
    "right" : "add",
    "info" : "SimpleName[8285-8288]:SimpleName[8285-8288]"
  }, {
    "left" : "TimePeriodValue item",
    "right" : "TimePeriodValue item",
    "info" : "SingleVariableDeclaration[8289-8309]:SingleVariableDeclaration[8289-8309]"
  }, {
    "left" : "{}",
    "right" : "{}",
    "info" : "Block[8311-8557]:Block[8311-8557]"
  }, {
    "left" : "if (item == null)",
    "right" : "if (item == null)",
    "info" : "IfStatement[8322-8427]:IfStatement[8322-8427]"
  }, {
    "left" : "{}",
    "right" : "{}",
    "info" : "Block[8340-8427]:Block[8340-8427]"
  }, {
    "left" : "throw new IllegalArgumentException(\"Null item not allowed.\");",
    "right" : "throw new IllegalArgumentException(\"Null item not allowed.\");",
    "info" : "ThrowStatement[8355-8416]:ThrowStatement[8355-8416]"
  }, {
    "left" : "this.data.add(item);",
    "right" : "this.data.add(item);",
    "info" : "ExpressionStatement[8437-8457]:ExpressionStatement[8437-8457]"
  }, {
    "left" : "updateBounds(item.getPeriod(), this.data.size() - 1);",
    "right" : "updateBounds(item.getPeriod(), this.data.size() - 1);",
    "info" : "ExpressionStatement[8467-8520]:ExpressionStatement[8467-8520]"
  }, {
    "left" : "fireSeriesChanged();",
    "right" : "fireSeriesChanged();",
    "info" : "ExpressionStatement[8530-8550]:ExpressionStatement[8530-8550]"
  }, {
    "left" : "private",
    "right" : "private",
    "info" : "Modifier[8756-8763]:Modifier[8756-8763]"
  }, {
    "left" : "void",
    "right" : "void",
    "info" : "PrimitiveType[8764-8768]:PrimitiveType[8764-8768]"
  }, {
    "left" : "updateBounds",
    "right" : "updateBounds",
    "info" : "SimpleName[8769-8781]:SimpleName[8769-8781]"
  }, {
    "left" : "TimePeriod period",
    "right" : "TimePeriod period",
    "info" : "SingleVariableDeclaration[8782-8799]:SingleVariableDeclaration[8782-8799]"
  }, {
    "left" : "int index",
    "right" : "int index",
    "info" : "SingleVariableDeclaration[8801-8810]:SingleVariableDeclaration[8801-8810]"
  }, {
    "left" : "{}",
    "right" : "{}",
    "info" : "Block[8812-11351]:Block[8812-11351]"
  }, {
    "left" : "long start = period.getStart().getTime();",
    "right" : "long start = period.getStart().getTime();",
    "info" : "VariableDeclarationStatement[8833-8874]:VariableDeclarationStatement[8833-8874]"
  }, {
    "left" : "long end = period.getEnd().getTime();",
    "right" : "long end = period.getEnd().getTime();",
    "info" : "VariableDeclarationStatement[8884-8921]:VariableDeclarationStatement[8884-8921]"
  }, {
    "left" : "long middle = start + ((end - start) / 2);",
    "right" : "long middle = start + ((end - start) / 2);",
    "info" : "VariableDeclarationStatement[8931-8973]:VariableDeclarationStatement[8931-8973]"
  }, {
    "left" : "if (this.minStartIndex >= 0)",
    "right" : "if (this.minStartIndex >= 0)",
    "info" : "IfStatement[8985-9315]:IfStatement[8985-9315]"
  }, {
    "left" : "{}",
    "right" : "{}",
    "info" : "Block[9014-9247]:Block[9014-9247]"
  }, {
    "left" : "long minStart = getDataItem(this.minStartIndex).getPeriod()\r\n                .getStart().getTime();",
    "right" : "long minStart = getDataItem(this.minStartIndex).getPeriod()\r\n                .getStart().getTime();",
    "info" : "VariableDeclarationStatement[9029-9128]:VariableDeclarationStatement[9029-9128]"
  }, {
    "left" : "if (start < minStart)",
    "right" : "if (start < minStart)",
    "info" : "IfStatement[9142-9236]:IfStatement[9142-9236]"
  }, {
    "left" : "{}",
    "right" : "{}",
    "info" : "Block[9164-9236]:Block[9164-9236]"
  }, {
    "left" : "this.minStartIndex = index;",
    "right" : "this.minStartIndex = index;",
    "info" : "ExpressionStatement[9183-9210]:ExpressionStatement[9183-9210]"
  }, {
    "left" : "{}",
    "right" : "{}",
    "info" : "Block[9262-9315]:Block[9262-9315]"
  }, {
    "left" : "this.minStartIndex = index;",
    "right" : "this.minStartIndex = index;",
    "info" : "ExpressionStatement[9277-9304]:ExpressionStatement[9277-9304]"
  }, {
    "left" : "if (this.maxStartIndex >= 0)",
    "right" : "if (this.maxStartIndex >= 0)",
    "info" : "IfStatement[9335-9665]:IfStatement[9335-9665]"
  }, {
    "left" : "{}",
    "right" : "{}",
    "info" : "Block[9364-9597]:Block[9364-9597]"
  }, {
    "left" : "long maxStart = getDataItem(this.maxStartIndex).getPeriod()\r\n                .getStart().getTime();",
    "right" : "long maxStart = getDataItem(this.maxStartIndex).getPeriod()\r\n                .getStart().getTime();",
    "info" : "VariableDeclarationStatement[9379-9478]:VariableDeclarationStatement[9379-9478]"
  }, {
    "left" : "if (start > maxStart)",
    "right" : "if (start > maxStart)",
    "info" : "IfStatement[9492-9586]:IfStatement[9492-9586]"
  }, {
    "left" : "{}",
    "right" : "{}",
    "info" : "Block[9514-9586]:Block[9514-9586]"
  }, {
    "left" : "this.maxStartIndex = index;",
    "right" : "this.maxStartIndex = index;",
    "info" : "ExpressionStatement[9533-9560]:ExpressionStatement[9533-9560]"
  }, {
    "left" : "{}",
    "right" : "{}",
    "info" : "Block[9612-9665]:Block[9612-9665]"
  }, {
    "left" : "this.maxStartIndex = index;",
    "right" : "this.maxStartIndex = index;",
    "info" : "ExpressionStatement[9627-9654]:ExpressionStatement[9627-9654]"
  }, {
    "left" : "if (this.minMiddleIndex >= 0)",
    "right" : "if (this.minMiddleIndex >= 0)",
    "info" : "IfStatement[9685-10166]:IfStatement[9685-10166]"
  }, {
    "left" : "{}",
    "right" : "{}",
    "info" : "Block[9715-10097]:Block[9715-10097]"
  }, {
    "left" : "long s = getDataItem(this.minMiddleIndex).getPeriod().getStart()\r\n                .getTime();",
    "right" : "long s = getDataItem(this.minMiddleIndex).getPeriod().getStart()\r\n                .getTime();",
    "info" : "VariableDeclarationStatement[9730-9823]:VariableDeclarationStatement[9730-9823]"
  }, {
    "left" : "long e = getDataItem(this.minMiddleIndex).getPeriod().getEnd()\r\n                .getTime();",
    "right" : "long e = getDataItem(this.minMiddleIndex).getPeriod().getEnd()\r\n                .getTime();",
    "info" : "VariableDeclarationStatement[9837-9928]:VariableDeclarationStatement[9837-9928]"
  }, {
    "left" : "long minMiddle = s + (e - s) / 2;",
    "right" : "long minMiddle = s + (e - s) / 2;",
    "info" : "VariableDeclarationStatement[9942-9975]:VariableDeclarationStatement[9942-9975]"
  }, {
    "left" : "if (middle < minMiddle)",
    "right" : "if (middle < minMiddle)",
    "info" : "IfStatement[9989-10086]:IfStatement[9989-10086]"
  }, {
    "left" : "{}",
    "right" : "{}",
    "info" : "Block[10013-10086]:Block[10013-10086]"
  }, {
    "left" : "this.minMiddleIndex = index;",
    "right" : "this.minMiddleIndex = index;",
    "info" : "ExpressionStatement[10032-10060]:ExpressionStatement[10032-10060]"
  }, {
    "left" : "{}",
    "right" : "{}",
    "info" : "Block[10112-10166]:Block[10112-10166]"
  }, {
    "left" : "this.minMiddleIndex = index;",
    "right" : "this.minMiddleIndex = index;",
    "info" : "ExpressionStatement[10127-10155]:ExpressionStatement[10127-10155]"
  }, {
    "left" : "if (this.maxMiddleIndex >= 0)",
    "right" : "if (this.maxMiddleIndex >= 0)",
    "info" : "IfStatement[10186-10667]:IfStatement[10186-10667]"
  }, {
    "left" : "{}",
    "right" : "{}",
    "info" : "Block[10216-10598]:Block[10216-10598]"
  }, {
    "left" : "long s = getDataItem(this.minMiddleIndex).getPeriod().getStart()\r\n                .getTime();",
    "right" : "long s = getDataItem(this.maxMiddleIndex).getPeriod().getStart()\r\n                .getTime();",
    "info" : "VariableDeclarationStatement[10231-10324]:VariableDeclarationStatement[10231-10324]"
  }, {
    "left" : "minMiddleIndex",
    "right" : "maxMiddleIndex",
    "info" : "SimpleName[10257-10271]:SimpleName[10257-10271]"
  }, {
    "left" : "long e = getDataItem(this.minMiddleIndex).getPeriod().getEnd()\r\n                .getTime();",
    "right" : "long e = getDataItem(this.maxMiddleIndex).getPeriod().getEnd()\r\n                .getTime();",
    "info" : "VariableDeclarationStatement[10338-10429]:VariableDeclarationStatement[10338-10429]"
  }, {
    "left" : "minMiddleIndex",
    "right" : "maxMiddleIndex",
    "info" : "SimpleName[10364-10378]:SimpleName[10364-10378]"
  }, {
    "left" : "long maxMiddle = s + (e - s) / 2;",
    "right" : "long maxMiddle = s + (e - s) / 2;",
    "info" : "VariableDeclarationStatement[10443-10476]:VariableDeclarationStatement[10443-10476]"
  }, {
    "left" : "if (middle > maxMiddle)",
    "right" : "if (middle > maxMiddle)",
    "info" : "IfStatement[10490-10587]:IfStatement[10490-10587]"
  }, {
    "left" : "{}",
    "right" : "{}",
    "info" : "Block[10514-10587]:Block[10514-10587]"
  }, {
    "left" : "this.maxMiddleIndex = index;",
    "right" : "this.maxMiddleIndex = index;",
    "info" : "ExpressionStatement[10533-10561]:ExpressionStatement[10533-10561]"
  }, {
    "left" : "{}",
    "right" : "{}",
    "info" : "Block[10613-10667]:Block[10613-10667]"
  }, {
    "left" : "this.maxMiddleIndex = index;",
    "right" : "this.maxMiddleIndex = index;",
    "info" : "ExpressionStatement[10628-10656]:ExpressionStatement[10628-10656]"
  }, {
    "left" : "if (this.minEndIndex >= 0)",
    "right" : "if (this.minEndIndex >= 0)",
    "info" : "IfStatement[10687-11001]:IfStatement[10687-11001]"
  }, {
    "left" : "{}",
    "right" : "{}",
    "info" : "Block[10714-10935]:Block[10714-10935]"
  }, {
    "left" : "long minEnd = getDataItem(this.minEndIndex).getPeriod().getEnd()\r\n                .getTime();",
    "right" : "long minEnd = getDataItem(this.minEndIndex).getPeriod().getEnd()\r\n                .getTime();",
    "info" : "VariableDeclarationStatement[10729-10822]:VariableDeclarationStatement[10729-10822]"
  }, {
    "left" : "if (end < minEnd)",
    "right" : "if (end < minEnd)",
    "info" : "IfStatement[10836-10924]:IfStatement[10836-10924]"
  }, {
    "left" : "{}",
    "right" : "{}",
    "info" : "Block[10854-10924]:Block[10854-10924]"
  }, {
    "left" : "this.minEndIndex = index;",
    "right" : "this.minEndIndex = index;",
    "info" : "ExpressionStatement[10873-10898]:ExpressionStatement[10873-10898]"
  }, {
    "left" : "{}",
    "right" : "{}",
    "info" : "Block[10950-11001]:Block[10950-11001]"
  }, {
    "left" : "this.minEndIndex = index;",
    "right" : "this.minEndIndex = index;",
    "info" : "ExpressionStatement[10965-10990]:ExpressionStatement[10965-10990]"
  }, {
    "left" : "if (this.maxEndIndex >= 0)",
    "right" : "if (this.maxEndIndex >= 0)",
    "info" : "IfStatement[11020-11334]:IfStatement[11020-11334]"
  }, {
    "left" : "{}",
    "right" : "{}",
    "info" : "Block[11047-11268]:Block[11047-11268]"
  }, {
    "left" : "long maxEnd = getDataItem(this.maxEndIndex).getPeriod().getEnd()\r\n                .getTime();",
    "right" : "long maxEnd = getDataItem(this.maxEndIndex).getPeriod().getEnd()\r\n                .getTime();",
    "info" : "VariableDeclarationStatement[11062-11155]:VariableDeclarationStatement[11062-11155]"
  }, {
    "left" : "if (end > maxEnd)",
    "right" : "if (end > maxEnd)",
    "info" : "IfStatement[11169-11257]:IfStatement[11169-11257]"
  }, {
    "left" : "{}",
    "right" : "{}",
    "info" : "Block[11187-11257]:Block[11187-11257]"
  }, {
    "left" : "this.maxEndIndex = index;",
    "right" : "this.maxEndIndex = index;",
    "info" : "ExpressionStatement[11206-11231]:ExpressionStatement[11206-11231]"
  }, {
    "left" : "{}",
    "right" : "{}",
    "info" : "Block[11283-11334]:Block[11283-11334]"
  }, {
    "left" : "this.maxEndIndex = index;",
    "right" : "this.maxEndIndex = index;",
    "info" : "ExpressionStatement[11298-11323]:ExpressionStatement[11298-11323]"
  }, {
    "left" : "private",
    "right" : "private",
    "info" : "Modifier[11442-11449]:Modifier[11442-11449]"
  }, {
    "left" : "void",
    "right" : "void",
    "info" : "PrimitiveType[11450-11454]:PrimitiveType[11450-11454]"
  }, {
    "left" : "recalculateBounds",
    "right" : "recalculateBounds",
    "info" : "SimpleName[11455-11472]:SimpleName[11455-11472]"
  }, {
    "left" : "{}",
    "right" : "{}",
    "info" : "Block[11475-11868]:Block[11475-11868]"
  }, {
    "left" : "this.minStartIndex = -1;",
    "right" : "this.minStartIndex = -1;",
    "info" : "ExpressionStatement[11486-11510]:ExpressionStatement[11486-11510]"
  }, {
    "left" : "this.minMiddleIndex = -1;",
    "right" : "this.minMiddleIndex = -1;",
    "info" : "ExpressionStatement[11520-11545]:ExpressionStatement[11520-11545]"
  }, {
    "left" : "this.minEndIndex = -1;",
    "right" : "this.minEndIndex = -1;",
    "info" : "ExpressionStatement[11555-11577]:ExpressionStatement[11555-11577]"
  }, {
    "left" : "this.maxStartIndex = -1;",
    "right" : "this.maxStartIndex = -1;",
    "info" : "ExpressionStatement[11587-11611]:ExpressionStatement[11587-11611]"
  }, {
    "left" : "this.maxMiddleIndex = -1;",
    "right" : "this.maxMiddleIndex = -1;",
    "info" : "ExpressionStatement[11621-11646]:ExpressionStatement[11621-11646]"
  }, {
    "left" : "this.maxEndIndex = -1;",
    "right" : "this.maxEndIndex = -1;",
    "info" : "ExpressionStatement[11656-11678]:ExpressionStatement[11656-11678]"
  }, {
    "left" : "for (int i = 0; i < this.data.size(); i++)",
    "right" : "for (int i = 0; i < this.data.size(); i++)",
    "info" : "ForStatement[11688-11861]:ForStatement[11688-11861]"
  }, {
    "left" : "{}",
    "right" : "{}",
    "info" : "Block[11731-11861]:Block[11731-11861]"
  }, {
    "left" : "TimePeriodValue tpv = (TimePeriodValue) this.data.get(i);",
    "right" : "TimePeriodValue tpv = (TimePeriodValue) this.data.get(i);",
    "info" : "VariableDeclarationStatement[11746-11803]:VariableDeclarationStatement[11746-11803]"
  }, {
    "left" : "updateBounds(tpv.getPeriod(), i);",
    "right" : "updateBounds(tpv.getPeriod(), i);",
    "info" : "ExpressionStatement[11817-11850]:ExpressionStatement[11817-11850]"
  }, {
    "left" : "public",
    "right" : "public",
    "info" : "Modifier[12174-12180]:Modifier[12174-12180]"
  }, {
    "left" : "void",
    "right" : "void",
    "info" : "PrimitiveType[12181-12185]:PrimitiveType[12181-12185]"
  }, {
    "left" : "add",
    "right" : "add",
    "info" : "SimpleName[12186-12189]:SimpleName[12186-12189]"
  }, {
    "left" : "TimePeriod period",
    "right" : "TimePeriod period",
    "info" : "SingleVariableDeclaration[12190-12207]:SingleVariableDeclaration[12190-12207]"
  }, {
    "left" : "double value",
    "right" : "double value",
    "info" : "SingleVariableDeclaration[12209-12221]:SingleVariableDeclaration[12209-12221]"
  }, {
    "left" : "{}",
    "right" : "{}",
    "info" : "Block[12223-12319]:Block[12223-12319]"
  }, {
    "left" : "TimePeriodValue item = new TimePeriodValue(period, value);",
    "right" : "TimePeriodValue item = new TimePeriodValue(period, value);",
    "info" : "VariableDeclarationStatement[12234-12292]:VariableDeclarationStatement[12234-12292]"
  }, {
    "left" : "add(item);",
    "right" : "add(item);",
    "info" : "ExpressionStatement[12302-12312]:ExpressionStatement[12302-12312]"
  }, {
    "left" : "public",
    "right" : "public",
    "info" : "Modifier[12608-12614]:Modifier[12608-12614]"
  }, {
    "left" : "void",
    "right" : "void",
    "info" : "PrimitiveType[12615-12619]:PrimitiveType[12615-12619]"
  }, {
    "left" : "add",
    "right" : "add",
    "info" : "SimpleName[12620-12623]:SimpleName[12620-12623]"
  }, {
    "left" : "TimePeriod period",
    "right" : "TimePeriod period",
    "info" : "SingleVariableDeclaration[12624-12641]:SingleVariableDeclaration[12624-12641]"
  }, {
    "left" : "Number value",
    "right" : "Number value",
    "info" : "SingleVariableDeclaration[12643-12655]:SingleVariableDeclaration[12643-12655]"
  }, {
    "left" : "{}",
    "right" : "{}",
    "info" : "Block[12657-12753]:Block[12657-12753]"
  }, {
    "left" : "TimePeriodValue item = new TimePeriodValue(period, value);",
    "right" : "TimePeriodValue item = new TimePeriodValue(period, value);",
    "info" : "VariableDeclarationStatement[12668-12726]:VariableDeclarationStatement[12668-12726]"
  }, {
    "left" : "add(item);",
    "right" : "add(item);",
    "info" : "ExpressionStatement[12736-12746]:ExpressionStatement[12736-12746]"
  }, {
    "left" : "public",
    "right" : "public",
    "info" : "Modifier[13045-13051]:Modifier[13045-13051]"
  }, {
    "left" : "void",
    "right" : "void",
    "info" : "PrimitiveType[13052-13056]:PrimitiveType[13052-13056]"
  }, {
    "left" : "update",
    "right" : "update",
    "info" : "SimpleName[13057-13063]:SimpleName[13057-13063]"
  }, {
    "left" : "int index",
    "right" : "int index",
    "info" : "SingleVariableDeclaration[13064-13073]:SingleVariableDeclaration[13064-13073]"
  }, {
    "left" : "Number value",
    "right" : "Number value",
    "info" : "SingleVariableDeclaration[13075-13087]:SingleVariableDeclaration[13075-13087]"
  }, {
    "left" : "{}",
    "right" : "{}",
    "info" : "Block[13089-13210]:Block[13089-13210]"
  }, {
    "left" : "TimePeriodValue item = getDataItem(index);",
    "right" : "TimePeriodValue item = getDataItem(index);",
    "info" : "VariableDeclarationStatement[13100-13142]:VariableDeclarationStatement[13100-13142]"
  }, {
    "left" : "item.setValue(value);",
    "right" : "item.setValue(value);",
    "info" : "ExpressionStatement[13152-13173]:ExpressionStatement[13152-13173]"
  }, {
    "left" : "fireSeriesChanged();",
    "right" : "fireSeriesChanged();",
    "info" : "ExpressionStatement[13183-13203]:ExpressionStatement[13183-13203]"
  }, {
    "left" : "public",
    "right" : "public",
    "info" : "Modifier[13506-13512]:Modifier[13506-13512]"
  }, {
    "left" : "void",
    "right" : "void",
    "info" : "PrimitiveType[13513-13517]:PrimitiveType[13513-13517]"
  }, {
    "left" : "delete",
    "right" : "delete",
    "info" : "SimpleName[13518-13524]:SimpleName[13518-13524]"
  }, {
    "left" : "int start",
    "right" : "int start",
    "info" : "SingleVariableDeclaration[13525-13534]:SingleVariableDeclaration[13525-13534]"
  }, {
    "left" : "int end",
    "right" : "int end",
    "info" : "SingleVariableDeclaration[13536-13543]:SingleVariableDeclaration[13536-13543]"
  }, {
    "left" : "{}",
    "right" : "{}",
    "info" : "Block[13545-13714]:Block[13545-13714]"
  }, {
    "left" : "for (int i = 0; i <= (end - start); i++)",
    "right" : "for (int i = 0; i <= (end - start); i++)",
    "info" : "ForStatement[13556-13647]:ForStatement[13556-13647]"
  }, {
    "left" : "{}",
    "right" : "{}",
    "info" : "Block[13597-13647]:Block[13597-13647]"
  }, {
    "left" : "this.data.remove(start);",
    "right" : "this.data.remove(start);",
    "info" : "ExpressionStatement[13612-13636]:ExpressionStatement[13612-13636]"
  }, {
    "left" : "recalculateBounds();",
    "right" : "recalculateBounds();",
    "info" : "ExpressionStatement[13657-13677]:ExpressionStatement[13657-13677]"
  }, {
    "left" : "fireSeriesChanged();",
    "right" : "fireSeriesChanged();",
    "info" : "ExpressionStatement[13687-13707]:ExpressionStatement[13687-13707]"
  }, {
    "left" : "public",
    "right" : "public",
    "info" : "Modifier[13938-13944]:Modifier[13938-13944]"
  }, {
    "left" : "boolean",
    "right" : "boolean",
    "info" : "PrimitiveType[13945-13952]:PrimitiveType[13945-13952]"
  }, {
    "left" : "equals",
    "right" : "equals",
    "info" : "SimpleName[13953-13959]:SimpleName[13953-13959]"
  }, {
    "left" : "Object obj",
    "right" : "Object obj",
    "info" : "SingleVariableDeclaration[13960-13970]:SingleVariableDeclaration[13960-13970]"
  }, {
    "left" : "{}",
    "right" : "{}",
    "info" : "Block[13972-14874]:Block[13972-14874]"
  }, {
    "left" : "if (obj == this)",
    "right" : "if (obj == this)",
    "info" : "IfStatement[13983-14038]:IfStatement[13983-14038]"
  }, {
    "left" : "{}",
    "right" : "{}",
    "info" : "Block[14000-14038]:Block[14000-14038]"
  }, {
    "left" : "return true;",
    "right" : "return true;",
    "info" : "ReturnStatement[14015-14027]:ReturnStatement[14015-14027]"
  }, {
    "left" : "if (!(obj instanceof TimePeriodValues))",
    "right" : "if (!(obj instanceof TimePeriodValues))",
    "info" : "IfStatement[14048-14127]:IfStatement[14048-14127]"
  }, {
    "left" : "{}",
    "right" : "{}",
    "info" : "Block[14088-14127]:Block[14088-14127]"
  }, {
    "left" : "return false;",
    "right" : "return false;",
    "info" : "ReturnStatement[14103-14116]:ReturnStatement[14103-14116]"
  }, {
    "left" : "if (!super.equals(obj))",
    "right" : "if (!super.equals(obj))",
    "info" : "IfStatement[14137-14200]:IfStatement[14137-14200]"
  }, {
    "left" : "{}",
    "right" : "{}",
    "info" : "Block[14161-14200]:Block[14161-14200]"
  }, {
    "left" : "return false;",
    "right" : "return false;",
    "info" : "ReturnStatement[14176-14189]:ReturnStatement[14176-14189]"
  }, {
    "left" : "TimePeriodValues that = (TimePeriodValues) obj;",
    "right" : "TimePeriodValues that = (TimePeriodValues) obj;",
    "info" : "VariableDeclarationStatement[14210-14257]:VariableDeclarationStatement[14210-14257]"
  }, {
    "left" : "if (!ObjectUtilities.equal(this.getDomainDescription(), \r\n                that.getDomainDescription()))",
    "right" : "if (!ObjectUtilities.equal(this.getDomainDescription(), \r\n                that.getDomainDescription()))",
    "info" : "IfStatement[14267-14410]:IfStatement[14267-14410]"
  }, {
    "left" : "{}",
    "right" : "{}",
    "info" : "Block[14371-14410]:Block[14371-14410]"
  }, {
    "left" : "return false;",
    "right" : "return false;",
    "info" : "ReturnStatement[14386-14399]:ReturnStatement[14386-14399]"
  }, {
    "left" : "if (!ObjectUtilities.equal(this.getRangeDescription(), \r\n                that.getRangeDescription()))",
    "right" : "if (!ObjectUtilities.equal(this.getRangeDescription(), \r\n                that.getRangeDescription()))",
    "info" : "IfStatement[14420-14561]:IfStatement[14420-14561]"
  }, {
    "left" : "{}",
    "right" : "{}",
    "info" : "Block[14522-14561]:Block[14522-14561]"
  }, {
    "left" : "return false;",
    "right" : "return false;",
    "info" : "ReturnStatement[14537-14550]:ReturnStatement[14537-14550]"
  }, {
    "left" : "int count = getItemCount();",
    "right" : "int count = getItemCount();",
    "info" : "VariableDeclarationStatement[14571-14598]:VariableDeclarationStatement[14571-14598]"
  }, {
    "left" : "if (count != that.getItemCount())",
    "right" : "if (count != that.getItemCount())",
    "info" : "IfStatement[14608-14681]:IfStatement[14608-14681]"
  }, {
    "left" : "{}",
    "right" : "{}",
    "info" : "Block[14642-14681]:Block[14642-14681]"
  }, {
    "left" : "return false;",
    "right" : "return false;",
    "info" : "ReturnStatement[14657-14670]:ReturnStatement[14657-14670]"
  }, {
    "left" : "for (int i = 0; i < count; i++)",
    "right" : "for (int i = 0; i < count; i++)",
    "info" : "ForStatement[14691-14845]:ForStatement[14691-14845]"
  }, {
    "left" : "{}",
    "right" : "{}",
    "info" : "Block[14723-14845]:Block[14723-14845]"
  }, {
    "left" : "if (!getDataItem(i).equals(that.getDataItem(i)))",
    "right" : "if (!getDataItem(i).equals(that.getDataItem(i)))",
    "info" : "IfStatement[14738-14834]:IfStatement[14738-14834]"
  }, {
    "left" : "{}",
    "right" : "{}",
    "info" : "Block[14787-14834]:Block[14787-14834]"
  }, {
    "left" : "return false;",
    "right" : "return false;",
    "info" : "ReturnStatement[14806-14819]:ReturnStatement[14806-14819]"
  }, {
    "left" : "return true;",
    "right" : "return true;",
    "info" : "ReturnStatement[14855-14867]:ReturnStatement[14855-14867]"
  }, {
    "left" : "public",
    "right" : "public",
    "info" : "Modifier[14987-14993]:Modifier[14987-14993]"
  }, {
    "left" : "int",
    "right" : "int",
    "info" : "PrimitiveType[14994-14997]:PrimitiveType[14994-14997]"
  }, {
    "left" : "hashCode",
    "right" : "hashCode",
    "info" : "SimpleName[14998-15006]:SimpleName[14998-15006]"
  }, {
    "left" : "{}",
    "right" : "{}",
    "info" : "Block[15009-15578]:Block[15009-15578]"
  }, {
    "left" : "int result;",
    "right" : "int result;",
    "info" : "VariableDeclarationStatement[15020-15031]:VariableDeclarationStatement[15020-15031]"
  }, {
    "left" : "result = (this.domain != null ? this.domain.hashCode() : 0);",
    "right" : "result = (this.domain != null ? this.domain.hashCode() : 0);",
    "info" : "ExpressionStatement[15041-15101]:ExpressionStatement[15041-15101]"
  }, {
    "left" : "result = 29 * result + (this.range != null ? this.range.hashCode() : 0);",
    "right" : "result = 29 * result + (this.range != null ? this.range.hashCode() : 0);",
    "info" : "ExpressionStatement[15111-15183]:ExpressionStatement[15111-15183]"
  }, {
    "left" : "result = 29 * result + this.data.hashCode();",
    "right" : "result = 29 * result + this.data.hashCode();",
    "info" : "ExpressionStatement[15193-15237]:ExpressionStatement[15193-15237]"
  }, {
    "left" : "result = 29 * result + this.minStartIndex;",
    "right" : "result = 29 * result + this.minStartIndex;",
    "info" : "ExpressionStatement[15247-15289]:ExpressionStatement[15247-15289]"
  }, {
    "left" : "result = 29 * result + this.maxStartIndex;",
    "right" : "result = 29 * result + this.maxStartIndex;",
    "info" : "ExpressionStatement[15299-15341]:ExpressionStatement[15299-15341]"
  }, {
    "left" : "result = 29 * result + this.minMiddleIndex;",
    "right" : "result = 29 * result + this.minMiddleIndex;",
    "info" : "ExpressionStatement[15351-15394]:ExpressionStatement[15351-15394]"
  }, {
    "left" : "result = 29 * result + this.maxMiddleIndex;",
    "right" : "result = 29 * result + this.maxMiddleIndex;",
    "info" : "ExpressionStatement[15404-15447]:ExpressionStatement[15404-15447]"
  }, {
    "left" : "result = 29 * result + this.minEndIndex;",
    "right" : "result = 29 * result + this.minEndIndex;",
    "info" : "ExpressionStatement[15457-15497]:ExpressionStatement[15457-15497]"
  }, {
    "left" : "result = 29 * result + this.maxEndIndex;",
    "right" : "result = 29 * result + this.maxEndIndex;",
    "info" : "ExpressionStatement[15507-15547]:ExpressionStatement[15507-15547]"
  }, {
    "left" : "return result;",
    "right" : "return result;",
    "info" : "ReturnStatement[15557-15571]:ReturnStatement[15557-15571]"
  }, {
    "left" : "public",
    "right" : "public",
    "info" : "Modifier[16050-16056]:Modifier[16050-16056]"
  }, {
    "left" : "Object",
    "right" : "Object",
    "info" : "SimpleType[16057-16063]:SimpleType[16057-16063]"
  }, {
    "left" : "clone",
    "right" : "clone",
    "info" : "SimpleName[16064-16069]:SimpleName[16064-16069]"
  }, {
    "left" : "CloneNotSupportedException",
    "right" : "CloneNotSupportedException",
    "info" : "SimpleType[16079-16105]:SimpleType[16079-16105]"
  }, {
    "left" : "{}",
    "right" : "{}",
    "info" : "Block[16106-16196]:Block[16106-16196]"
  }, {
    "left" : "Object clone = createCopy(0, getItemCount() - 1);",
    "right" : "Object clone = createCopy(0, getItemCount() - 1);",
    "info" : "VariableDeclarationStatement[16117-16166]:VariableDeclarationStatement[16117-16166]"
  }, {
    "left" : "return clone;",
    "right" : "return clone;",
    "info" : "ReturnStatement[16176-16189]:ReturnStatement[16176-16189]"
  }, {
    "left" : "public",
    "right" : "public",
    "info" : "Modifier[16577-16583]:Modifier[16577-16583]"
  }, {
    "left" : "TimePeriodValues",
    "right" : "TimePeriodValues",
    "info" : "SimpleType[16584-16600]:SimpleType[16584-16600]"
  }, {
    "left" : "createCopy",
    "right" : "createCopy",
    "info" : "SimpleName[16601-16611]:SimpleName[16601-16611]"
  }, {
    "left" : "int start",
    "right" : "int start",
    "info" : "SingleVariableDeclaration[16612-16621]:SingleVariableDeclaration[16612-16621]"
  }, {
    "left" : "int end",
    "right" : "int end",
    "info" : "SingleVariableDeclaration[16623-16630]:SingleVariableDeclaration[16623-16630]"
  }, {
    "left" : "CloneNotSupportedException",
    "right" : "CloneNotSupportedException",
    "info" : "SimpleType[16649-16675]:SimpleType[16649-16675]"
  }, {
    "left" : "{}",
    "right" : "{}",
    "info" : "Block[16676-17310]:Block[16676-17310]"
  }, {
    "left" : "TimePeriodValues copy = (TimePeriodValues) super.clone();",
    "right" : "TimePeriodValues copy = (TimePeriodValues) super.clone();",
    "info" : "VariableDeclarationStatement[16689-16746]:VariableDeclarationStatement[16689-16746]"
  }, {
    "left" : "copy.data = new ArrayList();",
    "right" : "copy.data = new ArrayList();",
    "info" : "ExpressionStatement[16758-16786]:ExpressionStatement[16758-16786]"
  }, {
    "left" : "if (this.data.size() > 0)",
    "right" : "if (this.data.size() > 0)",
    "info" : "IfStatement[16796-17279]:IfStatement[16796-17279]"
  }, {
    "left" : "{}",
    "right" : "{}",
    "info" : "Block[16822-17279]:Block[16822-17279]"
  }, {
    "left" : "for (int index = start; index <= end; index++)",
    "right" : "for (int index = start; index <= end; index++)",
    "info" : "ForStatement[16837-17268]:ForStatement[16837-17268]"
  }, {
    "left" : "{}",
    "right" : "{}",
    "info" : "Block[16884-17268]:Block[16884-17268]"
  }, {
    "left" : "TimePeriodValue item = (TimePeriodValue) this.data.get(index);",
    "right" : "TimePeriodValue item = (TimePeriodValue) this.data.get(index);",
    "info" : "VariableDeclarationStatement[16903-16965]:VariableDeclarationStatement[16903-16965]"
  }, {
    "left" : "TimePeriodValue clone = (TimePeriodValue) item.clone();",
    "right" : "TimePeriodValue clone = (TimePeriodValue) item.clone();",
    "info" : "VariableDeclarationStatement[16983-17038]:VariableDeclarationStatement[16983-17038]"
  }, {
    "left" : "try{...}",
    "right" : "try{...}",
    "info" : "TryStatement[17056-17253]:TryStatement[17056-17253]"
  }, {
    "left" : "{}",
    "right" : "{}",
    "info" : "Block[17060-17118]:Block[17060-17118]"
  }, {
    "left" : "copy.add(clone);",
    "right" : "copy.add(clone);",
    "info" : "ExpressionStatement[17083-17099]:ExpressionStatement[17083-17099]"
  }, {
    "left" : "{}",
    "right" : "{}",
    "info" : "Block[17162-17253]:Block[17162-17253]"
  }, {
    "left" : "System.err.println(\"Failed to add cloned item.\");",
    "right" : "System.err.println(\"Failed to add cloned item.\");",
    "info" : "ExpressionStatement[17185-17234]:ExpressionStatement[17185-17234]"
  }, {
    "left" : "return copy;",
    "right" : "return copy;",
    "info" : "ReturnStatement[17289-17301]:ReturnStatement[17289-17301]"
  }, {
    "left" : "public",
    "right" : "public",
    "info" : "Modifier[17458-17464]:Modifier[17458-17464]"
  }, {
    "left" : "int",
    "right" : "int",
    "info" : "PrimitiveType[17465-17468]:PrimitiveType[17465-17468]"
  }, {
    "left" : "getMinStartIndex",
    "right" : "getMinStartIndex",
    "info" : "SimpleName[17469-17485]:SimpleName[17469-17485]"
  }, {
    "left" : "{}",
    "right" : "{}",
    "info" : "Block[17488-17532]:Block[17488-17532]"
  }, {
    "left" : "return this.minStartIndex;",
    "right" : "return this.minStartIndex;",
    "info" : "ReturnStatement[17499-17525]:ReturnStatement[17499-17525]"
  }, {
    "left" : "public",
    "right" : "public",
    "info" : "Modifier[17680-17686]:Modifier[17680-17686]"
  }, {
    "left" : "int",
    "right" : "int",
    "info" : "PrimitiveType[17687-17690]:PrimitiveType[17687-17690]"
  }, {
    "left" : "getMaxStartIndex",
    "right" : "getMaxStartIndex",
    "info" : "SimpleName[17691-17707]:SimpleName[17691-17707]"
  }, {
    "left" : "{}",
    "right" : "{}",
    "info" : "Block[17710-17754]:Block[17710-17754]"
  }, {
    "left" : "return this.maxStartIndex;",
    "right" : "return this.maxStartIndex;",
    "info" : "ReturnStatement[17721-17747]:ReturnStatement[17721-17747]"
  }, {
    "left" : "public",
    "right" : "public",
    "info" : "Modifier[17908-17914]:Modifier[17908-17914]"
  }, {
    "left" : "int",
    "right" : "int",
    "info" : "PrimitiveType[17915-17918]:PrimitiveType[17915-17918]"
  }, {
    "left" : "getMinMiddleIndex",
    "right" : "getMinMiddleIndex",
    "info" : "SimpleName[17919-17936]:SimpleName[17919-17936]"
  }, {
    "left" : "{}",
    "right" : "{}",
    "info" : "Block[17939-17984]:Block[17939-17984]"
  }, {
    "left" : "return this.minMiddleIndex;",
    "right" : "return this.minMiddleIndex;",
    "info" : "ReturnStatement[17950-17977]:ReturnStatement[17950-17977]"
  }, {
    "left" : "public",
    "right" : "public",
    "info" : "Modifier[18142-18148]:Modifier[18142-18148]"
  }, {
    "left" : "int",
    "right" : "int",
    "info" : "PrimitiveType[18149-18152]:PrimitiveType[18149-18152]"
  }, {
    "left" : "getMaxMiddleIndex",
    "right" : "getMaxMiddleIndex",
    "info" : "SimpleName[18153-18170]:SimpleName[18153-18170]"
  }, {
    "left" : "{}",
    "right" : "{}",
    "info" : "Block[18173-18218]:Block[18173-18218]"
  }, {
    "left" : "return this.maxMiddleIndex;",
    "right" : "return this.maxMiddleIndex;",
    "info" : "ReturnStatement[18184-18211]:ReturnStatement[18184-18211]"
  }, {
    "left" : "public",
    "right" : "public",
    "info" : "Modifier[18360-18366]:Modifier[18360-18366]"
  }, {
    "left" : "int",
    "right" : "int",
    "info" : "PrimitiveType[18367-18370]:PrimitiveType[18367-18370]"
  }, {
    "left" : "getMinEndIndex",
    "right" : "getMinEndIndex",
    "info" : "SimpleName[18371-18385]:SimpleName[18371-18385]"
  }, {
    "left" : "{}",
    "right" : "{}",
    "info" : "Block[18388-18430]:Block[18388-18430]"
  }, {
    "left" : "return this.minEndIndex;",
    "right" : "return this.minEndIndex;",
    "info" : "ReturnStatement[18399-18423]:ReturnStatement[18399-18423]"
  }, {
    "left" : "public",
    "right" : "public",
    "info" : "Modifier[18576-18582]:Modifier[18576-18582]"
  }, {
    "left" : "int",
    "right" : "int",
    "info" : "PrimitiveType[18583-18586]:PrimitiveType[18583-18586]"
  }, {
    "left" : "getMaxEndIndex",
    "right" : "getMaxEndIndex",
    "info" : "SimpleName[18587-18601]:SimpleName[18587-18601]"
  }, {
    "left" : "{}",
    "right" : "{}",
    "info" : "Block[18604-18646]:Block[18604-18646]"
  }, {
    "left" : "return this.maxEndIndex;",
    "right" : "return this.maxEndIndex;",
    "info" : "ReturnStatement[18615-18639]:ReturnStatement[18615-18639]"
  } ]
}