{
  "intraFileMappings" : {
    "matchedElements" : [
 {
      "left" : "class : CheckGlobalThis",
      "right" : "class : CheckGlobalThis",
      "info" : "TypeDeclaration[873-5957]:TypeDeclaration[873-5997]"
    }, {
      "left" : "GLOBAL_THIS",
      "right" : "GLOBAL_THIS",
      "info" : "FieldDeclaration[1879-2026]:FieldDeclaration[1879-2026]"
    }, {
      "left" : "compiler",
      "right" : "compiler",
      "info" : "FieldDeclaration[2030-2070]:FieldDeclaration[2030-2070]"
    }, {
      "left" : "level",
      "right" : "level",
      "info" : "FieldDeclaration[2073-2104]:FieldDeclaration[2073-2104]"
    }, {
      "left" : "assignLhsChild",
      "right" : "assignLhsChild",
      "info" : "FieldDeclaration[2108-2334]:FieldDeclaration[2108-2334]"
    }, {
      "left" : "CheckGlobalThis(AbstractCompiler compiler, CheckLevel level)",
      "right" : "CheckGlobalThis(AbstractCompiler compiler, CheckLevel level)",
      "info" : "MethodDeclaration[2338-2458]:MethodDeclaration[2338-2458]"
    }, {
      "left" : "public boolean shouldTraverse(NodeTraversal t, Node n, Node parent)",
      "right" : "public boolean shouldTraverse(NodeTraversal t, Node n, Node parent)",
      "info" : "MethodDeclaration[2462-4581]:MethodDeclaration[2462-4621]"
    }, {
      "left" : "public void visit(NodeTraversal t, Node n, Node parent)",
      "right" : "public void visit(NodeTraversal t, Node n, Node parent)",
      "info" : "MethodDeclaration[4585-4845]:MethodDeclaration[4625-4885]"
    }, {
      "left" : "private boolean shouldReportThis(Node n, Node parent)",
      "right" : "private boolean shouldReportThis(Node n, Node parent)",
      "info" : "MethodDeclaration[4849-5132]:MethodDeclaration[4889-5172]"
    }, {
      "left" : "private JSDocInfo getFunctionJsDocInfo(Node n)",
      "right" : "private JSDocInfo getFunctionJsDocInfo(Node n)",
      "info" : "MethodDeclaration[5136-5955]:MethodDeclaration[5176-5995]"
    } ],
    "mappings" : [
 {
      "left" : "final",
      "right" : "final",
      "info" : "Modifier[1826-1831]:Modifier[1826-1831]"
    }, {
      "left" : "class",
      "right" : "class",
      "info" : "TYPE_DECLARATION_KIND[1832-1837]:TYPE_DECLARATION_KIND[1832-1837]"
    }, {
      "left" : "CheckGlobalThis",
      "right" : "CheckGlobalThis",
      "info" : "SimpleName[1838-1853]:SimpleName[1838-1853]"
    }, {
      "left" : "Callback",
      "right" : "Callback",
      "info" : "SimpleType[1865-1873]:SimpleType[1865-1873]"
    }, {
      "left" : "CheckGlobalThis",
      "right" : "CheckGlobalThis",
      "info" : "SimpleName[2338-2353]:SimpleName[2338-2353]"
    }, {
      "left" : "AbstractCompiler compiler",
      "right" : "AbstractCompiler compiler",
      "info" : "SingleVariableDeclaration[2354-2379]:SingleVariableDeclaration[2354-2379]"
    }, {
      "left" : "CheckLevel level",
      "right" : "CheckLevel level",
      "info" : "SingleVariableDeclaration[2381-2397]:SingleVariableDeclaration[2381-2397]"
    }, {
      "left" : "{}",
      "right" : "{}",
      "info" : "Block[2399-2458]:Block[2399-2458]"
    }, {
      "left" : "this.compiler = compiler;",
      "right" : "this.compiler = compiler;",
      "info" : "ExpressionStatement[2405-2430]:ExpressionStatement[2405-2430]"
    }, {
      "left" : "this.level = level;",
      "right" : "this.level = level;",
      "info" : "ExpressionStatement[2435-2454]:ExpressionStatement[2435-2454]"
    }, {
      "left" : "public",
      "right" : "public",
      "info" : "Modifier[2623-2629]:Modifier[2623-2629]"
    }, {
      "left" : "boolean",
      "right" : "boolean",
      "info" : "PrimitiveType[2630-2637]:PrimitiveType[2630-2637]"
    }, {
      "left" : "shouldTraverse",
      "right" : "shouldTraverse",
      "info" : "SimpleName[2638-2652]:SimpleName[2638-2652]"
    }, {
      "left" : "NodeTraversal t",
      "right" : "NodeTraversal t",
      "info" : "SingleVariableDeclaration[2653-2668]:SingleVariableDeclaration[2653-2668]"
    }, {
      "left" : "Node n",
      "right" : "Node n",
      "info" : "SingleVariableDeclaration[2670-2676]:SingleVariableDeclaration[2670-2676]"
    }, {
      "left" : "Node parent",
      "right" : "Node parent",
      "info" : "SingleVariableDeclaration[2678-2689]:SingleVariableDeclaration[2678-2689]"
    }, {
      "left" : "{}",
      "right" : "{}",
      "info" : "Block[2691-4581]:Block[2691-4621]"
    }, {
      "left" : "if (n.getType() == Token.FUNCTION)",
      "right" : "if (n.getType() == Token.FUNCTION)",
      "info" : "IfStatement[2698-3581]:IfStatement[2698-3621]"
    }, {
      "left" : "{}",
      "right" : "{}",
      "info" : "Block[2733-3581]:Block[2733-3621]"
    }, {
      "left" : "JSDocInfo jsDoc = getFunctionJsDocInfo(n);",
      "right" : "JSDocInfo jsDoc = getFunctionJsDocInfo(n);",
      "info" : "VariableDeclarationStatement[2849-2891]:VariableDeclarationStatement[2849-2891]"
    }, {
      "left" : "if (jsDoc != null &&\n          (jsDoc.isConstructor() ||\n           jsDoc.isInterface() ||\n           jsDoc.hasThisType() ||\n           jsDoc.isOverride()))",
      "right" : "if (jsDoc != null &&\n          (jsDoc.isConstructor() ||\n           jsDoc.isInterface() ||\n           jsDoc.hasThisType() ||\n           jsDoc.isOverride()))",
      "info" : "IfStatement[2898-3086]:IfStatement[2898-3086]"
    }, {
      "left" : "{}",
      "right" : "{}",
      "info" : "Block[3055-3086]:Block[3055-3086]"
    }, {
      "left" : "return false;",
      "right" : "return false;",
      "info" : "ReturnStatement[3065-3078]:ReturnStatement[3065-3078]"
    }, {
      "left" : "int pType = parent.getType();",
      "right" : "int pType = parent.getType();",
      "info" : "VariableDeclarationStatement[3370-3399]:VariableDeclarationStatement[3370-3399]"
    }, {
      "left" : "if (!(pType == Token.BLOCK ||\n            pType == Token.SCRIPT ||\n            pType == Token.NAME ||\n            pType == Token.ASSIGN))",
      "right" : "if (!(pType == Token.BLOCK ||\n            pType == Token.SCRIPT ||\n            pType == Token.NAME ||\n            pType == Token.ASSIGN ||\n            pType == Token.OBJECTLIT))",
      "info" : "IfStatement[3406-3575]:IfStatement[3406-3615]"
    }, {
      "left" : "pType == Token.BLOCK ||\n            pType == Token.SCRIPT ||\n            pType == Token.NAME ||\n            pType == Token.ASSIGN",
      "right" : "pType == Token.BLOCK ||\n            pType == Token.SCRIPT ||\n            pType == Token.NAME ||\n            pType == Token.ASSIGN",
      "info" : "InfixExpression[3412-3541]:InfixExpression[3412-3541]"
    }, {
      "left" : "{}",
      "right" : "{}",
      "info" : "Block[3544-3575]:Block[3584-3615]"
    }, {
      "left" : "return false;",
      "right" : "return false;",
      "info" : "ReturnStatement[3554-3567]:ReturnStatement[3594-3607]"
    }, {
      "left" : "if (parent != null && parent.getType() == Token.ASSIGN)",
      "right" : "if (parent != null && parent.getType() == Token.ASSIGN)",
      "info" : "IfStatement[3587-4559]:IfStatement[3627-4599]"
    }, {
      "left" : "{}",
      "right" : "{}",
      "info" : "Block[3643-4559]:Block[3683-4599]"
    }, {
      "left" : "Node lhs = parent.getFirstChild();",
      "right" : "Node lhs = parent.getFirstChild();",
      "info" : "VariableDeclarationStatement[3651-3685]:VariableDeclarationStatement[3691-3725]"
    }, {
      "left" : "Node rhs = lhs.getNext();",
      "right" : "Node rhs = lhs.getNext();",
      "info" : "VariableDeclarationStatement[3692-3717]:VariableDeclarationStatement[3732-3757]"
    }, {
      "left" : "if (n == lhs)",
      "right" : "if (n == lhs)",
      "info" : "IfStatement[3725-4553]:IfStatement[3765-4593]"
    }, {
      "left" : "{}",
      "right" : "{}",
      "info" : "Block[3739-4023]:Block[3779-4063]"
    }, {
      "left" : "if (assignLhsChild == null)",
      "right" : "if (assignLhsChild == null)",
      "info" : "IfStatement[3944-4015]:IfStatement[3984-4055]"
    }, {
      "left" : "{}",
      "right" : "{}",
      "info" : "Block[3972-4015]:Block[4012-4055]"
    }, {
      "left" : "assignLhsChild = lhs;",
      "right" : "assignLhsChild = lhs;",
      "info" : "ExpressionStatement[3984-4005]:ExpressionStatement[4024-4045]"
    }, {
      "left" : "{}",
      "right" : "{}",
      "info" : "Block[4029-4553]:Block[4069-4593]"
    }, {
      "left" : "if (NodeUtil.isGet(lhs))",
      "right" : "if (NodeUtil.isGet(lhs))",
      "info" : "IfStatement[4156-4545]:IfStatement[4196-4585]"
    }, {
      "left" : "{}",
      "right" : "{}",
      "info" : "Block[4181-4545]:Block[4221-4585]"
    }, {
      "left" : "if (lhs.getType() == Token.GETPROP &&\n              lhs.getLastChild().getString().equals(\"prototype\"))",
      "right" : "if (lhs.getType() == Token.GETPROP &&\n              lhs.getLastChild().getString().equals(\"prototype\"))",
      "info" : "IfStatement[4193-4336]:IfStatement[4233-4376]"
    }, {
      "left" : "{}",
      "right" : "{}",
      "info" : "Block[4297-4336]:Block[4337-4376]"
    }, {
      "left" : "return false;",
      "right" : "return false;",
      "info" : "ReturnStatement[4311-4324]:ReturnStatement[4351-4364]"
    }, {
      "left" : "Node llhs = lhs.getFirstChild();",
      "right" : "Node llhs = lhs.getFirstChild();",
      "info" : "VariableDeclarationStatement[4347-4379]:VariableDeclarationStatement[4387-4419]"
    }, {
      "left" : "if (llhs.getType() == Token.GETPROP &&\n              llhs.getLastChild().getString().equals(\"prototype\"))",
      "right" : "if (llhs.getType() == Token.GETPROP &&\n              llhs.getLastChild().getString().equals(\"prototype\"))",
      "info" : "IfStatement[4390-4535]:IfStatement[4430-4575]"
    }, {
      "left" : "{}",
      "right" : "{}",
      "info" : "Block[4496-4535]:Block[4536-4575]"
    }, {
      "left" : "return false;",
      "right" : "return false;",
      "info" : "ReturnStatement[4510-4523]:ReturnStatement[4550-4563]"
    }, {
      "left" : "return true;",
      "right" : "return true;",
      "info" : "ReturnStatement[4565-4577]:ReturnStatement[4605-4617]"
    }, {
      "left" : "public",
      "right" : "public",
      "info" : "Modifier[4585-4591]:Modifier[4625-4631]"
    }, {
      "left" : "void",
      "right" : "void",
      "info" : "PrimitiveType[4592-4596]:PrimitiveType[4632-4636]"
    }, {
      "left" : "visit",
      "right" : "visit",
      "info" : "SimpleName[4597-4602]:SimpleName[4637-4642]"
    }, {
      "left" : "NodeTraversal t",
      "right" : "NodeTraversal t",
      "info" : "SingleVariableDeclaration[4603-4618]:SingleVariableDeclaration[4643-4658]"
    }, {
      "left" : "Node n",
      "right" : "Node n",
      "info" : "SingleVariableDeclaration[4620-4626]:SingleVariableDeclaration[4660-4666]"
    }, {
      "left" : "Node parent",
      "right" : "Node parent",
      "info" : "SingleVariableDeclaration[4628-4639]:SingleVariableDeclaration[4668-4679]"
    }, {
      "left" : "{}",
      "right" : "{}",
      "info" : "Block[4641-4845]:Block[4681-4885]"
    }, {
      "left" : "if (n.getType() == Token.THIS && shouldReportThis(n, parent))",
      "right" : "if (n.getType() == Token.THIS && shouldReportThis(n, parent))",
      "info" : "IfStatement[4647-4775]:IfStatement[4687-4815]"
    }, {
      "left" : "{}",
      "right" : "{}",
      "info" : "Block[4709-4775]:Block[4749-4815]"
    }, {
      "left" : "compiler.report(t.makeError(n, level, GLOBAL_THIS));",
      "right" : "compiler.report(t.makeError(n, level, GLOBAL_THIS));",
      "info" : "ExpressionStatement[4717-4769]:ExpressionStatement[4757-4809]"
    }, {
      "left" : "if (n == assignLhsChild)",
      "right" : "if (n == assignLhsChild)",
      "info" : "IfStatement[4780-4841]:IfStatement[4820-4881]"
    }, {
      "left" : "{}",
      "right" : "{}",
      "info" : "Block[4805-4841]:Block[4845-4881]"
    }, {
      "left" : "assignLhsChild = null;",
      "right" : "assignLhsChild = null;",
      "info" : "ExpressionStatement[4813-4835]:ExpressionStatement[4853-4875]"
    }, {
      "left" : "private",
      "right" : "private",
      "info" : "Modifier[4849-4856]:Modifier[4889-4896]"
    }, {
      "left" : "boolean",
      "right" : "boolean",
      "info" : "PrimitiveType[4857-4864]:PrimitiveType[4897-4904]"
    }, {
      "left" : "shouldReportThis",
      "right" : "shouldReportThis",
      "info" : "SimpleName[4865-4881]:SimpleName[4905-4921]"
    }, {
      "left" : "Node n",
      "right" : "Node n",
      "info" : "SingleVariableDeclaration[4882-4888]:SingleVariableDeclaration[4922-4928]"
    }, {
      "left" : "Node parent",
      "right" : "Node parent",
      "info" : "SingleVariableDeclaration[4890-4901]:SingleVariableDeclaration[4930-4941]"
    }, {
      "left" : "{}",
      "right" : "{}",
      "info" : "Block[4903-5132]:Block[4943-5172]"
    }, {
      "left" : "if (assignLhsChild != null)",
      "right" : "if (assignLhsChild != null)",
      "info" : "IfStatement[4909-5024]:IfStatement[4949-5064]"
    }, {
      "left" : "{}",
      "right" : "{}",
      "info" : "Block[4937-5024]:Block[4977-5064]"
    }, {
      "left" : "return true;",
      "right" : "return true;",
      "info" : "ReturnStatement[5006-5018]:ReturnStatement[5046-5058]"
    }, {
      "left" : "return parent != null && NodeUtil.isGet(parent);",
      "right" : "return parent != null && NodeUtil.isGet(parent);",
      "info" : "ReturnStatement[5080-5128]:ReturnStatement[5120-5168]"
    }, {
      "left" : "private",
      "right" : "private",
      "info" : "Modifier[5412-5419]:Modifier[5452-5459]"
    }, {
      "left" : "JSDocInfo",
      "right" : "JSDocInfo",
      "info" : "SimpleType[5420-5429]:SimpleType[5460-5469]"
    }, {
      "left" : "getFunctionJsDocInfo",
      "right" : "getFunctionJsDocInfo",
      "info" : "SimpleName[5430-5450]:SimpleName[5470-5490]"
    }, {
      "left" : "Node n",
      "right" : "Node n",
      "info" : "SingleVariableDeclaration[5451-5457]:SingleVariableDeclaration[5491-5497]"
    }, {
      "left" : "{}",
      "right" : "{}",
      "info" : "Block[5459-5955]:Block[5499-5995]"
    }, {
      "left" : "JSDocInfo jsDoc = n.getJSDocInfo();",
      "right" : "JSDocInfo jsDoc = n.getJSDocInfo();",
      "info" : "VariableDeclarationStatement[5465-5500]:VariableDeclarationStatement[5505-5540]"
    }, {
      "left" : "Node parent = n.getParent();",
      "right" : "Node parent = n.getParent();",
      "info" : "VariableDeclarationStatement[5505-5533]:VariableDeclarationStatement[5545-5573]"
    }, {
      "left" : "if (jsDoc == null)",
      "right" : "if (jsDoc == null)",
      "info" : "IfStatement[5538-5933]:IfStatement[5578-5973]"
    }, {
      "left" : "{}",
      "right" : "{}",
      "info" : "Block[5557-5933]:Block[5597-5973]"
    }, {
      "left" : "int parentType = parent.getType();",
      "right" : "int parentType = parent.getType();",
      "info" : "VariableDeclarationStatement[5565-5599]:VariableDeclarationStatement[5605-5639]"
    }, {
      "left" : "if (parentType == Token.NAME || parentType == Token.ASSIGN)",
      "right" : "if (parentType == Token.NAME || parentType == Token.ASSIGN)",
      "info" : "IfStatement[5606-5927]:IfStatement[5646-5967]"
    }, {
      "left" : "{}",
      "right" : "{}",
      "info" : "Block[5666-5927]:Block[5706-5967]"
    }, {
      "left" : "jsDoc = parent.getJSDocInfo();",
      "right" : "jsDoc = parent.getJSDocInfo();",
      "info" : "ExpressionStatement[5676-5706]:ExpressionStatement[5716-5746]"
    }, {
      "left" : "if (jsDoc == null && parentType == Token.NAME)",
      "right" : "if (jsDoc == null && parentType == Token.NAME)",
      "info" : "IfStatement[5715-5919]:IfStatement[5755-5959]"
    }, {
      "left" : "{}",
      "right" : "{}",
      "info" : "Block[5762-5919]:Block[5802-5959]"
    }, {
      "left" : "Node gramps = parent.getParent();",
      "right" : "Node gramps = parent.getParent();",
      "info" : "VariableDeclarationStatement[5774-5807]:VariableDeclarationStatement[5814-5847]"
    }, {
      "left" : "if (gramps.getType() == Token.VAR)",
      "right" : "if (gramps.getType() == Token.VAR)",
      "info" : "IfStatement[5818-5909]:IfStatement[5858-5949]"
    }, {
      "left" : "{}",
      "right" : "{}",
      "info" : "Block[5853-5909]:Block[5893-5949]"
    }, {
      "left" : "jsDoc = gramps.getJSDocInfo();",
      "right" : "jsDoc = gramps.getJSDocInfo();",
      "info" : "ExpressionStatement[5867-5897]:ExpressionStatement[5907-5937]"
    }, {
      "left" : "return jsDoc;",
      "right" : "return jsDoc;",
      "info" : "ReturnStatement[5938-5951]:ReturnStatement[5978-5991]"
    } ]
  },
  "interFileMappings" : { }
}