{
  "matchedElements" : [
 {
    "left" : "class : NormalDistributionImpl",
    "right" : "class : NormalDistributionImpl",
    "info" : "TypeDeclaration[1035-6502]:TypeDeclaration[1035-6839]"
  }, {
    "left" : "serialVersionUID",
    "right" : "serialVersionUID",
    "info" : "FieldDeclaration[1312-1421]:FieldDeclaration[1312-1421]"
  }, {
    "left" : "mean",
    "right" : "mean",
    "info" : "FieldDeclaration[1427-1493]:FieldDeclaration[1427-1493]"
  }, {
    "left" : "standardDeviation",
    "right" : "standardDeviation",
    "info" : "FieldDeclaration[1503-1596]:FieldDeclaration[1503-1596]"
  }, {
    "left" : "public NormalDistributionImpl(mean double, sd double)",
    "right" : "public NormalDistributionImpl(mean double, sd double)",
    "info" : "MethodDeclaration[1606-1941]:MethodDeclaration[1606-1941]"
  }, {
    "left" : "public NormalDistributionImpl()",
    "right" : "public NormalDistributionImpl()",
    "info" : "MethodDeclaration[1951-2137]:MethodDeclaration[1951-2137]"
  }, {
    "left" : "public getMean() : double",
    "right" : "public getMean() : double",
    "info" : "MethodDeclaration[2147-2282]:MethodDeclaration[2147-2282]"
  }, {
    "left" : "public setMean(mean double) : void",
    "right" : "public setMean(mean double) : void",
    "info" : "MethodDeclaration[2292-2439]:MethodDeclaration[2292-2439]"
  }, {
    "left" : "public getStandardDeviation() : double",
    "right" : "public getStandardDeviation() : double",
    "info" : "MethodDeclaration[2445-2633]:MethodDeclaration[2445-2633]"
  }, {
    "left" : "public setStandardDeviation(sd double) : void",
    "right" : "public setStandardDeviation(sd double) : void",
    "info" : "MethodDeclaration[2639-3057]:MethodDeclaration[2639-3057]"
  }, {
    "left" : "public cumulativeProbability(x double) : double",
    "right" : "public cumulativeProbability(x double) : double",
    "info" : "MethodDeclaration[3063-3660]:MethodDeclaration[3063-3997]"
  }, {
    "left" : "public inverseCumulativeProbability(p double) : double",
    "right" : "public inverseCumulativeProbability(p double) : double",
    "info" : "MethodDeclaration[3670-4592]:MethodDeclaration[4007-4929]"
  }, {
    "left" : "protected getDomainLowerBound(p double) : double",
    "right" : "protected getDomainLowerBound(p double) : double",
    "info" : "MethodDeclaration[4602-5225]:MethodDeclaration[4939-5562]"
  }, {
    "left" : "protected getDomainUpperBound(p double) : double",
    "right" : "protected getDomainUpperBound(p double) : double",
    "info" : "MethodDeclaration[5231-5853]:MethodDeclaration[5568-6190]"
  }, {
    "left" : "protected getInitialDomain(p double) : double",
    "right" : "protected getInitialDomain(p double) : double",
    "info" : "MethodDeclaration[5859-6500]:MethodDeclaration[6196-6837]"
  } ],
  "mappings" : [
 {
    "left" : "public",
    "right" : "public",
    "info" : "Modifier[1173-1179]:Modifier[1173-1179]"
  }, {
    "left" : "class",
    "right" : "class",
    "info" : "TYPE_DECLARATION_KIND[1180-1185]:TYPE_DECLARATION_KIND[1180-1185]"
  }, {
    "left" : "public",
    "right" : "public",
    "info" : "Modifier[1807-1813]:Modifier[1807-1813]"
  }, {
    "left" : "NormalDistributionImpl",
    "right" : "NormalDistributionImpl",
    "info" : "SimpleName[1814-1836]:SimpleName[1814-1836]"
  }, {
    "left" : "double mean",
    "right" : "double mean",
    "info" : "SingleVariableDeclaration[1837-1848]:SingleVariableDeclaration[1837-1848]"
  }, {
    "left" : "double sd",
    "right" : "double sd",
    "info" : "SingleVariableDeclaration[1850-1859]:SingleVariableDeclaration[1850-1859]"
  }, {
    "left" : "{}",
    "right" : "{}",
    "info" : "Block[1860-1941]:Block[1860-1941]"
  }, {
    "left" : "super();",
    "right" : "super();",
    "info" : "SuperConstructorInvocation[1870-1878]:SuperConstructorInvocation[1870-1878]"
  }, {
    "left" : "setMean(mean);",
    "right" : "setMean(mean);",
    "info" : "ExpressionStatement[1887-1901]:ExpressionStatement[1887-1901]"
  }, {
    "left" : "setStandardDeviation(sd);",
    "right" : "setStandardDeviation(sd);",
    "info" : "ExpressionStatement[1910-1935]:ExpressionStatement[1910-1935]"
  }, {
    "left" : "public",
    "right" : "public",
    "info" : "Modifier[2075-2081]:Modifier[2075-2081]"
  }, {
    "left" : "NormalDistributionImpl",
    "right" : "NormalDistributionImpl",
    "info" : "SimpleName[2082-2104]:SimpleName[2082-2104]"
  }, {
    "left" : "{}",
    "right" : "{}",
    "info" : "Block[2106-2137]:Block[2106-2137]"
  }, {
    "left" : "this(0.0, 1.0);",
    "right" : "this(0.0, 1.0);",
    "info" : "ConstructorInvocation[2116-2131]:ConstructorInvocation[2116-2131]"
  }, {
    "left" : "public",
    "right" : "public",
    "info" : "Modifier[2230-2236]:Modifier[2230-2236]"
  }, {
    "left" : "double",
    "right" : "double",
    "info" : "PrimitiveType[2237-2243]:PrimitiveType[2237-2243]"
  }, {
    "left" : "getMean",
    "right" : "getMean",
    "info" : "SimpleName[2244-2251]:SimpleName[2244-2251]"
  }, {
    "left" : "{}",
    "right" : "{}",
    "info" : "Block[2254-2282]:Block[2254-2282]"
  }, {
    "left" : "return mean;",
    "right" : "return mean;",
    "info" : "ReturnStatement[2264-2276]:ReturnStatement[2264-2276]"
  }, {
    "left" : "public",
    "right" : "public",
    "info" : "Modifier[2373-2379]:Modifier[2373-2379]"
  }, {
    "left" : "void",
    "right" : "void",
    "info" : "PrimitiveType[2380-2384]:PrimitiveType[2380-2384]"
  }, {
    "left" : "setMean",
    "right" : "setMean",
    "info" : "SimpleName[2385-2392]:SimpleName[2385-2392]"
  }, {
    "left" : "double mean",
    "right" : "double mean",
    "info" : "SingleVariableDeclaration[2393-2404]:SingleVariableDeclaration[2393-2404]"
  }, {
    "left" : "{}",
    "right" : "{}",
    "info" : "Block[2406-2439]:Block[2406-2439]"
  }, {
    "left" : "this.mean = mean;",
    "right" : "this.mean = mean;",
    "info" : "ExpressionStatement[2416-2433]:ExpressionStatement[2416-2433]"
  }, {
    "left" : "public",
    "right" : "public",
    "info" : "Modifier[2555-2561]:Modifier[2555-2561]"
  }, {
    "left" : "double",
    "right" : "double",
    "info" : "PrimitiveType[2562-2568]:PrimitiveType[2562-2568]"
  }, {
    "left" : "getStandardDeviation",
    "right" : "getStandardDeviation",
    "info" : "SimpleName[2569-2589]:SimpleName[2569-2589]"
  }, {
    "left" : "{}",
    "right" : "{}",
    "info" : "Block[2592-2633]:Block[2592-2633]"
  }, {
    "left" : "return standardDeviation;",
    "right" : "return standardDeviation;",
    "info" : "ReturnStatement[2602-2627]:ReturnStatement[2602-2627]"
  }, {
    "left" : "public",
    "right" : "public",
    "info" : "Modifier[2827-2833]:Modifier[2827-2833]"
  }, {
    "left" : "void",
    "right" : "void",
    "info" : "PrimitiveType[2834-2838]:PrimitiveType[2834-2838]"
  }, {
    "left" : "setStandardDeviation",
    "right" : "setStandardDeviation",
    "info" : "SimpleName[2839-2859]:SimpleName[2839-2859]"
  }, {
    "left" : "double sd",
    "right" : "double sd",
    "info" : "SingleVariableDeclaration[2860-2869]:SingleVariableDeclaration[2860-2869]"
  }, {
    "left" : "{}",
    "right" : "{}",
    "info" : "Block[2871-3057]:Block[2871-3057]"
  }, {
    "left" : "if (sd <= 0.0)",
    "right" : "if (sd <= 0.0)",
    "info" : "IfStatement[2881-3012]:IfStatement[2881-3012]"
  }, {
    "left" : "{}",
    "right" : "{}",
    "info" : "Block[2896-3012]:Block[2896-3012]"
  }, {
    "left" : "throw new IllegalArgumentException(\n                \"Standard deviation must be positive.\");",
    "right" : "throw new IllegalArgumentException(\n                \"Standard deviation must be positive.\");",
    "info" : "ThrowStatement[2910-3002]:ThrowStatement[2910-3002]"
  }, {
    "left" : "standardDeviation = sd;",
    "right" : "standardDeviation = sd;",
    "info" : "ExpressionStatement[3028-3051]:ExpressionStatement[3028-3051]"
  }, {
    "left" : "public",
    "right" : "public",
    "info" : "Modifier[3473-3479]:Modifier[3473-3479]"
  }, {
    "left" : "double",
    "right" : "double",
    "info" : "PrimitiveType[3480-3486]:PrimitiveType[3480-3486]"
  }, {
    "left" : "cumulativeProbability",
    "right" : "cumulativeProbability",
    "info" : "SimpleName[3487-3508]:SimpleName[3487-3508]"
  }, {
    "left" : "double x",
    "right" : "double x",
    "info" : "SingleVariableDeclaration[3509-3517]:SingleVariableDeclaration[3509-3517]"
  }, {
    "left" : "MathException",
    "right" : "MathException",
    "info" : "SimpleType[3526-3539]:SimpleType[3526-3539]"
  }, {
    "left" : "{}",
    "right" : "{}",
    "info" : "Block[3540-3660]:Block[3554-3678]"
  }, {
    "left" : "return 0.5 * (1.0 + Erf.erf((x - mean) /\n                    (standardDeviation * Math.sqrt(2.0))));",
    "right" : "return 0.5 * (1.0 + Erf.erf((x - mean) /\n                    (standardDeviation * Math.sqrt(2.0))));",
    "info" : "ReturnStatement[3554-3654]:ReturnStatement[3568-3668]"
  }, {
    "left" : "public",
    "right" : "public",
    "info" : "Modifier[4292-4298]:Modifier[4629-4635]"
  }, {
    "left" : "double",
    "right" : "double",
    "info" : "PrimitiveType[4299-4305]:PrimitiveType[4636-4642]"
  }, {
    "left" : "inverseCumulativeProbability",
    "right" : "inverseCumulativeProbability",
    "info" : "SimpleName[4306-4334]:SimpleName[4643-4671]"
  }, {
    "left" : "final double p",
    "right" : "final double p",
    "info" : "SingleVariableDeclaration[4335-4349]:SingleVariableDeclaration[4672-4686]"
  }, {
    "left" : "MathException",
    "right" : "MathException",
    "info" : "SimpleType[4363-4376]:SimpleType[4700-4713]"
  }, {
    "left" : "{}",
    "right" : "{}",
    "info" : "Block[4377-4592]:Block[4714-4929]"
  }, {
    "left" : "if (p == 0)",
    "right" : "if (p == 0)",
    "info" : "IfStatement[4387-4455]:IfStatement[4724-4792]"
  }, {
    "left" : "{}",
    "right" : "{}",
    "info" : "Block[4399-4455]:Block[4736-4792]"
  }, {
    "left" : "return Double.NEGATIVE_INFINITY;",
    "right" : "return Double.NEGATIVE_INFINITY;",
    "info" : "ReturnStatement[4413-4445]:ReturnStatement[4750-4782]"
  }, {
    "left" : "if (p == 1)",
    "right" : "if (p == 1)",
    "info" : "IfStatement[4464-4532]:IfStatement[4801-4869]"
  }, {
    "left" : "{}",
    "right" : "{}",
    "info" : "Block[4476-4532]:Block[4813-4869]"
  }, {
    "left" : "return Double.POSITIVE_INFINITY;",
    "right" : "return Double.POSITIVE_INFINITY;",
    "info" : "ReturnStatement[4490-4522]:ReturnStatement[4827-4859]"
  }, {
    "left" : "return super.inverseCumulativeProbability(p);",
    "right" : "return super.inverseCumulativeProbability(p);",
    "info" : "ReturnStatement[4541-4586]:ReturnStatement[4878-4923]"
  }, {
    "left" : "protected",
    "right" : "protected",
    "info" : "Modifier[5006-5015]:Modifier[5343-5352]"
  }, {
    "left" : "double",
    "right" : "double",
    "info" : "PrimitiveType[5016-5022]:PrimitiveType[5353-5359]"
  }, {
    "left" : "getDomainLowerBound",
    "right" : "getDomainLowerBound",
    "info" : "SimpleName[5023-5042]:SimpleName[5360-5379]"
  }, {
    "left" : "double p",
    "right" : "double p",
    "info" : "SingleVariableDeclaration[5043-5051]:SingleVariableDeclaration[5380-5388]"
  }, {
    "left" : "{}",
    "right" : "{}",
    "info" : "Block[5053-5225]:Block[5390-5562]"
  }, {
    "left" : "double ret;",
    "right" : "double ret;",
    "info" : "VariableDeclarationStatement[5063-5074]:VariableDeclarationStatement[5400-5411]"
  }, {
    "left" : "if (p < .5)",
    "right" : "if (p < .5)",
    "info" : "IfStatement[5084-5190]:IfStatement[5421-5527]"
  }, {
    "left" : "{}",
    "right" : "{}",
    "info" : "Block[5096-5144]:Block[5433-5481]"
  }, {
    "left" : "ret = -Double.MAX_VALUE;",
    "right" : "ret = -Double.MAX_VALUE;",
    "info" : "ExpressionStatement[5110-5134]:ExpressionStatement[5447-5471]"
  }, {
    "left" : "{}",
    "right" : "{}",
    "info" : "Block[5150-5190]:Block[5487-5527]"
  }, {
    "left" : "ret = getMean();",
    "right" : "ret = getMean();",
    "info" : "ExpressionStatement[5164-5180]:ExpressionStatement[5501-5517]"
  }, {
    "left" : "return ret;",
    "right" : "return ret;",
    "info" : "ReturnStatement[5208-5219]:ReturnStatement[5545-5556]"
  }, {
    "left" : "protected",
    "right" : "protected",
    "info" : "Modifier[5635-5644]:Modifier[5972-5981]"
  }, {
    "left" : "double",
    "right" : "double",
    "info" : "PrimitiveType[5645-5651]:PrimitiveType[5982-5988]"
  }, {
    "left" : "getDomainUpperBound",
    "right" : "getDomainUpperBound",
    "info" : "SimpleName[5652-5671]:SimpleName[5989-6008]"
  }, {
    "left" : "double p",
    "right" : "double p",
    "info" : "SingleVariableDeclaration[5672-5680]:SingleVariableDeclaration[6009-6017]"
  }, {
    "left" : "{}",
    "right" : "{}",
    "info" : "Block[5682-5853]:Block[6019-6190]"
  }, {
    "left" : "double ret;",
    "right" : "double ret;",
    "info" : "VariableDeclarationStatement[5692-5703]:VariableDeclarationStatement[6029-6040]"
  }, {
    "left" : "if (p < .5)",
    "right" : "if (p < .5)",
    "info" : "IfStatement[5713-5818]:IfStatement[6050-6155]"
  }, {
    "left" : "{}",
    "right" : "{}",
    "info" : "Block[5725-5765]:Block[6062-6102]"
  }, {
    "left" : "ret = getMean();",
    "right" : "ret = getMean();",
    "info" : "ExpressionStatement[5739-5755]:ExpressionStatement[6076-6092]"
  }, {
    "left" : "{}",
    "right" : "{}",
    "info" : "Block[5771-5818]:Block[6108-6155]"
  }, {
    "left" : "ret = Double.MAX_VALUE;",
    "right" : "ret = Double.MAX_VALUE;",
    "info" : "ExpressionStatement[5785-5808]:ExpressionStatement[6122-6145]"
  }, {
    "left" : "return ret;",
    "right" : "return ret;",
    "info" : "ReturnStatement[5836-5847]:ReturnStatement[6173-6184]"
  }, {
    "left" : "protected",
    "right" : "protected",
    "info" : "Modifier[6184-6193]:Modifier[6521-6530]"
  }, {
    "left" : "double",
    "right" : "double",
    "info" : "PrimitiveType[6194-6200]:PrimitiveType[6531-6537]"
  }, {
    "left" : "getInitialDomain",
    "right" : "getInitialDomain",
    "info" : "SimpleName[6201-6217]:SimpleName[6538-6554]"
  }, {
    "left" : "double p",
    "right" : "double p",
    "info" : "SingleVariableDeclaration[6218-6226]:SingleVariableDeclaration[6555-6563]"
  }, {
    "left" : "{}",
    "right" : "{}",
    "info" : "Block[6228-6500]:Block[6565-6837]"
  }, {
    "left" : "double ret;",
    "right" : "double ret;",
    "info" : "VariableDeclarationStatement[6238-6249]:VariableDeclarationStatement[6575-6586]"
  }, {
    "left" : "if (p < .5)",
    "right" : "if (p < .5)",
    "info" : "IfStatement[6259-6465]:IfStatement[6596-6802]"
  }, {
    "left" : "{}",
    "right" : "{}",
    "info" : "Block[6271-6336]:Block[6608-6673]"
  }, {
    "left" : "ret = getMean() - getStandardDeviation();",
    "right" : "ret = getMean() - getStandardDeviation();",
    "info" : "ExpressionStatement[6285-6326]:ExpressionStatement[6622-6663]"
  }, {
    "left" : "if (p > .5)",
    "right" : "if (p > .5)",
    "info" : "IfStatement[6342-6465]:IfStatement[6679-6802]"
  }, {
    "left" : "{}",
    "right" : "{}",
    "info" : "Block[6354-6419]:Block[6691-6756]"
  }, {
    "left" : "ret = getMean() + getStandardDeviation();",
    "right" : "ret = getMean() + getStandardDeviation();",
    "info" : "ExpressionStatement[6368-6409]:ExpressionStatement[6705-6746]"
  }, {
    "left" : "{}",
    "right" : "{}",
    "info" : "Block[6425-6465]:Block[6762-6802]"
  }, {
    "left" : "ret = getMean();",
    "right" : "ret = getMean();",
    "info" : "ExpressionStatement[6439-6455]:ExpressionStatement[6776-6792]"
  }, {
    "left" : "return ret;",
    "right" : "return ret;",
    "info" : "ReturnStatement[6483-6494]:ReturnStatement[6820-6831]"
  } ]
}