{
  "matchedElements" : [
 {
    "left" : "class : ClassNameIdResolver",
    "right" : "class : ClassNameIdResolver",
    "info" : "TypeDeclaration[310-6778]:TypeDeclaration[310-7017]"
  }, {
    "left" : "public ClassNameIdResolver(baseType , typeFactory )",
    "right" : "public ClassNameIdResolver(baseType , typeFactory )",
    "info" : "MethodDeclaration[550-666]:MethodDeclaration[550-666]"
  }, {
    "left" : "public getMechanism() : ",
    "right" : "public getMechanism() : ",
    "info" : "MethodDeclaration[672-757]:MethodDeclaration[672-757]"
  }, {
    "left" : "public registerSubtype(type , name ) : void",
    "right" : "public registerSubtype(type , name ) : void",
    "info" : "MethodDeclaration[763-880]:MethodDeclaration[763-880]"
  }, {
    "left" : "public idFromValue(value ) : ",
    "right" : "public idFromValue(value ) : ",
    "info" : "MethodDeclaration[890-1014]:MethodDeclaration[890-1014]"
  }, {
    "left" : "public idFromValueAndType(value , type ) : ",
    "right" : "public idFromValueAndType(value , type ) : ",
    "info" : "MethodDeclaration[1020-1154]:MethodDeclaration[1020-1154]"
  }, {
    "left" : "public typeFromId(context , id ) : ",
    "right" : "public typeFromId(context , id ) : ",
    "info" : "MethodDeclaration[1160-1304]:MethodDeclaration[1160-1304]"
  }, {
    "left" : "protected _typeFromId(id , ctxt ) : ",
    "right" : "protected _typeFromId(id , ctxt ) : ",
    "info" : "MethodDeclaration[1310-3066]:MethodDeclaration[1310-3305]"
  }, {
    "left" : "protected _idFrom(value , cls , typeFactory ) : ",
    "right" : "protected _idFrom(value , cls , typeFactory ) : ",
    "info" : "MethodDeclaration[3248-6665]:MethodDeclaration[3487-6904]"
  }, {
    "left" : "public getDescForKnownTypeIds() : ",
    "right" : "public getDescForKnownTypeIds() : ",
    "info" : "MethodDeclaration[6671-6776]:MethodDeclaration[6910-7015]"
  } ],
  "mappings" : [
 {
    "left" : "public",
    "right" : "public",
    "info" : "Modifier[480-486]:Modifier[480-486]"
  }, {
    "left" : "class",
    "right" : "class",
    "info" : "TYPE_DECLARATION_KIND[487-492]:TYPE_DECLARATION_KIND[487-492]"
  }, {
    "left" : "public",
    "right" : "public",
    "info" : "Modifier[550-556]:Modifier[550-556]"
  }, {
    "left" : "ClassNameIdResolver",
    "right" : "ClassNameIdResolver",
    "info" : "SimpleName[557-576]:SimpleName[557-576]"
  }, {
    "left" : "JavaType baseType",
    "right" : "JavaType baseType",
    "info" : "SingleVariableDeclaration[577-594]:SingleVariableDeclaration[577-594]"
  }, {
    "left" : "TypeFactory typeFactory",
    "right" : "TypeFactory typeFactory",
    "info" : "SingleVariableDeclaration[596-619]:SingleVariableDeclaration[596-619]"
  }, {
    "left" : "{}",
    "right" : "{}",
    "info" : "Block[621-666]:Block[621-666]"
  }, {
    "left" : "super(baseType, typeFactory);",
    "right" : "super(baseType, typeFactory);",
    "info" : "SuperConstructorInvocation[631-660]:SuperConstructorInvocation[631-660]"
  }, {
    "left" : "@Override",
    "right" : "@Override",
    "info" : "MarkerAnnotation[672-681]:MarkerAnnotation[672-681]"
  }, {
    "left" : "public",
    "right" : "public",
    "info" : "Modifier[686-692]:Modifier[686-692]"
  }, {
    "left" : "JsonTypeInfo.Id",
    "right" : "JsonTypeInfo.Id",
    "info" : "SimpleType[693-708]:SimpleType[693-708]"
  }, {
    "left" : "getMechanism",
    "right" : "getMechanism",
    "info" : "SimpleName[709-721]:SimpleName[709-721]"
  }, {
    "left" : "{}",
    "right" : "{}",
    "info" : "Block[724-757]:Block[724-757]"
  }, {
    "left" : "return JsonTypeInfo.Id.CLASS;",
    "right" : "return JsonTypeInfo.Id.CLASS;",
    "info" : "ReturnStatement[726-755]:ReturnStatement[726-755]"
  }, {
    "left" : "public",
    "right" : "public",
    "info" : "Modifier[763-769]:Modifier[763-769]"
  }, {
    "left" : "void",
    "right" : "void",
    "info" : "PrimitiveType[770-774]:PrimitiveType[770-774]"
  }, {
    "left" : "registerSubtype",
    "right" : "registerSubtype",
    "info" : "SimpleName[775-790]:SimpleName[775-790]"
  }, {
    "left" : "Class<?> type",
    "right" : "Class<?> type",
    "info" : "SingleVariableDeclaration[791-804]:SingleVariableDeclaration[791-804]"
  }, {
    "left" : "String name",
    "right" : "String name",
    "info" : "SingleVariableDeclaration[806-817]:SingleVariableDeclaration[806-817]"
  }, {
    "left" : "{}",
    "right" : "{}",
    "info" : "Block[819-880]:Block[819-880]"
  }, {
    "left" : "@Override",
    "right" : "@Override",
    "info" : "MarkerAnnotation[890-899]:MarkerAnnotation[890-899]"
  }, {
    "left" : "public",
    "right" : "public",
    "info" : "Modifier[904-910]:Modifier[904-910]"
  }, {
    "left" : "String",
    "right" : "String",
    "info" : "SimpleType[911-917]:SimpleType[911-917]"
  }, {
    "left" : "idFromValue",
    "right" : "idFromValue",
    "info" : "SimpleName[918-929]:SimpleName[918-929]"
  }, {
    "left" : "Object value",
    "right" : "Object value",
    "info" : "SingleVariableDeclaration[930-942]:SingleVariableDeclaration[930-942]"
  }, {
    "left" : "{}",
    "right" : "{}",
    "info" : "Block[944-1014]:Block[944-1014]"
  }, {
    "left" : "return _idFrom(value, value.getClass(), _typeFactory);",
    "right" : "return _idFrom(value, value.getClass(), _typeFactory);",
    "info" : "ReturnStatement[954-1008]:ReturnStatement[954-1008]"
  }, {
    "left" : "@Override",
    "right" : "@Override",
    "info" : "MarkerAnnotation[1020-1029]:MarkerAnnotation[1020-1029]"
  }, {
    "left" : "public",
    "right" : "public",
    "info" : "Modifier[1034-1040]:Modifier[1034-1040]"
  }, {
    "left" : "String",
    "right" : "String",
    "info" : "SimpleType[1041-1047]:SimpleType[1041-1047]"
  }, {
    "left" : "idFromValueAndType",
    "right" : "idFromValueAndType",
    "info" : "SimpleName[1048-1066]:SimpleName[1048-1066]"
  }, {
    "left" : "Object value",
    "right" : "Object value",
    "info" : "SingleVariableDeclaration[1067-1079]:SingleVariableDeclaration[1067-1079]"
  }, {
    "left" : "Class<?> type",
    "right" : "Class<?> type",
    "info" : "SingleVariableDeclaration[1081-1094]:SingleVariableDeclaration[1081-1094]"
  }, {
    "left" : "{}",
    "right" : "{}",
    "info" : "Block[1096-1154]:Block[1096-1154]"
  }, {
    "left" : "return _idFrom(value, type, _typeFactory);",
    "right" : "return _idFrom(value, type, _typeFactory);",
    "info" : "ReturnStatement[1106-1148]:ReturnStatement[1106-1148]"
  }, {
    "left" : "@Override",
    "right" : "@Override",
    "info" : "MarkerAnnotation[1160-1169]:MarkerAnnotation[1160-1169]"
  }, {
    "left" : "public",
    "right" : "public",
    "info" : "Modifier[1174-1180]:Modifier[1174-1180]"
  }, {
    "left" : "JavaType",
    "right" : "JavaType",
    "info" : "SimpleType[1181-1189]:SimpleType[1181-1189]"
  }, {
    "left" : "typeFromId",
    "right" : "typeFromId",
    "info" : "SimpleName[1190-1200]:SimpleName[1190-1200]"
  }, {
    "left" : "DatabindContext context",
    "right" : "DatabindContext context",
    "info" : "SingleVariableDeclaration[1201-1224]:SingleVariableDeclaration[1201-1224]"
  }, {
    "left" : "String id",
    "right" : "String id",
    "info" : "SingleVariableDeclaration[1226-1235]:SingleVariableDeclaration[1226-1235]"
  }, {
    "left" : "IOException",
    "right" : "IOException",
    "info" : "SimpleType[1244-1255]:SimpleType[1244-1255]"
  }, {
    "left" : "{}",
    "right" : "{}",
    "info" : "Block[1256-1304]:Block[1256-1304]"
  }, {
    "left" : "return _typeFromId(id, context);",
    "right" : "return _typeFromId(id, context);",
    "info" : "ReturnStatement[1266-1298]:ReturnStatement[1266-1298]"
  }, {
    "left" : "protected",
    "right" : "protected",
    "info" : "Modifier[1310-1319]:Modifier[1310-1319]"
  }, {
    "left" : "JavaType",
    "right" : "JavaType",
    "info" : "SimpleType[1320-1328]:SimpleType[1320-1328]"
  }, {
    "left" : "_typeFromId",
    "right" : "_typeFromId",
    "info" : "SimpleName[1329-1340]:SimpleName[1329-1340]"
  }, {
    "left" : "String id",
    "right" : "String id",
    "info" : "SingleVariableDeclaration[1341-1350]:SingleVariableDeclaration[1341-1350]"
  }, {
    "left" : "DatabindContext ctxt",
    "right" : "DatabindContext ctxt",
    "info" : "SingleVariableDeclaration[1352-1372]:SingleVariableDeclaration[1352-1372]"
  }, {
    "left" : "IOException",
    "right" : "IOException",
    "info" : "SimpleType[1381-1392]:SimpleType[1381-1392]"
  }, {
    "left" : "{}",
    "right" : "{}",
    "info" : "Block[1397-3066]:Block[1397-3305]"
  }, {
    "left" : "TypeFactory tf = ctxt.getTypeFactory();",
    "right" : "TypeFactory tf = ctxt.getTypeFactory();",
    "info" : "VariableDeclarationStatement[1620-1659]:VariableDeclarationStatement[1620-1659]"
  }, {
    "left" : "if (id.indexOf('<') > 0)",
    "right" : "if (id.indexOf('<') > 0)",
    "info" : "IfStatement[1668-2161]:IfStatement[1668-2400]"
  }, {
    "left" : "{}",
    "right" : "{}",
    "info" : "Block[1693-2161]:Block[1693-2400]"
  }, {
    "left" : "JavaType t = tf.constructFromCanonical(id);",
    "right" : "JavaType t = tf.constructFromCanonical(id);",
    "info" : "VariableDeclarationStatement[1993-2036]:VariableDeclarationStatement[1993-2036]"
  }, {
    "left" : "return t;",
    "right" : "return t;",
    "info" : "ReturnStatement[2142-2151]:ReturnStatement[2381-2390]"
  }, {
    "left" : "Class<?> cls;",
    "right" : "Class<?> cls;",
    "info" : "VariableDeclarationStatement[2170-2183]:VariableDeclarationStatement[2409-2422]"
  }, {
    "left" : "try{...}",
    "right" : "try{...}",
    "info" : "TryStatement[2192-3000]:TryStatement[2431-3239]"
  }, {
    "left" : "{}",
    "right" : "{}",
    "info" : "Block[2196-2244]:Block[2435-2483]"
  }, {
    "left" : "cls =  tf.findClass(id);",
    "right" : "cls =  tf.findClass(id);",
    "info" : "ExpressionStatement[2210-2234]:ExpressionStatement[2449-2473]"
  }, {
    "left" : "{}",
    "right" : "{}",
    "info" : "Block[2278-2847]:Block[2517-3086]"
  }, {
    "left" : "if (ctxt instanceof DeserializationContext)",
    "right" : "if (ctxt instanceof DeserializationContext)",
    "info" : "IfStatement[2438-2747]:IfStatement[2677-2986]"
  }, {
    "left" : "{}",
    "right" : "{}",
    "info" : "Block[2482-2747]:Block[2721-2986]"
  }, {
    "left" : "DeserializationContext dctxt = (DeserializationContext) ctxt;",
    "right" : "DeserializationContext dctxt = (DeserializationContext) ctxt;",
    "info" : "VariableDeclarationStatement[2500-2561]:VariableDeclarationStatement[2739-2800]"
  }, {
    "left" : "return dctxt.handleUnknownTypeId(_baseType, id, this, \"no such class found\");",
    "right" : "return dctxt.handleUnknownTypeId(_baseType, id, this, \"no such class found\");",
    "info" : "ReturnStatement[2656-2733]:ReturnStatement[2895-2972]"
  }, {
    "left" : "return null;",
    "right" : "return null;",
    "info" : "ReturnStatement[2825-2837]:ReturnStatement[3064-3076]"
  }, {
    "left" : "{}",
    "right" : "{}",
    "info" : "Block[2868-3000]:Block[3107-3239]"
  }, {
    "left" : "throw new IllegalArgumentException(\"Invalid type id '\"+id+\"' (for id type 'Id.class'): \"+e.getMessage(), e);",
    "right" : "throw new IllegalArgumentException(\"Invalid type id '\"+id+\"' (for id type 'Id.class'): \"+e.getMessage(), e);",
    "info" : "ThrowStatement[2882-2990]:ThrowStatement[3121-3229]"
  }, {
    "left" : "return tf.constructSpecializedType(_baseType, cls);",
    "right" : "return tf.constructSpecializedType(_baseType, cls);",
    "info" : "ReturnStatement[3009-3060]:ReturnStatement[3248-3299]"
  }, {
    "left" : "protected",
    "right" : "protected",
    "info" : "Modifier[3248-3257]:Modifier[3487-3496]"
  }, {
    "left" : "final",
    "right" : "final",
    "info" : "Modifier[3258-3263]:Modifier[3497-3502]"
  }, {
    "left" : "String",
    "right" : "String",
    "info" : "SimpleType[3264-3270]:SimpleType[3503-3509]"
  }, {
    "left" : "_idFrom",
    "right" : "_idFrom",
    "info" : "SimpleName[3271-3278]:SimpleName[3510-3517]"
  }, {
    "left" : "Object value",
    "right" : "Object value",
    "info" : "SingleVariableDeclaration[3279-3291]:SingleVariableDeclaration[3518-3530]"
  }, {
    "left" : "Class<?> cls",
    "right" : "Class<?> cls",
    "info" : "SingleVariableDeclaration[3293-3305]:SingleVariableDeclaration[3532-3544]"
  }, {
    "left" : "TypeFactory typeFactory",
    "right" : "TypeFactory typeFactory",
    "info" : "SingleVariableDeclaration[3307-3330]:SingleVariableDeclaration[3546-3569]"
  }, {
    "left" : "{}",
    "right" : "{}",
    "info" : "Block[3336-6665]:Block[3575-6904]"
  }, {
    "left" : "if (Enum.class.isAssignableFrom(cls))",
    "right" : "if (Enum.class.isAssignableFrom(cls))",
    "info" : "IfStatement[3402-3588]:IfStatement[3641-3827]"
  }, {
    "left" : "{}",
    "right" : "{}",
    "info" : "Block[3440-3588]:Block[3679-3827]"
  }, {
    "left" : "if (!cls.isEnum())",
    "right" : "if (!cls.isEnum())",
    "info" : "IfStatement[3454-3578]:IfStatement[3693-3817]"
  }, {
    "left" : "{}",
    "right" : "{}",
    "info" : "Block[3473-3578]:Block[3712-3817]"
  }, {
    "left" : "cls = cls.getSuperclass();",
    "right" : "cls = cls.getSuperclass();",
    "info" : "ExpressionStatement[3538-3564]:ExpressionStatement[3777-3803]"
  }, {
    "left" : "String str = cls.getName();",
    "right" : "String str = cls.getName();",
    "info" : "VariableDeclarationStatement[3597-3624]:VariableDeclarationStatement[3836-3863]"
  }, {
    "left" : "if (str.startsWith(\"java.util\"))",
    "right" : "if (str.startsWith(\"java.util\"))",
    "info" : "IfStatement[3633-6639]:IfStatement[3872-6878]"
  }, {
    "left" : "{}",
    "right" : "{}",
    "info" : "Block[3666-5466]:Block[3905-5705]"
  }, {
    "left" : "if (value instanceof EnumSet<?>)",
    "right" : "if (value instanceof EnumSet<?>)",
    "info" : "IfStatement[4050-5456]:IfStatement[4289-5695]"
  }, {
    "left" : "{}",
    "right" : "{}",
    "info" : "Block[4083-4402]:Block[4322-4641]"
  }, {
    "left" : "Class<?> enumClass = ClassUtil.findEnumType((EnumSet<?>) value);",
    "right" : "Class<?> enumClass = ClassUtil.findEnumType((EnumSet<?>) value);",
    "info" : "VariableDeclarationStatement[4133-4197]:VariableDeclarationStatement[4372-4436]"
  }, {
    "left" : "str = typeFactory.constructCollectionType(EnumSet.class, enumClass).toCanonical();",
    "right" : "str = typeFactory.constructCollectionType(EnumSet.class, enumClass).toCanonical();",
    "info" : "ExpressionStatement[4306-4388]:ExpressionStatement[4545-4627]"
  }, {
    "left" : "if (value instanceof EnumMap<?,?>)",
    "right" : "if (value instanceof EnumMap<?,?>)",
    "info" : "IfStatement[4408-5456]:IfStatement[4647-5695]"
  }, {
    "left" : "{}",
    "right" : "{}",
    "info" : "Block[4443-4790]:Block[4682-5029]"
  }, {
    "left" : "Class<?> enumClass = ClassUtil.findEnumType((EnumMap<?,?>) value);",
    "right" : "Class<?> enumClass = ClassUtil.findEnumType((EnumMap<?,?>) value);",
    "info" : "VariableDeclarationStatement[4461-4527]:VariableDeclarationStatement[4700-4766]"
  }, {
    "left" : "Class<?> valueClass = Object.class;",
    "right" : "Class<?> valueClass = Object.class;",
    "info" : "VariableDeclarationStatement[4544-4579]:VariableDeclarationStatement[4783-4818]"
  }, {
    "left" : "str = typeFactory.constructMapType(EnumMap.class, enumClass, valueClass).toCanonical();",
    "right" : "str = typeFactory.constructMapType(EnumMap.class, enumClass, valueClass).toCanonical();",
    "info" : "ExpressionStatement[4689-4776]:ExpressionStatement[4928-5015]"
  }, {
    "left" : "{}",
    "right" : "{}",
    "info" : "Block[4796-5456]:Block[5035-5695]"
  }, {
    "left" : "String end = str.substring(9);",
    "right" : "String end = str.substring(9);",
    "info" : "VariableDeclarationStatement[4814-4844]:VariableDeclarationStatement[5053-5083]"
  }, {
    "left" : "if ((end.startsWith(\".Arrays$\") || end.startsWith(\".Collections$\"))\n                       && str.indexOf(\"List\") >= 0)",
    "right" : "if ((end.startsWith(\".Arrays$\") || end.startsWith(\".Collections$\"))\n                       && str.indexOf(\"List\") >= 0)",
    "info" : "IfStatement[4861-5442]:IfStatement[5100-5681]"
  }, {
    "left" : "{}",
    "right" : "{}",
    "info" : "Block[4981-5442]:Block[5220-5681]"
  }, {
    "left" : "str = \"java.util.ArrayList\";",
    "right" : "str = \"java.util.ArrayList\";",
    "info" : "ExpressionStatement[5396-5424]:ExpressionStatement[5635-5663]"
  }, {
    "left" : "if (str.indexOf('$') >= 0)",
    "right" : "if (str.indexOf('$') >= 0)",
    "info" : "IfStatement[5472-6639]:IfStatement[5711-6878]"
  }, {
    "left" : "{}",
    "right" : "{}",
    "info" : "Block[5499-6639]:Block[5738-6878]"
  }, {
    "left" : "Class<?> outer = ClassUtil.getOuterClass(cls);",
    "right" : "Class<?> outer = ClassUtil.getOuterClass(cls);",
    "info" : "VariableDeclarationStatement[5990-6036]:VariableDeclarationStatement[6229-6275]"
  }, {
    "left" : "if (outer != null)",
    "right" : "if (outer != null)",
    "info" : "IfStatement[6049-6629]:IfStatement[6288-6868]"
  }, {
    "left" : "{}",
    "right" : "{}",
    "info" : "Block[6068-6629]:Block[6307-6868]"
  }, {
    "left" : "Class<?> staticType = _baseType.getRawClass();",
    "right" : "Class<?> staticType = _baseType.getRawClass();",
    "info" : "VariableDeclarationStatement[6318-6364]:VariableDeclarationStatement[6557-6603]"
  }, {
    "left" : "if (ClassUtil.getOuterClass(staticType) == null)",
    "right" : "if (ClassUtil.getOuterClass(staticType) == null)",
    "info" : "IfStatement[6381-6615]:IfStatement[6620-6854]"
  }, {
    "left" : "{}",
    "right" : "{}",
    "info" : "Block[6430-6615]:Block[6669-6854]"
  }, {
    "left" : "cls = _baseType.getRawClass();",
    "right" : "cls = _baseType.getRawClass();",
    "info" : "ExpressionStatement[6526-6556]:ExpressionStatement[6765-6795]"
  }, {
    "left" : "str = cls.getName();",
    "right" : "str = cls.getName();",
    "info" : "ExpressionStatement[6577-6597]:ExpressionStatement[6816-6836]"
  }, {
    "left" : "return str;",
    "right" : "return str;",
    "info" : "ReturnStatement[6648-6659]:ReturnStatement[6887-6898]"
  }, {
    "left" : "@Override",
    "right" : "@Override",
    "info" : "MarkerAnnotation[6671-6680]:MarkerAnnotation[6910-6919]"
  }, {
    "left" : "public",
    "right" : "public",
    "info" : "Modifier[6685-6691]:Modifier[6924-6930]"
  }, {
    "left" : "String",
    "right" : "String",
    "info" : "SimpleType[6692-6698]:SimpleType[6931-6937]"
  }, {
    "left" : "getDescForKnownTypeIds",
    "right" : "getDescForKnownTypeIds",
    "info" : "SimpleName[6699-6721]:SimpleName[6938-6960]"
  }, {
    "left" : "{}",
    "right" : "{}",
    "info" : "Block[6724-6776]:Block[6963-7015]"
  }, {
    "left" : "return \"class name used as type id\";",
    "right" : "return \"class name used as type id\";",
    "info" : "ReturnStatement[6734-6770]:ReturnStatement[6973-7009]"
  } ]
}