{
  "matchedElements" : [
 {
    "left" : "class : BeanPropertyWriter",
    "right" : "class : BeanPropertyWriter",
    "info" : "TypeDeclaration[931-24330]:TypeDeclaration[931-24350]"
  }, {
    "left" : "MARKER_FOR_EMPTY",
    "right" : "MARKER_FOR_EMPTY",
    "info" : "FieldDeclaration[1409-1550]:FieldDeclaration[1409-1550]"
  }, {
    "left" : "_member",
    "right" : "_member",
    "info" : "FieldDeclaration[1762-1925]:FieldDeclaration[1762-1925]"
  }, {
    "left" : "_contextAnnotations",
    "right" : "_contextAnnotations",
    "info" : "FieldDeclaration[1931-2134]:FieldDeclaration[1931-2134]"
  }, {
    "left" : "_declaredType",
    "right" : "_declaredType",
    "info" : "FieldDeclaration[2144-2303]:FieldDeclaration[2144-2303]"
  }, {
    "left" : "_accessorMethod",
    "right" : "_accessorMethod",
    "info" : "FieldDeclaration[2313-2512]:FieldDeclaration[2313-2512]"
  }, {
    "left" : "_field",
    "right" : "_field",
    "info" : "FieldDeclaration[2522-2714]:FieldDeclaration[2522-2714]"
  }, {
    "left" : "_internalSettings",
    "right" : "_internalSettings",
    "info" : "FieldDeclaration[2962-3013]:FieldDeclaration[2962-3013]"
  }, {
    "left" : "_name",
    "right" : "_name",
    "info" : "FieldDeclaration[3201-3378]:FieldDeclaration[3201-3378]"
  }, {
    "left" : "_wrapperName",
    "right" : "_wrapperName",
    "info" : "FieldDeclaration[3384-3520]:FieldDeclaration[3384-3520]"
  }, {
    "left" : "_cfgSerializationType",
    "right" : "_cfgSerializationType",
    "info" : "FieldDeclaration[3530-3735]:FieldDeclaration[3530-3735]"
  }, {
    "left" : "_serializer",
    "right" : "_serializer",
    "info" : "FieldDeclaration[3741-3921]:FieldDeclaration[3741-3921]"
  }, {
    "left" : "_nullSerializer",
    "right" : "_nullSerializer",
    "info" : "FieldDeclaration[3927-4102]:FieldDeclaration[3927-4102]"
  }, {
    "left" : "_dynamicSerializers",
    "right" : "_dynamicSerializers",
    "info" : "FieldDeclaration[4112-4388]:FieldDeclaration[4112-4388]"
  }, {
    "left" : "_suppressNulls",
    "right" : "_suppressNulls",
    "info" : "FieldDeclaration[4394-4551]:FieldDeclaration[4394-4551]"
  }, {
    "left" : "_suppressableValue",
    "right" : "_suppressableValue",
    "info" : "FieldDeclaration[4561-4736]:FieldDeclaration[4561-4736]"
  }, {
    "left" : "_includeInViews",
    "right" : "_includeInViews",
    "info" : "FieldDeclaration[4742-4907]:FieldDeclaration[4742-4907]"
  }, {
    "left" : "_typeSerializer",
    "right" : "_typeSerializer",
    "info" : "FieldDeclaration[4913-5288]:FieldDeclaration[4913-5288]"
  }, {
    "left" : "_nonTrivialBaseType",
    "right" : "_nonTrivialBaseType",
    "info" : "FieldDeclaration[5298-5654]:FieldDeclaration[5298-5654]"
  }, {
    "left" : "_isRequired",
    "right" : "_isRequired",
    "info" : "FieldDeclaration[5660-5977]:FieldDeclaration[5660-5977]"
  }, {
    "left" : "public BeanPropertyWriter(propDef , member , contextAnnotations , declaredType , ser , typeSer , serType , suppressNulls boolean, suppressableValue )",
    "right" : "public BeanPropertyWriter(propDef , member , contextAnnotations , declaredType , ser , typeSer , serType , suppressNulls boolean, suppressableValue )",
    "info" : "MethodDeclaration[6170-7659]:MethodDeclaration[6170-7659]"
  }, {
    "left" : "protected BeanPropertyWriter(base )",
    "right" : "protected BeanPropertyWriter(base )",
    "info" : "MethodDeclaration[7665-7836]:MethodDeclaration[7665-7836]"
  }, {
    "left" : "protected BeanPropertyWriter(base , name )",
    "right" : "protected BeanPropertyWriter(base , name )",
    "info" : "MethodDeclaration[7842-8911]:MethodDeclaration[7842-8911]"
  }, {
    "left" : "public rename(transformer ) : ",
    "right" : "public rename(transformer ) : ",
    "info" : "MethodDeclaration[8917-9211]:MethodDeclaration[8917-9211]"
  }, {
    "left" : "public assignSerializer(ser ) : void",
    "right" : "public assignSerializer(ser ) : void",
    "info" : "MethodDeclaration[9221-9610]:MethodDeclaration[9221-9610]"
  }, {
    "left" : "public assignNullSerializer(nullSer ) : void",
    "right" : "public assignNullSerializer(nullSer ) : void",
    "info" : "MethodDeclaration[9616-10043]:MethodDeclaration[9616-10043]"
  }, {
    "left" : "public unwrappingWriter(unwrapper ) : ",
    "right" : "public unwrappingWriter(unwrapper ) : ",
    "info" : "MethodDeclaration[10053-10311]:MethodDeclaration[10053-10311]"
  }, {
    "left" : "public setNonTrivialBaseType(t ) : void",
    "right" : "public setNonTrivialBaseType(t ) : void",
    "info" : "MethodDeclaration[10317-10590]:MethodDeclaration[10317-10590]"
  }, {
    "left" : "public getName() : ",
    "right" : "public getName() : ",
    "info" : "MethodDeclaration[10769-10847]:MethodDeclaration[10769-10847]"
  }, {
    "left" : "public getType() : ",
    "right" : "public getType() : ",
    "info" : "MethodDeclaration[10853-10930]:MethodDeclaration[10853-10930]"
  }, {
    "left" : "public getWrapperName() : ",
    "right" : "public getWrapperName() : ",
    "info" : "MethodDeclaration[10936-11023]:MethodDeclaration[10936-11023]"
  }, {
    "left" : "public isRequired() : boolean",
    "right" : "public isRequired() : boolean",
    "info" : "MethodDeclaration[11029-11106]:MethodDeclaration[11029-11106]"
  }, {
    "left" : "public getAnnotation(acls ...) : ",
    "right" : "public getAnnotation(acls ...) : ",
    "info" : "MethodDeclaration[11116-11242]:MethodDeclaration[11116-11242]"
  }, {
    "left" : "public getContextAnnotation(acls ...) : ",
    "right" : "public getContextAnnotation(acls ...) : ",
    "info" : "MethodDeclaration[11248-11383]:MethodDeclaration[11248-11383]"
  }, {
    "left" : "public getMember() : ",
    "right" : "public getMember() : ",
    "info" : "MethodDeclaration[11389-11469]:MethodDeclaration[11389-11469]"
  }, {
    "left" : "public depositSchemaProperty(objectVisitor ) : void",
    "right" : "public depositSchemaProperty(objectVisitor ) : void",
    "info" : "MethodDeclaration[11476-11825]:MethodDeclaration[11476-11825]"
  }, {
    "left" : "public getInternalSetting(key ) : ",
    "right" : "public getInternalSetting(key ) : ",
    "info" : "MethodDeclaration[12065-12388]:MethodDeclaration[12065-12388]"
  }, {
    "left" : "public setInternalSetting(key , value ) : ",
    "right" : "public setInternalSetting(key , value ) : ",
    "info" : "MethodDeclaration[12398-12785]:MethodDeclaration[12398-12785]"
  }, {
    "left" : "public removeInternalSetting(key ) : ",
    "right" : "public removeInternalSetting(key ) : ",
    "info" : "MethodDeclaration[12791-13351]:MethodDeclaration[12791-13351]"
  }, {
    "left" : "public getSerializedName() : ",
    "right" : "public getSerializedName() : ",
    "info" : "MethodDeclaration[13522-13583]:MethodDeclaration[13522-13583]"
  }, {
    "left" : "public hasSerializer() : boolean",
    "right" : "public hasSerializer() : boolean",
    "info" : "MethodDeclaration[13593-13655]:MethodDeclaration[13593-13655]"
  }, {
    "left" : "public hasNullSerializer() : boolean",
    "right" : "public hasNullSerializer() : boolean",
    "info" : "MethodDeclaration[13660-13730]:MethodDeclaration[13660-13730]"
  }, {
    "left" : "public willSuppressNulls() : boolean",
    "right" : "public willSuppressNulls() : boolean",
    "info" : "MethodDeclaration[13736-13797]:MethodDeclaration[13736-13797]"
  }, {
    "left" : "public getSerializer() : ",
    "right" : "public getSerializer() : ",
    "info" : "MethodDeclaration[13849-13930]:MethodDeclaration[13849-13930]"
  }, {
    "left" : "public getSerializationType() : ",
    "right" : "public getSerializationType() : ",
    "info" : "MethodDeclaration[13936-14020]:MethodDeclaration[13936-14020]"
  }, {
    "left" : "public getRawSerializationType() : ",
    "right" : "public getRawSerializationType() : ",
    "info" : "MethodDeclaration[14026-14168]:MethodDeclaration[14026-14168]"
  }, {
    "left" : "public getPropertyType() : ",
    "right" : "public getPropertyType() : ",
    "info" : "MethodDeclaration[14178-14358]:MethodDeclaration[14178-14358]"
  }, {
    "left" : "public getGenericPropertyType() : ",
    "right" : "public getGenericPropertyType() : ",
    "info" : "MethodDeclaration[14364-14701]:MethodDeclaration[14364-14701]"
  }, {
    "left" : "public getViews() : ",
    "right" : "public getViews() : ",
    "info" : "MethodDeclaration[14707-14763]:MethodDeclaration[14707-14763]"
  }, {
    "left" : "protected isRequired(intr ) : boolean",
    "right" : "protected isRequired(intr ) : boolean",
    "info" : "MethodDeclaration[14769-15274]:MethodDeclaration[14769-15274]"
  }, {
    "left" : "public depositSchemaProperty(propertiesNode , provider ) : void",
    "right" : "public depositSchemaProperty(propertiesNode , provider ) : void",
    "info" : "MethodDeclaration[15470-17212]:MethodDeclaration[15470-17212]"
  }, {
    "left" : "public serializeAsField(bean , jgen , prov ) : void",
    "right" : "public serializeAsField(bean , jgen , prov ) : void",
    "info" : "MethodDeclaration[17401-19141]:MethodDeclaration[17401-19141]"
  }, {
    "left" : "public serializeAsColumn(bean , jgen , prov ) : void",
    "right" : "public serializeAsColumn(bean , jgen , prov ) : void",
    "info" : "MethodDeclaration[19147-21096]:MethodDeclaration[19147-21116]"
  }, {
    "left" : "public serializeAsPlaceholder(bean , jgen , prov ) : void",
    "right" : "public serializeAsPlaceholder(bean , jgen , prov ) : void",
    "info" : "MethodDeclaration[21102-21714]:MethodDeclaration[21122-21734]"
  }, {
    "left" : "protected _findAndAddDynamic(map , type , provider ) : ",
    "right" : "protected _findAndAddDynamic(map , type , provider ) : ",
    "info" : "MethodDeclaration[21894-22614]:MethodDeclaration[21914-22634]"
  }, {
    "left" : "public get(bean ) : ",
    "right" : "public get(bean ) : ",
    "info" : "MethodDeclaration[22624-23148]:MethodDeclaration[22644-23168]"
  }, {
    "left" : "protected _handleSelfReference(bean , ser ) : void",
    "right" : "protected _handleSelfReference(bean , ser ) : void",
    "info" : "MethodDeclaration[23154-23583]:MethodDeclaration[23174-23603]"
  }, {
    "left" : "public toString() : ",
    "right" : "public toString() : ",
    "info" : "MethodDeclaration[23589-24328]:MethodDeclaration[23609-24348]"
  } ],
  "mappings" : [
 {
    "left" : "public",
    "right" : "public",
    "info" : "Modifier[1343-1349]:Modifier[1343-1349]"
  }, {
    "left" : "class",
    "right" : "class",
    "info" : "TYPE_DECLARATION_KIND[1350-1355]:TYPE_DECLARATION_KIND[1350-1355]"
  }, {
    "left" : "@SuppressWarnings(\"unchecked\")",
    "right" : "@SuppressWarnings(\"unchecked\")",
    "info" : "SingleMemberAnnotation[6170-6200]:SingleMemberAnnotation[6170-6200]"
  }, {
    "left" : "public",
    "right" : "public",
    "info" : "Modifier[6205-6211]:Modifier[6205-6211]"
  }, {
    "left" : "BeanPropertyWriter",
    "right" : "BeanPropertyWriter",
    "info" : "SimpleName[6212-6230]:SimpleName[6212-6230]"
  }, {
    "left" : "BeanPropertyDefinition propDef",
    "right" : "BeanPropertyDefinition propDef",
    "info" : "SingleVariableDeclaration[6231-6261]:SingleVariableDeclaration[6231-6261]"
  }, {
    "left" : "AnnotatedMember member",
    "right" : "AnnotatedMember member",
    "info" : "SingleVariableDeclaration[6275-6297]:SingleVariableDeclaration[6275-6297]"
  }, {
    "left" : "Annotations contextAnnotations",
    "right" : "Annotations contextAnnotations",
    "info" : "SingleVariableDeclaration[6299-6329]:SingleVariableDeclaration[6299-6329]"
  }, {
    "left" : "JavaType declaredType",
    "right" : "JavaType declaredType",
    "info" : "SingleVariableDeclaration[6343-6364]:SingleVariableDeclaration[6343-6364]"
  }, {
    "left" : "JsonSerializer<?> ser",
    "right" : "JsonSerializer<?> ser",
    "info" : "SingleVariableDeclaration[6378-6399]:SingleVariableDeclaration[6378-6399]"
  }, {
    "left" : "TypeSerializer typeSer",
    "right" : "TypeSerializer typeSer",
    "info" : "SingleVariableDeclaration[6401-6423]:SingleVariableDeclaration[6401-6423]"
  }, {
    "left" : "JavaType serType",
    "right" : "JavaType serType",
    "info" : "SingleVariableDeclaration[6425-6441]:SingleVariableDeclaration[6425-6441]"
  }, {
    "left" : "boolean suppressNulls",
    "right" : "boolean suppressNulls",
    "info" : "SingleVariableDeclaration[6455-6476]:SingleVariableDeclaration[6455-6476]"
  }, {
    "left" : "Object suppressableValue",
    "right" : "Object suppressableValue",
    "info" : "SingleVariableDeclaration[6478-6502]:SingleVariableDeclaration[6478-6502]"
  }, {
    "left" : "{}",
    "right" : "{}",
    "info" : "Block[6508-7659]:Block[6508-7659]"
  }, {
    "left" : "_member = member;",
    "right" : "_member = member;",
    "info" : "ExpressionStatement[6527-6544]:ExpressionStatement[6527-6544]"
  }, {
    "left" : "_contextAnnotations = contextAnnotations;",
    "right" : "_contextAnnotations = contextAnnotations;",
    "info" : "ExpressionStatement[6553-6594]:ExpressionStatement[6553-6594]"
  }, {
    "left" : "_name = new SerializedString(propDef.getName());",
    "right" : "_name = new SerializedString(propDef.getName());",
    "info" : "ExpressionStatement[6603-6651]:ExpressionStatement[6603-6651]"
  }, {
    "left" : "_wrapperName = propDef.getWrapperName();",
    "right" : "_wrapperName = propDef.getWrapperName();",
    "info" : "ExpressionStatement[6660-6700]:ExpressionStatement[6660-6700]"
  }, {
    "left" : "_declaredType = declaredType;",
    "right" : "_declaredType = declaredType;",
    "info" : "ExpressionStatement[6709-6738]:ExpressionStatement[6709-6738]"
  }, {
    "left" : "_serializer = (JsonSerializer<Object>) ser;",
    "right" : "_serializer = (JsonSerializer<Object>) ser;",
    "info" : "ExpressionStatement[6747-6790]:ExpressionStatement[6747-6790]"
  }, {
    "left" : "_dynamicSerializers = (ser == null) ? PropertySerializerMap.emptyMap() : null;",
    "right" : "_dynamicSerializers = (ser == null) ? PropertySerializerMap.emptyMap() : null;",
    "info" : "ExpressionStatement[6799-6877]:ExpressionStatement[6799-6877]"
  }, {
    "left" : "_typeSerializer = typeSer;",
    "right" : "_typeSerializer = typeSer;",
    "info" : "ExpressionStatement[6886-6912]:ExpressionStatement[6886-6912]"
  }, {
    "left" : "_cfgSerializationType = serType;",
    "right" : "_cfgSerializationType = serType;",
    "info" : "ExpressionStatement[6921-6953]:ExpressionStatement[6921-6953]"
  }, {
    "left" : "_isRequired = propDef.isRequired();",
    "right" : "_isRequired = propDef.isRequired();",
    "info" : "ExpressionStatement[6962-6997]:ExpressionStatement[6962-6997]"
  }, {
    "left" : "if (member instanceof AnnotatedField)",
    "right" : "if (member instanceof AnnotatedField)",
    "info" : "IfStatement[7007-7408]:IfStatement[7007-7408]"
  }, {
    "left" : "{}",
    "right" : "{}",
    "info" : "Block[7045-7141]:Block[7045-7141]"
  }, {
    "left" : "_accessorMethod = null;",
    "right" : "_accessorMethod = null;",
    "info" : "ExpressionStatement[7059-7082]:ExpressionStatement[7059-7082]"
  }, {
    "left" : "_field = (Field) member.getMember();",
    "right" : "_field = (Field) member.getMember();",
    "info" : "ExpressionStatement[7095-7131]:ExpressionStatement[7095-7131]"
  }, {
    "left" : "if (member instanceof AnnotatedMethod)",
    "right" : "if (member instanceof AnnotatedMethod)",
    "info" : "IfStatement[7147-7408]:IfStatement[7147-7408]"
  }, {
    "left" : "{}",
    "right" : "{}",
    "info" : "Block[7186-7283]:Block[7186-7283]"
  }, {
    "left" : "_accessorMethod = (Method) member.getMember();",
    "right" : "_accessorMethod = (Method) member.getMember();",
    "info" : "ExpressionStatement[7200-7246]:ExpressionStatement[7200-7246]"
  }, {
    "left" : "_field = null;",
    "right" : "_field = null;",
    "info" : "ExpressionStatement[7259-7273]:ExpressionStatement[7259-7273]"
  }, {
    "left" : "{}",
    "right" : "{}",
    "info" : "Block[7289-7408]:Block[7289-7408]"
  }, {
    "left" : "throw new IllegalArgumentException(\"Can not pass member of type \"+member.getClass().getName());",
    "right" : "throw new IllegalArgumentException(\"Can not pass member of type \"+member.getClass().getName());",
    "info" : "ThrowStatement[7303-7398]:ThrowStatement[7303-7398]"
  }, {
    "left" : "_suppressNulls = suppressNulls;",
    "right" : "_suppressNulls = suppressNulls;",
    "info" : "ExpressionStatement[7417-7448]:ExpressionStatement[7417-7448]"
  }, {
    "left" : "_suppressableValue = suppressableValue;",
    "right" : "_suppressableValue = suppressableValue;",
    "info" : "ExpressionStatement[7457-7496]:ExpressionStatement[7457-7496]"
  }, {
    "left" : "_includeInViews = propDef.findViews();",
    "right" : "_includeInViews = propDef.findViews();",
    "info" : "ExpressionStatement[7505-7543]:ExpressionStatement[7505-7543]"
  }, {
    "left" : "_nullSerializer = null;",
    "right" : "_nullSerializer = null;",
    "info" : "ExpressionStatement[7630-7653]:ExpressionStatement[7630-7653]"
  }, {
    "left" : "protected",
    "right" : "protected",
    "info" : "Modifier[7743-7752]:Modifier[7743-7752]"
  }, {
    "left" : "BeanPropertyWriter",
    "right" : "BeanPropertyWriter",
    "info" : "SimpleName[7753-7771]:SimpleName[7753-7771]"
  }, {
    "left" : "BeanPropertyWriter base",
    "right" : "BeanPropertyWriter base",
    "info" : "SingleVariableDeclaration[7772-7795]:SingleVariableDeclaration[7772-7795]"
  }, {
    "left" : "{}",
    "right" : "{}",
    "info" : "Block[7797-7836]:Block[7797-7836]"
  }, {
    "left" : "this(base, base._name);",
    "right" : "this(base, base._name);",
    "info" : "ConstructorInvocation[7807-7830]:ConstructorInvocation[7807-7830]"
  }, {
    "left" : "protected",
    "right" : "protected",
    "info" : "Modifier[7842-7851]:Modifier[7842-7851]"
  }, {
    "left" : "BeanPropertyWriter",
    "right" : "BeanPropertyWriter",
    "info" : "SimpleName[7852-7870]:SimpleName[7852-7870]"
  }, {
    "left" : "BeanPropertyWriter base",
    "right" : "BeanPropertyWriter base",
    "info" : "SingleVariableDeclaration[7871-7894]:SingleVariableDeclaration[7871-7894]"
  }, {
    "left" : "SerializedString name",
    "right" : "SerializedString name",
    "info" : "SingleVariableDeclaration[7896-7917]:SingleVariableDeclaration[7896-7917]"
  }, {
    "left" : "{}",
    "right" : "{}",
    "info" : "Block[7923-8911]:Block[7923-8911]"
  }, {
    "left" : "_name = name;",
    "right" : "_name = name;",
    "info" : "ExpressionStatement[7933-7946]:ExpressionStatement[7933-7946]"
  }, {
    "left" : "_wrapperName = base._wrapperName;",
    "right" : "_wrapperName = base._wrapperName;",
    "info" : "ExpressionStatement[7955-7988]:ExpressionStatement[7955-7988]"
  }, {
    "left" : "_member = base._member;",
    "right" : "_member = base._member;",
    "info" : "ExpressionStatement[7998-8021]:ExpressionStatement[7998-8021]"
  }, {
    "left" : "_contextAnnotations = base._contextAnnotations;",
    "right" : "_contextAnnotations = base._contextAnnotations;",
    "info" : "ExpressionStatement[8030-8077]:ExpressionStatement[8030-8077]"
  }, {
    "left" : "_declaredType = base._declaredType;",
    "right" : "_declaredType = base._declaredType;",
    "info" : "ExpressionStatement[8086-8121]:ExpressionStatement[8086-8121]"
  }, {
    "left" : "_accessorMethod = base._accessorMethod;",
    "right" : "_accessorMethod = base._accessorMethod;",
    "info" : "ExpressionStatement[8130-8169]:ExpressionStatement[8130-8169]"
  }, {
    "left" : "_field = base._field;",
    "right" : "_field = base._field;",
    "info" : "ExpressionStatement[8178-8199]:ExpressionStatement[8178-8199]"
  }, {
    "left" : "_serializer = base._serializer;",
    "right" : "_serializer = base._serializer;",
    "info" : "ExpressionStatement[8208-8239]:ExpressionStatement[8208-8239]"
  }, {
    "left" : "_nullSerializer = base._nullSerializer;",
    "right" : "_nullSerializer = base._nullSerializer;",
    "info" : "ExpressionStatement[8248-8287]:ExpressionStatement[8248-8287]"
  }, {
    "left" : "if (base._internalSettings != null)",
    "right" : "if (base._internalSettings != null)",
    "info" : "IfStatement[8366-8497]:IfStatement[8366-8497]"
  }, {
    "left" : "{}",
    "right" : "{}",
    "info" : "Block[8402-8497]:Block[8402-8497]"
  }, {
    "left" : "_internalSettings = new HashMap<Object,Object>(base._internalSettings);",
    "right" : "_internalSettings = new HashMap<Object,Object>(base._internalSettings);",
    "info" : "ExpressionStatement[8416-8487]:ExpressionStatement[8416-8487]"
  }, {
    "left" : "_cfgSerializationType = base._cfgSerializationType;",
    "right" : "_cfgSerializationType = base._cfgSerializationType;",
    "info" : "ExpressionStatement[8506-8557]:ExpressionStatement[8506-8557]"
  }, {
    "left" : "_dynamicSerializers = base._dynamicSerializers;",
    "right" : "_dynamicSerializers = base._dynamicSerializers;",
    "info" : "ExpressionStatement[8566-8613]:ExpressionStatement[8566-8613]"
  }, {
    "left" : "_suppressNulls = base._suppressNulls;",
    "right" : "_suppressNulls = base._suppressNulls;",
    "info" : "ExpressionStatement[8622-8659]:ExpressionStatement[8622-8659]"
  }, {
    "left" : "_suppressableValue = base._suppressableValue;",
    "right" : "_suppressableValue = base._suppressableValue;",
    "info" : "ExpressionStatement[8668-8713]:ExpressionStatement[8668-8713]"
  }, {
    "left" : "_includeInViews = base._includeInViews;",
    "right" : "_includeInViews = base._includeInViews;",
    "info" : "ExpressionStatement[8722-8761]:ExpressionStatement[8722-8761]"
  }, {
    "left" : "_typeSerializer = base._typeSerializer;",
    "right" : "_typeSerializer = base._typeSerializer;",
    "info" : "ExpressionStatement[8770-8809]:ExpressionStatement[8770-8809]"
  }, {
    "left" : "_nonTrivialBaseType = base._nonTrivialBaseType;",
    "right" : "_nonTrivialBaseType = base._nonTrivialBaseType;",
    "info" : "ExpressionStatement[8818-8865]:ExpressionStatement[8818-8865]"
  }, {
    "left" : "_isRequired = base._isRequired;",
    "right" : "_isRequired = base._isRequired;",
    "info" : "ExpressionStatement[8874-8905]:ExpressionStatement[8874-8905]"
  }, {
    "left" : "public",
    "right" : "public",
    "info" : "Modifier[8917-8923]:Modifier[8917-8923]"
  }, {
    "left" : "BeanPropertyWriter",
    "right" : "BeanPropertyWriter",
    "info" : "SimpleType[8924-8942]:SimpleType[8924-8942]"
  }, {
    "left" : "rename",
    "right" : "rename",
    "info" : "SimpleName[8943-8949]:SimpleName[8943-8949]"
  }, {
    "left" : "NameTransformer transformer",
    "right" : "NameTransformer transformer",
    "info" : "SingleVariableDeclaration[8950-8977]:SingleVariableDeclaration[8950-8977]"
  }, {
    "left" : "{}",
    "right" : "{}",
    "info" : "Block[8979-9211]:Block[8979-9211]"
  }, {
    "left" : "String newName = transformer.transform(_name.getValue());",
    "right" : "String newName = transformer.transform(_name.getValue());",
    "info" : "VariableDeclarationStatement[8989-9046]:VariableDeclarationStatement[8989-9046]"
  }, {
    "left" : "if (newName.equals(_name.toString()))",
    "right" : "if (newName.equals(_name.toString()))",
    "info" : "IfStatement[9055-9129]:IfStatement[9055-9129]"
  }, {
    "left" : "{}",
    "right" : "{}",
    "info" : "Block[9093-9129]:Block[9093-9129]"
  }, {
    "left" : "return this;",
    "right" : "return this;",
    "info" : "ReturnStatement[9107-9119]:ReturnStatement[9107-9119]"
  }, {
    "left" : "return new BeanPropertyWriter(this, new SerializedString(newName));",
    "right" : "return new BeanPropertyWriter(this, new SerializedString(newName));",
    "info" : "ReturnStatement[9138-9205]:ReturnStatement[9138-9205]"
  }, {
    "left" : "public",
    "right" : "public",
    "info" : "Modifier[9324-9330]:Modifier[9324-9330]"
  }, {
    "left" : "void",
    "right" : "void",
    "info" : "PrimitiveType[9331-9335]:PrimitiveType[9331-9335]"
  }, {
    "left" : "assignSerializer",
    "right" : "assignSerializer",
    "info" : "SimpleName[9336-9352]:SimpleName[9336-9352]"
  }, {
    "left" : "JsonSerializer<Object> ser",
    "right" : "JsonSerializer<Object> ser",
    "info" : "SingleVariableDeclaration[9353-9379]:SingleVariableDeclaration[9353-9379]"
  }, {
    "left" : "{}",
    "right" : "{}",
    "info" : "Block[9385-9610]:Block[9385-9610]"
  }, {
    "left" : "if (_serializer != null && _serializer != ser)",
    "right" : "if (_serializer != null && _serializer != ser)",
    "info" : "IfStatement[9443-9577]:IfStatement[9443-9577]"
  }, {
    "left" : "{}",
    "right" : "{}",
    "info" : "Block[9490-9577]:Block[9490-9577]"
  }, {
    "left" : "throw new IllegalStateException(\"Can not override serializer\");",
    "right" : "throw new IllegalStateException(\"Can not override serializer\");",
    "info" : "ThrowStatement[9504-9567]:ThrowStatement[9504-9567]"
  }, {
    "left" : "_serializer = ser;",
    "right" : "_serializer = ser;",
    "info" : "ExpressionStatement[9586-9604]:ExpressionStatement[9586-9604]"
  }, {
    "left" : "public",
    "right" : "public",
    "info" : "Modifier[9724-9730]:Modifier[9724-9730]"
  }, {
    "left" : "void",
    "right" : "void",
    "info" : "PrimitiveType[9731-9735]:PrimitiveType[9731-9735]"
  }, {
    "left" : "assignNullSerializer",
    "right" : "assignNullSerializer",
    "info" : "SimpleName[9736-9756]:SimpleName[9736-9756]"
  }, {
    "left" : "JsonSerializer<Object> nullSer",
    "right" : "JsonSerializer<Object> nullSer",
    "info" : "SingleVariableDeclaration[9757-9787]:SingleVariableDeclaration[9757-9787]"
  }, {
    "left" : "{}",
    "right" : "{}",
    "info" : "Block[9793-10043]:Block[9793-10043]"
  }, {
    "left" : "if (_nullSerializer != null && _nullSerializer != nullSer)",
    "right" : "if (_nullSerializer != null && _nullSerializer != nullSer)",
    "info" : "IfStatement[9851-10002]:IfStatement[9851-10002]"
  }, {
    "left" : "{}",
    "right" : "{}",
    "info" : "Block[9910-10002]:Block[9910-10002]"
  }, {
    "left" : "throw new IllegalStateException(\"Can not override null serializer\");",
    "right" : "throw new IllegalStateException(\"Can not override null serializer\");",
    "info" : "ThrowStatement[9924-9992]:ThrowStatement[9924-9992]"
  }, {
    "left" : "_nullSerializer = nullSer;",
    "right" : "_nullSerializer = nullSer;",
    "info" : "ExpressionStatement[10011-10037]:ExpressionStatement[10011-10037]"
  }, {
    "left" : "public",
    "right" : "public",
    "info" : "Modifier[10168-10174]:Modifier[10168-10174]"
  }, {
    "left" : "BeanPropertyWriter",
    "right" : "BeanPropertyWriter",
    "info" : "SimpleType[10175-10193]:SimpleType[10175-10193]"
  }, {
    "left" : "unwrappingWriter",
    "right" : "unwrappingWriter",
    "info" : "SimpleName[10194-10210]:SimpleName[10194-10210]"
  }, {
    "left" : "NameTransformer unwrapper",
    "right" : "NameTransformer unwrapper",
    "info" : "SingleVariableDeclaration[10211-10236]:SingleVariableDeclaration[10211-10236]"
  }, {
    "left" : "{}",
    "right" : "{}",
    "info" : "Block[10238-10311]:Block[10238-10311]"
  }, {
    "left" : "return new UnwrappingBeanPropertyWriter(this, unwrapper);",
    "right" : "return new UnwrappingBeanPropertyWriter(this, unwrapper);",
    "info" : "ReturnStatement[10248-10305]:ReturnStatement[10248-10305]"
  }, {
    "left" : "public",
    "right" : "public",
    "info" : "Modifier[10504-10510]:Modifier[10504-10510]"
  }, {
    "left" : "void",
    "right" : "void",
    "info" : "PrimitiveType[10511-10515]:PrimitiveType[10511-10515]"
  }, {
    "left" : "setNonTrivialBaseType",
    "right" : "setNonTrivialBaseType",
    "info" : "SimpleName[10516-10537]:SimpleName[10516-10537]"
  }, {
    "left" : "JavaType t",
    "right" : "JavaType t",
    "info" : "SingleVariableDeclaration[10538-10548]:SingleVariableDeclaration[10538-10548]"
  }, {
    "left" : "{}",
    "right" : "{}",
    "info" : "Block[10550-10590]:Block[10550-10590]"
  }, {
    "left" : "_nonTrivialBaseType = t;",
    "right" : "_nonTrivialBaseType = t;",
    "info" : "ExpressionStatement[10560-10584]:ExpressionStatement[10560-10584]"
  }, {
    "left" : "@Override",
    "right" : "@Override",
    "info" : "MarkerAnnotation[10769-10778]:MarkerAnnotation[10769-10778]"
  }, {
    "left" : "public",
    "right" : "public",
    "info" : "Modifier[10783-10789]:Modifier[10783-10789]"
  }, {
    "left" : "String",
    "right" : "String",
    "info" : "SimpleType[10790-10796]:SimpleType[10790-10796]"
  }, {
    "left" : "getName",
    "right" : "getName",
    "info" : "SimpleName[10797-10804]:SimpleName[10797-10804]"
  }, {
    "left" : "{}",
    "right" : "{}",
    "info" : "Block[10807-10847]:Block[10807-10847]"
  }, {
    "left" : "return _name.getValue();",
    "right" : "return _name.getValue();",
    "info" : "ReturnStatement[10817-10841]:ReturnStatement[10817-10841]"
  }, {
    "left" : "@Override",
    "right" : "@Override",
    "info" : "MarkerAnnotation[10853-10862]:MarkerAnnotation[10853-10862]"
  }, {
    "left" : "public",
    "right" : "public",
    "info" : "Modifier[10867-10873]:Modifier[10867-10873]"
  }, {
    "left" : "JavaType",
    "right" : "JavaType",
    "info" : "SimpleType[10874-10882]:SimpleType[10874-10882]"
  }, {
    "left" : "getType",
    "right" : "getType",
    "info" : "SimpleName[10883-10890]:SimpleName[10883-10890]"
  }, {
    "left" : "{}",
    "right" : "{}",
    "info" : "Block[10893-10930]:Block[10893-10930]"
  }, {
    "left" : "return _declaredType;",
    "right" : "return _declaredType;",
    "info" : "ReturnStatement[10903-10924]:ReturnStatement[10903-10924]"
  }, {
    "left" : "@Override",
    "right" : "@Override",
    "info" : "MarkerAnnotation[10936-10945]:MarkerAnnotation[10936-10945]"
  }, {
    "left" : "public",
    "right" : "public",
    "info" : "Modifier[10950-10956]:Modifier[10950-10956]"
  }, {
    "left" : "PropertyName",
    "right" : "PropertyName",
    "info" : "SimpleType[10957-10969]:SimpleType[10957-10969]"
  }, {
    "left" : "getWrapperName",
    "right" : "getWrapperName",
    "info" : "SimpleName[10970-10984]:SimpleName[10970-10984]"
  }, {
    "left" : "{}",
    "right" : "{}",
    "info" : "Block[10987-11023]:Block[10987-11023]"
  }, {
    "left" : "return _wrapperName;",
    "right" : "return _wrapperName;",
    "info" : "ReturnStatement[10997-11017]:ReturnStatement[10997-11017]"
  }, {
    "left" : "@Override",
    "right" : "@Override",
    "info" : "MarkerAnnotation[11029-11038]:MarkerAnnotation[11029-11038]"
  }, {
    "left" : "public",
    "right" : "public",
    "info" : "Modifier[11043-11049]:Modifier[11043-11049]"
  }, {
    "left" : "boolean",
    "right" : "boolean",
    "info" : "PrimitiveType[11050-11057]:PrimitiveType[11050-11057]"
  }, {
    "left" : "isRequired",
    "right" : "isRequired",
    "info" : "SimpleName[11058-11068]:SimpleName[11058-11068]"
  }, {
    "left" : "{}",
    "right" : "{}",
    "info" : "Block[11071-11106]:Block[11071-11106]"
  }, {
    "left" : "return _isRequired;",
    "right" : "return _isRequired;",
    "info" : "ReturnStatement[11081-11100]:ReturnStatement[11081-11100]"
  }, {
    "left" : "@Override",
    "right" : "@Override",
    "info" : "MarkerAnnotation[11116-11125]:MarkerAnnotation[11116-11125]"
  }, {
    "left" : "public",
    "right" : "public",
    "info" : "Modifier[11130-11136]:Modifier[11130-11136]"
  }, {
    "left" : "A extends Annotation",
    "right" : "A extends Annotation",
    "info" : "TypeParameter[11138-11158]:TypeParameter[11138-11158]"
  }, {
    "left" : "A",
    "right" : "A",
    "info" : "SimpleType[11160-11161]:SimpleType[11160-11161]"
  }, {
    "left" : "getAnnotation",
    "right" : "getAnnotation",
    "info" : "SimpleName[11162-11175]:SimpleName[11162-11175]"
  }, {
    "left" : "Class<A> acls",
    "right" : "Class<A> acls",
    "info" : "SingleVariableDeclaration[11176-11189]:SingleVariableDeclaration[11176-11189]"
  }, {
    "left" : "{}",
    "right" : "{}",
    "info" : "Block[11191-11242]:Block[11191-11242]"
  }, {
    "left" : "return _member.getAnnotation(acls);",
    "right" : "return _member.getAnnotation(acls);",
    "info" : "ReturnStatement[11201-11236]:ReturnStatement[11201-11236]"
  }, {
    "left" : "@Override",
    "right" : "@Override",
    "info" : "MarkerAnnotation[11248-11257]:MarkerAnnotation[11248-11257]"
  }, {
    "left" : "public",
    "right" : "public",
    "info" : "Modifier[11262-11268]:Modifier[11262-11268]"
  }, {
    "left" : "A extends Annotation",
    "right" : "A extends Annotation",
    "info" : "TypeParameter[11270-11290]:TypeParameter[11270-11290]"
  }, {
    "left" : "A",
    "right" : "A",
    "info" : "SimpleType[11292-11293]:SimpleType[11292-11293]"
  }, {
    "left" : "getContextAnnotation",
    "right" : "getContextAnnotation",
    "info" : "SimpleName[11294-11314]:SimpleName[11294-11314]"
  }, {
    "left" : "Class<A> acls",
    "right" : "Class<A> acls",
    "info" : "SingleVariableDeclaration[11315-11328]:SingleVariableDeclaration[11315-11328]"
  }, {
    "left" : "{}",
    "right" : "{}",
    "info" : "Block[11330-11383]:Block[11330-11383]"
  }, {
    "left" : "return _contextAnnotations.get(acls);",
    "right" : "return _contextAnnotations.get(acls);",
    "info" : "ReturnStatement[11340-11377]:ReturnStatement[11340-11377]"
  }, {
    "left" : "@Override",
    "right" : "@Override",
    "info" : "MarkerAnnotation[11389-11398]:MarkerAnnotation[11389-11398]"
  }, {
    "left" : "public",
    "right" : "public",
    "info" : "Modifier[11403-11409]:Modifier[11403-11409]"
  }, {
    "left" : "AnnotatedMember",
    "right" : "AnnotatedMember",
    "info" : "SimpleType[11410-11425]:SimpleType[11410-11425]"
  }, {
    "left" : "getMember",
    "right" : "getMember",
    "info" : "SimpleName[11426-11435]:SimpleName[11426-11435]"
  }, {
    "left" : "{}",
    "right" : "{}",
    "info" : "Block[11438-11469]:Block[11438-11469]"
  }, {
    "left" : "return _member;",
    "right" : "return _member;",
    "info" : "ReturnStatement[11448-11463]:ReturnStatement[11448-11463]"
  }, {
    "left" : "@Override",
    "right" : "@Override",
    "info" : "MarkerAnnotation[11476-11485]:MarkerAnnotation[11476-11485]"
  }, {
    "left" : "public",
    "right" : "public",
    "info" : "Modifier[11490-11496]:Modifier[11490-11496]"
  }, {
    "left" : "void",
    "right" : "void",
    "info" : "PrimitiveType[11497-11501]:PrimitiveType[11497-11501]"
  }, {
    "left" : "depositSchemaProperty",
    "right" : "depositSchemaProperty",
    "info" : "SimpleName[11502-11523]:SimpleName[11502-11523]"
  }, {
    "left" : "JsonObjectFormatVisitor objectVisitor",
    "right" : "JsonObjectFormatVisitor objectVisitor",
    "info" : "SingleVariableDeclaration[11524-11561]:SingleVariableDeclaration[11524-11561]"
  }, {
    "left" : "JsonMappingException",
    "right" : "JsonMappingException",
    "info" : "SimpleType[11578-11598]:SimpleType[11578-11598]"
  }, {
    "left" : "{}",
    "right" : "{}",
    "info" : "Block[11603-11825]:Block[11603-11825]"
  }, {
    "left" : "if (objectVisitor != null)",
    "right" : "if (objectVisitor != null)",
    "info" : "IfStatement[11613-11819]:IfStatement[11613-11819]"
  }, {
    "left" : "{}",
    "right" : "{}",
    "info" : "Block[11640-11819]:Block[11640-11819]"
  }, {
    "left" : "if (isRequired())",
    "right" : "if (isRequired())",
    "info" : "IfStatement[11654-11809]:IfStatement[11654-11809]"
  }, {
    "left" : "{}",
    "right" : "{}",
    "info" : "Block[11672-11734]:Block[11672-11734]"
  }, {
    "left" : "objectVisitor.property(this);",
    "right" : "objectVisitor.property(this);",
    "info" : "ExpressionStatement[11690-11719]:ExpressionStatement[11690-11719]"
  }, {
    "left" : "{}",
    "right" : "{}",
    "info" : "Block[11740-11809]:Block[11740-11809]"
  }, {
    "left" : "objectVisitor.optionalProperty(this);",
    "right" : "objectVisitor.optionalProperty(this);",
    "info" : "ExpressionStatement[11758-11795]:ExpressionStatement[11758-11795]"
  }, {
    "left" : "public",
    "right" : "public",
    "info" : "Modifier[12213-12219]:Modifier[12213-12219]"
  }, {
    "left" : "Object",
    "right" : "Object",
    "info" : "SimpleType[12220-12226]:SimpleType[12220-12226]"
  }, {
    "left" : "getInternalSetting",
    "right" : "getInternalSetting",
    "info" : "SimpleName[12227-12245]:SimpleName[12227-12245]"
  }, {
    "left" : "Object key",
    "right" : "Object key",
    "info" : "SingleVariableDeclaration[12246-12256]:SingleVariableDeclaration[12246-12256]"
  }, {
    "left" : "{}",
    "right" : "{}",
    "info" : "Block[12262-12388]:Block[12262-12388]"
  }, {
    "left" : "if (_internalSettings == null)",
    "right" : "if (_internalSettings == null)",
    "info" : "IfStatement[12272-12339]:IfStatement[12272-12339]"
  }, {
    "left" : "{}",
    "right" : "{}",
    "info" : "Block[12303-12339]:Block[12303-12339]"
  }, {
    "left" : "return null;",
    "right" : "return null;",
    "info" : "ReturnStatement[12317-12329]:ReturnStatement[12317-12329]"
  }, {
    "left" : "return _internalSettings.get(key);",
    "right" : "return _internalSettings.get(key);",
    "info" : "ReturnStatement[12348-12382]:ReturnStatement[12348-12382]"
  }, {
    "left" : "public",
    "right" : "public",
    "info" : "Modifier[12552-12558]:Modifier[12552-12558]"
  }, {
    "left" : "Object",
    "right" : "Object",
    "info" : "SimpleType[12559-12565]:SimpleType[12559-12565]"
  }, {
    "left" : "setInternalSetting",
    "right" : "setInternalSetting",
    "info" : "SimpleName[12566-12584]:SimpleName[12566-12584]"
  }, {
    "left" : "Object key",
    "right" : "Object key",
    "info" : "SingleVariableDeclaration[12585-12595]:SingleVariableDeclaration[12585-12595]"
  }, {
    "left" : "Object value",
    "right" : "Object value",
    "info" : "SingleVariableDeclaration[12597-12609]:SingleVariableDeclaration[12597-12609]"
  }, {
    "left" : "{}",
    "right" : "{}",
    "info" : "Block[12615-12785]:Block[12615-12785]"
  }, {
    "left" : "if (_internalSettings == null)",
    "right" : "if (_internalSettings == null)",
    "info" : "IfStatement[12625-12729]:IfStatement[12625-12729]"
  }, {
    "left" : "{}",
    "right" : "{}",
    "info" : "Block[12656-12729]:Block[12656-12729]"
  }, {
    "left" : "_internalSettings = new HashMap<Object,Object>();",
    "right" : "_internalSettings = new HashMap<Object,Object>();",
    "info" : "ExpressionStatement[12670-12719]:ExpressionStatement[12670-12719]"
  }, {
    "left" : "return _internalSettings.put(key, value);",
    "right" : "return _internalSettings.put(key, value);",
    "info" : "ReturnStatement[12738-12779]:ReturnStatement[12738-12779]"
  }, {
    "left" : "public",
    "right" : "public",
    "info" : "Modifier[12948-12954]:Modifier[12948-12954]"
  }, {
    "left" : "Object",
    "right" : "Object",
    "info" : "SimpleType[12955-12961]:SimpleType[12955-12961]"
  }, {
    "left" : "removeInternalSetting",
    "right" : "removeInternalSetting",
    "info" : "SimpleName[12962-12983]:SimpleName[12962-12983]"
  }, {
    "left" : "Object key",
    "right" : "Object key",
    "info" : "SingleVariableDeclaration[12984-12994]:SingleVariableDeclaration[12984-12994]"
  }, {
    "left" : "{}",
    "right" : "{}",
    "info" : "Block[13000-13351]:Block[13000-13351]"
  }, {
    "left" : "Object removed = null;",
    "right" : "Object removed = null;",
    "info" : "VariableDeclarationStatement[13010-13032]:VariableDeclarationStatement[13010-13032]"
  }, {
    "left" : "if (_internalSettings != null)",
    "right" : "if (_internalSettings != null)",
    "info" : "IfStatement[13041-13321]:IfStatement[13041-13321]"
  }, {
    "left" : "{}",
    "right" : "{}",
    "info" : "Block[13072-13321]:Block[13072-13321]"
  }, {
    "left" : "removed = _internalSettings.remove(key);",
    "right" : "removed = _internalSettings.remove(key);",
    "info" : "ExpressionStatement[13086-13126]:ExpressionStatement[13086-13126]"
  }, {
    "left" : "if (_internalSettings.size() == 0)",
    "right" : "if (_internalSettings.size() == 0)",
    "info" : "IfStatement[13219-13311]:IfStatement[13219-13311]"
  }, {
    "left" : "{}",
    "right" : "{}",
    "info" : "Block[13254-13311]:Block[13254-13311]"
  }, {
    "left" : "_internalSettings = null;",
    "right" : "_internalSettings = null;",
    "info" : "ExpressionStatement[13272-13297]:ExpressionStatement[13272-13297]"
  }, {
    "left" : "return removed;",
    "right" : "return removed;",
    "info" : "ReturnStatement[13330-13345]:ReturnStatement[13330-13345]"
  }, {
    "left" : "public",
    "right" : "public",
    "info" : "Modifier[13522-13528]:Modifier[13522-13528]"
  }, {
    "left" : "SerializedString",
    "right" : "SerializedString",
    "info" : "SimpleType[13529-13545]:SimpleType[13529-13545]"
  }, {
    "left" : "getSerializedName",
    "right" : "getSerializedName",
    "info" : "SimpleName[13546-13563]:SimpleName[13546-13563]"
  }, {
    "left" : "{}",
    "right" : "{}",
    "info" : "Block[13566-13583]:Block[13566-13583]"
  }, {
    "left" : "return _name;",
    "right" : "return _name;",
    "info" : "ReturnStatement[13568-13581]:ReturnStatement[13568-13581]"
  }, {
    "left" : "public",
    "right" : "public",
    "info" : "Modifier[13593-13599]:Modifier[13593-13599]"
  }, {
    "left" : "boolean",
    "right" : "boolean",
    "info" : "PrimitiveType[13600-13607]:PrimitiveType[13600-13607]"
  }, {
    "left" : "hasSerializer",
    "right" : "hasSerializer",
    "info" : "SimpleName[13608-13621]:SimpleName[13608-13621]"
  }, {
    "left" : "{}",
    "right" : "{}",
    "info" : "Block[13624-13655]:Block[13624-13655]"
  }, {
    "left" : "return _serializer != null;",
    "right" : "return _serializer != null;",
    "info" : "ReturnStatement[13626-13653]:ReturnStatement[13626-13653]"
  }, {
    "left" : "public",
    "right" : "public",
    "info" : "Modifier[13660-13666]:Modifier[13660-13666]"
  }, {
    "left" : "boolean",
    "right" : "boolean",
    "info" : "PrimitiveType[13667-13674]:PrimitiveType[13667-13674]"
  }, {
    "left" : "hasNullSerializer",
    "right" : "hasNullSerializer",
    "info" : "SimpleName[13675-13692]:SimpleName[13675-13692]"
  }, {
    "left" : "{}",
    "right" : "{}",
    "info" : "Block[13695-13730]:Block[13695-13730]"
  }, {
    "left" : "return _nullSerializer != null;",
    "right" : "return _nullSerializer != null;",
    "info" : "ReturnStatement[13697-13728]:ReturnStatement[13697-13728]"
  }, {
    "left" : "public",
    "right" : "public",
    "info" : "Modifier[13736-13742]:Modifier[13736-13742]"
  }, {
    "left" : "boolean",
    "right" : "boolean",
    "info" : "PrimitiveType[13743-13750]:PrimitiveType[13743-13750]"
  }, {
    "left" : "willSuppressNulls",
    "right" : "willSuppressNulls",
    "info" : "SimpleName[13751-13768]:SimpleName[13751-13768]"
  }, {
    "left" : "{}",
    "right" : "{}",
    "info" : "Block[13771-13797]:Block[13771-13797]"
  }, {
    "left" : "return _suppressNulls;",
    "right" : "return _suppressNulls;",
    "info" : "ReturnStatement[13773-13795]:ReturnStatement[13773-13795]"
  }, {
    "left" : "public",
    "right" : "public",
    "info" : "Modifier[13849-13855]:Modifier[13849-13855]"
  }, {
    "left" : "JsonSerializer<Object>",
    "right" : "JsonSerializer<Object>",
    "info" : "ParameterizedType[13856-13878]:ParameterizedType[13856-13878]"
  }, {
    "left" : "getSerializer",
    "right" : "getSerializer",
    "info" : "SimpleName[13879-13892]:SimpleName[13879-13892]"
  }, {
    "left" : "{}",
    "right" : "{}",
    "info" : "Block[13895-13930]:Block[13895-13930]"
  }, {
    "left" : "return _serializer;",
    "right" : "return _serializer;",
    "info" : "ReturnStatement[13905-13924]:ReturnStatement[13905-13924]"
  }, {
    "left" : "public",
    "right" : "public",
    "info" : "Modifier[13936-13942]:Modifier[13936-13942]"
  }, {
    "left" : "JavaType",
    "right" : "JavaType",
    "info" : "SimpleType[13943-13951]:SimpleType[13943-13951]"
  }, {
    "left" : "getSerializationType",
    "right" : "getSerializationType",
    "info" : "SimpleName[13952-13972]:SimpleName[13952-13972]"
  }, {
    "left" : "{}",
    "right" : "{}",
    "info" : "Block[13975-14020]:Block[13975-14020]"
  }, {
    "left" : "return _cfgSerializationType;",
    "right" : "return _cfgSerializationType;",
    "info" : "ReturnStatement[13985-14014]:ReturnStatement[13985-14014]"
  }, {
    "left" : "public",
    "right" : "public",
    "info" : "Modifier[14026-14032]:Modifier[14026-14032]"
  }, {
    "left" : "Class<?>",
    "right" : "Class<?>",
    "info" : "ParameterizedType[14033-14041]:ParameterizedType[14033-14041]"
  }, {
    "left" : "getRawSerializationType",
    "right" : "getRawSerializationType",
    "info" : "SimpleName[14042-14065]:SimpleName[14042-14065]"
  }, {
    "left" : "{}",
    "right" : "{}",
    "info" : "Block[14068-14168]:Block[14068-14168]"
  }, {
    "left" : "return (_cfgSerializationType == null) ? null : _cfgSerializationType.getRawClass();",
    "right" : "return (_cfgSerializationType == null) ? null : _cfgSerializationType.getRawClass();",
    "info" : "ReturnStatement[14078-14162]:ReturnStatement[14078-14162]"
  }, {
    "left" : "public",
    "right" : "public",
    "info" : "Modifier[14178-14184]:Modifier[14178-14184]"
  }, {
    "left" : "Class<?>",
    "right" : "Class<?>",
    "info" : "ParameterizedType[14185-14193]:ParameterizedType[14185-14193]"
  }, {
    "left" : "getPropertyType",
    "right" : "getPropertyType",
    "info" : "SimpleName[14194-14209]:SimpleName[14194-14209]"
  }, {
    "left" : "{}",
    "right" : "{}",
    "info" : "Block[14217-14358]:Block[14217-14358]"
  }, {
    "left" : "if (_accessorMethod != null)",
    "right" : "if (_accessorMethod != null)",
    "info" : "IfStatement[14227-14319]:IfStatement[14227-14319]"
  }, {
    "left" : "{}",
    "right" : "{}",
    "info" : "Block[14256-14319]:Block[14256-14319]"
  }, {
    "left" : "return _accessorMethod.getReturnType();",
    "right" : "return _accessorMethod.getReturnType();",
    "info" : "ReturnStatement[14270-14309]:ReturnStatement[14270-14309]"
  }, {
    "left" : "return _field.getType();",
    "right" : "return _field.getType();",
    "info" : "ReturnStatement[14328-14352]:ReturnStatement[14328-14352]"
  }, {
    "left" : "public",
    "right" : "public",
    "info" : "Modifier[14505-14511]:Modifier[14505-14511]"
  }, {
    "left" : "Type",
    "right" : "Type",
    "info" : "SimpleType[14512-14516]:SimpleType[14512-14516]"
  }, {
    "left" : "getGenericPropertyType",
    "right" : "getGenericPropertyType",
    "info" : "SimpleName[14517-14539]:SimpleName[14517-14539]"
  }, {
    "left" : "{}",
    "right" : "{}",
    "info" : "Block[14546-14701]:Block[14546-14701]"
  }, {
    "left" : "if (_accessorMethod != null)",
    "right" : "if (_accessorMethod != null)",
    "info" : "IfStatement[14556-14655]:IfStatement[14556-14655]"
  }, {
    "left" : "{}",
    "right" : "{}",
    "info" : "Block[14585-14655]:Block[14585-14655]"
  }, {
    "left" : "return _accessorMethod.getGenericReturnType();",
    "right" : "return _accessorMethod.getGenericReturnType();",
    "info" : "ReturnStatement[14599-14645]:ReturnStatement[14599-14645]"
  }, {
    "left" : "return _field.getGenericType();",
    "right" : "return _field.getGenericType();",
    "info" : "ReturnStatement[14664-14695]:ReturnStatement[14664-14695]"
  }, {
    "left" : "public",
    "right" : "public",
    "info" : "Modifier[14707-14713]:Modifier[14707-14713]"
  }, {
    "left" : "Class<?>[]",
    "right" : "Class<?>[]",
    "info" : "ArrayType[14714-14724]:ArrayType[14714-14724]"
  }, {
    "left" : "getViews",
    "right" : "getViews",
    "info" : "SimpleName[14725-14733]:SimpleName[14725-14733]"
  }, {
    "left" : "{}",
    "right" : "{}",
    "info" : "Block[14736-14763]:Block[14736-14763]"
  }, {
    "left" : "return _includeInViews;",
    "right" : "return _includeInViews;",
    "info" : "ReturnStatement[14738-14761]:ReturnStatement[14738-14761]"
  }, {
    "left" : "@Deprecated",
    "right" : "@Deprecated",
    "info" : "MarkerAnnotation[15165-15176]:MarkerAnnotation[15165-15176]"
  }, {
    "left" : "protected",
    "right" : "protected",
    "info" : "Modifier[15181-15190]:Modifier[15181-15190]"
  }, {
    "left" : "boolean",
    "right" : "boolean",
    "info" : "PrimitiveType[15191-15198]:PrimitiveType[15191-15198]"
  }, {
    "left" : "isRequired",
    "right" : "isRequired",
    "info" : "SimpleName[15199-15209]:SimpleName[15199-15209]"
  }, {
    "left" : "AnnotationIntrospector intr",
    "right" : "AnnotationIntrospector intr",
    "info" : "SingleVariableDeclaration[15210-15237]:SingleVariableDeclaration[15210-15237]"
  }, {
    "left" : "{}",
    "right" : "{}",
    "info" : "Block[15239-15274]:Block[15239-15274]"
  }, {
    "left" : "return _isRequired;",
    "right" : "return _isRequired;",
    "info" : "ReturnStatement[15249-15268]:ReturnStatement[15249-15268]"
  }, {
    "left" : "@SuppressWarnings(\"deprecation\")",
    "right" : "@SuppressWarnings(\"deprecation\")",
    "info" : "SingleMemberAnnotation[16027-16059]:SingleMemberAnnotation[16027-16059]"
  }, {
    "left" : "public",
    "right" : "public",
    "info" : "Modifier[16064-16070]:Modifier[16064-16070]"
  }, {
    "left" : "void",
    "right" : "void",
    "info" : "PrimitiveType[16071-16075]:PrimitiveType[16071-16075]"
  }, {
    "left" : "depositSchemaProperty",
    "right" : "depositSchemaProperty",
    "info" : "SimpleName[16076-16097]:SimpleName[16076-16097]"
  }, {
    "left" : "ObjectNode propertiesNode",
    "right" : "ObjectNode propertiesNode",
    "info" : "SingleVariableDeclaration[16098-16123]:SingleVariableDeclaration[16098-16123]"
  }, {
    "left" : "SerializerProvider provider",
    "right" : "SerializerProvider provider",
    "info" : "SingleVariableDeclaration[16125-16152]:SingleVariableDeclaration[16125-16152]"
  }, {
    "left" : "JsonMappingException",
    "right" : "JsonMappingException",
    "info" : "SimpleType[16169-16189]:SimpleType[16169-16189]"
  }, {
    "left" : "{}",
    "right" : "{}",
    "info" : "Block[16194-17212]:Block[16194-17212]"
  }, {
    "left" : "JavaType propType = getSerializationType();",
    "right" : "JavaType propType = getSerializationType();",
    "info" : "VariableDeclarationStatement[16204-16247]:VariableDeclarationStatement[16204-16247]"
  }, {
    "left" : "Type hint = (propType == null) ? getGenericPropertyType() : propType.getRawClass();",
    "right" : "Type hint = (propType == null) ? getGenericPropertyType() : propType.getRawClass();",
    "info" : "VariableDeclarationStatement[16349-16432]:VariableDeclarationStatement[16349-16432]"
  }, {
    "left" : "JsonNode schemaNode;",
    "right" : "JsonNode schemaNode;",
    "info" : "VariableDeclarationStatement[16441-16461]:VariableDeclarationStatement[16441-16461]"
  }, {
    "left" : "JsonSerializer<Object> ser = getSerializer();",
    "right" : "JsonSerializer<Object> ser = getSerializer();",
    "info" : "VariableDeclarationStatement[16546-16591]:VariableDeclarationStatement[16546-16591]"
  }, {
    "left" : "if (ser == null)",
    "right" : "if (ser == null)",
    "info" : "IfStatement[16600-16851]:IfStatement[16600-16851]"
  }, {
    "left" : "{}",
    "right" : "{}",
    "info" : "Block[16617-16851]:Block[16617-16851]"
  }, {
    "left" : "Class<?> serType = getRawSerializationType();",
    "right" : "Class<?> serType = getRawSerializationType();",
    "info" : "VariableDeclarationStatement[16639-16684]:VariableDeclarationStatement[16639-16684]"
  }, {
    "left" : "if (serType == null)",
    "right" : "if (serType == null)",
    "info" : "IfStatement[16697-16778]:IfStatement[16697-16778]"
  }, {
    "left" : "{}",
    "right" : "{}",
    "info" : "Block[16718-16778]:Block[16718-16778]"
  }, {
    "left" : "serType = getPropertyType();",
    "right" : "serType = getPropertyType();",
    "info" : "ExpressionStatement[16736-16764]:ExpressionStatement[16736-16764]"
  }, {
    "left" : "ser = provider.findValueSerializer(serType, this);",
    "right" : "ser = provider.findValueSerializer(serType, this);",
    "info" : "ExpressionStatement[16791-16841]:ExpressionStatement[16791-16841]"
  }, {
    "left" : "boolean isOptional = !isRequired();",
    "right" : "boolean isOptional = !isRequired();",
    "info" : "VariableDeclarationStatement[16860-16895]:VariableDeclarationStatement[16860-16895]"
  }, {
    "left" : "if (ser instanceof SchemaAware)",
    "right" : "if (ser instanceof SchemaAware)",
    "info" : "IfStatement[16904-17155]:IfStatement[16904-17155]"
  }, {
    "left" : "{}",
    "right" : "{}",
    "info" : "Block[16936-17033]:Block[16936-17033]"
  }, {
    "left" : "schemaNode =  ((SchemaAware) ser).getSchema(provider, hint, isOptional) ;",
    "right" : "schemaNode =  ((SchemaAware) ser).getSchema(provider, hint, isOptional) ;",
    "info" : "ExpressionStatement[16950-17023]:ExpressionStatement[16950-17023]"
  }, {
    "left" : "{}",
    "right" : "{}",
    "info" : "Block[17039-17155]:Block[17039-17155]"
  }, {
    "left" : "schemaNode = com.fasterxml.jackson.databind.jsonschema.JsonSchema.getDefaultSchemaNode();",
    "right" : "schemaNode = com.fasterxml.jackson.databind.jsonschema.JsonSchema.getDefaultSchemaNode();",
    "info" : "ExpressionStatement[17055-17144]:ExpressionStatement[17055-17144]"
  }, {
    "left" : "propertiesNode.put(getName(), schemaNode);",
    "right" : "propertiesNode.put(getName(), schemaNode);",
    "info" : "ExpressionStatement[17164-17206]:ExpressionStatement[17164-17206]"
  }, {
    "left" : "public",
    "right" : "public",
    "info" : "Modifier[17595-17601]:Modifier[17595-17601]"
  }, {
    "left" : "void",
    "right" : "void",
    "info" : "PrimitiveType[17602-17606]:PrimitiveType[17602-17606]"
  }, {
    "left" : "serializeAsField",
    "right" : "serializeAsField",
    "info" : "SimpleName[17607-17623]:SimpleName[17607-17623]"
  }, {
    "left" : "Object bean",
    "right" : "Object bean",
    "info" : "SingleVariableDeclaration[17624-17635]:SingleVariableDeclaration[17624-17635]"
  }, {
    "left" : "JsonGenerator jgen",
    "right" : "JsonGenerator jgen",
    "info" : "SingleVariableDeclaration[17637-17655]:SingleVariableDeclaration[17637-17655]"
  }, {
    "left" : "SerializerProvider prov",
    "right" : "SerializerProvider prov",
    "info" : "SingleVariableDeclaration[17657-17680]:SingleVariableDeclaration[17657-17680]"
  }, {
    "left" : "Exception",
    "right" : "Exception",
    "info" : "SimpleType[17697-17706]:SimpleType[17697-17706]"
  }, {
    "left" : "{}",
    "right" : "{}",
    "info" : "Block[17711-19141]:Block[17711-19141]"
  }, {
    "left" : "Object value = get(bean);",
    "right" : "Object value = get(bean);",
    "info" : "VariableDeclarationStatement[17721-17746]:VariableDeclarationStatement[17721-17746]"
  }, {
    "left" : "if (value == null)",
    "right" : "if (value == null)",
    "info" : "IfStatement[17815-18027]:IfStatement[17815-18027]"
  }, {
    "left" : "{}",
    "right" : "{}",
    "info" : "Block[17834-18027]:Block[17834-18027]"
  }, {
    "left" : "if (_nullSerializer != null)",
    "right" : "if (_nullSerializer != null)",
    "info" : "IfStatement[17848-17997]:IfStatement[17848-17997]"
  }, {
    "left" : "{}",
    "right" : "{}",
    "info" : "Block[17877-17997]:Block[17877-17997]"
  }, {
    "left" : "jgen.writeFieldName(_name);",
    "right" : "jgen.writeFieldName(_name);",
    "info" : "ExpressionStatement[17895-17922]:ExpressionStatement[17895-17922]"
  }, {
    "left" : "_nullSerializer.serialize(null, jgen, prov);",
    "right" : "_nullSerializer.serialize(null, jgen, prov);",
    "info" : "ExpressionStatement[17939-17983]:ExpressionStatement[17939-17983]"
  }, {
    "left" : "return;",
    "right" : "return;",
    "info" : "ReturnStatement[18010-18017]:ReturnStatement[18010-18017]"
  }, {
    "left" : "JsonSerializer<Object> ser = _serializer;",
    "right" : "JsonSerializer<Object> ser = _serializer;",
    "info" : "VariableDeclarationStatement[18075-18116]:VariableDeclarationStatement[18075-18116]"
  }, {
    "left" : "if (ser == null)",
    "right" : "if (ser == null)",
    "info" : "IfStatement[18125-18404]:IfStatement[18125-18404]"
  }, {
    "left" : "{}",
    "right" : "{}",
    "info" : "Block[18142-18404]:Block[18142-18404]"
  }, {
    "left" : "Class<?> cls = value.getClass();",
    "right" : "Class<?> cls = value.getClass();",
    "info" : "VariableDeclarationStatement[18156-18188]:VariableDeclarationStatement[18156-18188]"
  }, {
    "left" : "PropertySerializerMap map = _dynamicSerializers;",
    "right" : "PropertySerializerMap map = _dynamicSerializers;",
    "info" : "VariableDeclarationStatement[18201-18249]:VariableDeclarationStatement[18201-18249]"
  }, {
    "left" : "ser = map.serializerFor(cls);",
    "right" : "ser = map.serializerFor(cls);",
    "info" : "ExpressionStatement[18262-18291]:ExpressionStatement[18262-18291]"
  }, {
    "left" : "if (ser == null)",
    "right" : "if (ser == null)",
    "info" : "IfStatement[18304-18394]:IfStatement[18304-18394]"
  }, {
    "left" : "{}",
    "right" : "{}",
    "info" : "Block[18321-18394]:Block[18321-18394]"
  }, {
    "left" : "ser = _findAndAddDynamic(map, cls, prov);",
    "right" : "ser = _findAndAddDynamic(map, cls, prov);",
    "info" : "ExpressionStatement[18339-18380]:ExpressionStatement[18339-18380]"
  }, {
    "left" : "if (_suppressableValue != null)",
    "right" : "if (_suppressableValue != null)",
    "info" : "IfStatement[18489-18775]:IfStatement[18489-18775]"
  }, {
    "left" : "{}",
    "right" : "{}",
    "info" : "Block[18521-18775]:Block[18521-18775]"
  }, {
    "left" : "if (MARKER_FOR_EMPTY == _suppressableValue)",
    "right" : "if (MARKER_FOR_EMPTY == _suppressableValue)",
    "info" : "IfStatement[18535-18765]:IfStatement[18535-18765]"
  }, {
    "left" : "{}",
    "right" : "{}",
    "info" : "Block[18579-18682]:Block[18579-18682]"
  }, {
    "left" : "if (ser.isEmpty(value))",
    "right" : "if (ser.isEmpty(value))",
    "info" : "IfStatement[18597-18668]:IfStatement[18597-18668]"
  }, {
    "left" : "{}",
    "right" : "{}",
    "info" : "Block[18621-18668]:Block[18621-18668]"
  }, {
    "left" : "return;",
    "right" : "return;",
    "info" : "ReturnStatement[18643-18650]:ReturnStatement[18643-18650]"
  }, {
    "left" : "if (_suppressableValue.equals(value))",
    "right" : "if (_suppressableValue.equals(value))",
    "info" : "IfStatement[18688-18765]:IfStatement[18688-18765]"
  }, {
    "left" : "{}",
    "right" : "{}",
    "info" : "Block[18726-18765]:Block[18726-18765]"
  }, {
    "left" : "return;",
    "right" : "return;",
    "info" : "ReturnStatement[18744-18751]:ReturnStatement[18744-18751]"
  }, {
    "left" : "if (value == bean)",
    "right" : "if (value == bean)",
    "info" : "IfStatement[18841-18916]:IfStatement[18841-18916]"
  }, {
    "left" : "{}",
    "right" : "{}",
    "info" : "Block[18860-18916]:Block[18860-18916]"
  }, {
    "left" : "_handleSelfReference(bean, ser);",
    "right" : "_handleSelfReference(bean, ser);",
    "info" : "ExpressionStatement[18874-18906]:ExpressionStatement[18874-18906]"
  }, {
    "left" : "jgen.writeFieldName(_name);",
    "right" : "jgen.writeFieldName(_name);",
    "info" : "ExpressionStatement[18925-18952]:ExpressionStatement[18925-18952]"
  }, {
    "left" : "if (_typeSerializer == null)",
    "right" : "if (_typeSerializer == null)",
    "info" : "IfStatement[18961-19135]:IfStatement[18961-19135]"
  }, {
    "left" : "{}",
    "right" : "{}",
    "info" : "Block[18990-19047]:Block[18990-19047]"
  }, {
    "left" : "ser.serialize(value, jgen, prov);",
    "right" : "ser.serialize(value, jgen, prov);",
    "info" : "ExpressionStatement[19004-19037]:ExpressionStatement[19004-19037]"
  }, {
    "left" : "{}",
    "right" : "{}",
    "info" : "Block[19053-19135]:Block[19053-19135]"
  }, {
    "left" : "ser.serializeWithType(value, jgen, prov, _typeSerializer);",
    "right" : "ser.serializeWithType(value, jgen, prov, _typeSerializer);",
    "info" : "ExpressionStatement[19067-19125]:ExpressionStatement[19067-19125]"
  }, {
    "left" : "public",
    "right" : "public",
    "info" : "Modifier[19356-19362]:Modifier[19356-19362]"
  }, {
    "left" : "void",
    "right" : "void",
    "info" : "PrimitiveType[19363-19367]:PrimitiveType[19363-19367]"
  }, {
    "left" : "serializeAsColumn",
    "right" : "serializeAsColumn",
    "info" : "SimpleName[19368-19385]:SimpleName[19368-19385]"
  }, {
    "left" : "Object bean",
    "right" : "Object bean",
    "info" : "SingleVariableDeclaration[19386-19397]:SingleVariableDeclaration[19386-19397]"
  }, {
    "left" : "JsonGenerator jgen",
    "right" : "JsonGenerator jgen",
    "info" : "SingleVariableDeclaration[19399-19417]:SingleVariableDeclaration[19399-19417]"
  }, {
    "left" : "SerializerProvider prov",
    "right" : "SerializerProvider prov",
    "info" : "SingleVariableDeclaration[19419-19442]:SingleVariableDeclaration[19419-19442]"
  }, {
    "left" : "Exception",
    "right" : "Exception",
    "info" : "SimpleType[19459-19468]:SimpleType[19459-19468]"
  }, {
    "left" : "{}",
    "right" : "{}",
    "info" : "Block[19473-21096]:Block[19473-21116]"
  }, {
    "left" : "Object value = get(bean);",
    "right" : "Object value = get(bean);",
    "info" : "VariableDeclarationStatement[19483-19508]:VariableDeclarationStatement[19483-19508]"
  }, {
    "left" : "if (value == null)",
    "right" : "if (value == null)",
    "info" : "IfStatement[19517-19801]:IfStatement[19517-19821]"
  }, {
    "left" : "{}",
    "right" : "{}",
    "info" : "Block[19536-19801]:Block[19536-19821]"
  }, {
    "left" : "if (_nullSerializer != null)",
    "right" : "if (_nullSerializer != null)",
    "info" : "IfStatement[19585-19791]:IfStatement[19585-19791]"
  }, {
    "left" : "{}",
    "right" : "{}",
    "info" : "Block[19614-19690]:Block[19614-19690]"
  }, {
    "left" : "_nullSerializer.serialize(null, jgen, prov);",
    "right" : "_nullSerializer.serialize(null, jgen, prov);",
    "info" : "ExpressionStatement[19632-19676]:ExpressionStatement[19632-19676]"
  }, {
    "left" : "{}",
    "right" : "{}",
    "info" : "Block[19696-19791]:Block[19696-19791]"
  }, {
    "left" : "jgen.writeNull();",
    "right" : "jgen.writeNull();",
    "info" : "ExpressionStatement[19760-19777]:ExpressionStatement[19760-19777]"
  }, {
    "left" : "JsonSerializer<Object> ser = _serializer;",
    "right" : "JsonSerializer<Object> ser = _serializer;",
    "info" : "VariableDeclarationStatement[19854-19895]:VariableDeclarationStatement[19874-19915]"
  }, {
    "left" : "if (ser == null)",
    "right" : "if (ser == null)",
    "info" : "IfStatement[19904-20183]:IfStatement[19924-20203]"
  }, {
    "left" : "{}",
    "right" : "{}",
    "info" : "Block[19921-20183]:Block[19941-20203]"
  }, {
    "left" : "Class<?> cls = value.getClass();",
    "right" : "Class<?> cls = value.getClass();",
    "info" : "VariableDeclarationStatement[19935-19967]:VariableDeclarationStatement[19955-19987]"
  }, {
    "left" : "PropertySerializerMap map = _dynamicSerializers;",
    "right" : "PropertySerializerMap map = _dynamicSerializers;",
    "info" : "VariableDeclarationStatement[19980-20028]:VariableDeclarationStatement[20000-20048]"
  }, {
    "left" : "ser = map.serializerFor(cls);",
    "right" : "ser = map.serializerFor(cls);",
    "info" : "ExpressionStatement[20041-20070]:ExpressionStatement[20061-20090]"
  }, {
    "left" : "if (ser == null)",
    "right" : "if (ser == null)",
    "info" : "IfStatement[20083-20173]:IfStatement[20103-20193]"
  }, {
    "left" : "{}",
    "right" : "{}",
    "info" : "Block[20100-20173]:Block[20120-20193]"
  }, {
    "left" : "ser = _findAndAddDynamic(map, cls, prov);",
    "right" : "ser = _findAndAddDynamic(map, cls, prov);",
    "info" : "ExpressionStatement[20118-20159]:ExpressionStatement[20138-20179]"
  }, {
    "left" : "if (_suppressableValue != null)",
    "right" : "if (_suppressableValue != null)",
    "info" : "IfStatement[20268-20766]:IfStatement[20288-20786]"
  }, {
    "left" : "{}",
    "right" : "{}",
    "info" : "Block[20300-20766]:Block[20320-20786]"
  }, {
    "left" : "if (MARKER_FOR_EMPTY == _suppressableValue)",
    "right" : "if (MARKER_FOR_EMPTY == _suppressableValue)",
    "info" : "IfStatement[20314-20756]:IfStatement[20334-20776]"
  }, {
    "left" : "{}",
    "right" : "{}",
    "info" : "Block[20358-20569]:Block[20378-20589]"
  }, {
    "left" : "if (ser.isEmpty(value))",
    "right" : "if (ser.isEmpty(value))",
    "info" : "IfStatement[20376-20555]:IfStatement[20396-20575]"
  }, {
    "left" : "{}",
    "right" : "{}",
    "info" : "Block[20400-20555]:Block[20420-20575]"
  }, {
    "left" : "serializeAsPlaceholder(bean, jgen, prov);",
    "right" : "serializeAsPlaceholder(bean, jgen, prov);",
    "info" : "ExpressionStatement[20468-20509]:ExpressionStatement[20488-20529]"
  }, {
    "left" : "return;",
    "right" : "return;",
    "info" : "ReturnStatement[20530-20537]:ReturnStatement[20550-20557]"
  }, {
    "left" : "if (_suppressableValue.equals(value))",
    "right" : "if (_suppressableValue.equals(value))",
    "info" : "IfStatement[20575-20756]:IfStatement[20595-20776]"
  }, {
    "left" : "{}",
    "right" : "{}",
    "info" : "Block[20613-20756]:Block[20633-20776]"
  }, {
    "left" : "serializeAsPlaceholder(bean, jgen, prov);",
    "right" : "serializeAsPlaceholder(bean, jgen, prov);",
    "info" : "ExpressionStatement[20677-20718]:ExpressionStatement[20697-20738]"
  }, {
    "left" : "return;",
    "right" : "return;",
    "info" : "ReturnStatement[20735-20742]:ReturnStatement[20755-20762]"
  }, {
    "left" : "if (value == bean)",
    "right" : "if (value == bean)",
    "info" : "IfStatement[20832-20907]:IfStatement[20852-20927]"
  }, {
    "left" : "{}",
    "right" : "{}",
    "info" : "Block[20851-20907]:Block[20871-20927]"
  }, {
    "left" : "_handleSelfReference(bean, ser);",
    "right" : "_handleSelfReference(bean, ser);",
    "info" : "ExpressionStatement[20865-20897]:ExpressionStatement[20885-20917]"
  }, {
    "left" : "if (_typeSerializer == null)",
    "right" : "if (_typeSerializer == null)",
    "info" : "IfStatement[20916-21090]:IfStatement[20936-21110]"
  }, {
    "left" : "{}",
    "right" : "{}",
    "info" : "Block[20945-21002]:Block[20965-21022]"
  }, {
    "left" : "ser.serialize(value, jgen, prov);",
    "right" : "ser.serialize(value, jgen, prov);",
    "info" : "ExpressionStatement[20959-20992]:ExpressionStatement[20979-21012]"
  }, {
    "left" : "{}",
    "right" : "{}",
    "info" : "Block[21008-21090]:Block[21028-21110]"
  }, {
    "left" : "ser.serializeWithType(value, jgen, prov, _typeSerializer);",
    "right" : "ser.serializeWithType(value, jgen, prov, _typeSerializer);",
    "info" : "ExpressionStatement[21022-21080]:ExpressionStatement[21042-21100]"
  }, {
    "left" : "public",
    "right" : "public",
    "info" : "Modifier[21432-21438]:Modifier[21452-21458]"
  }, {
    "left" : "void",
    "right" : "void",
    "info" : "PrimitiveType[21439-21443]:PrimitiveType[21459-21463]"
  }, {
    "left" : "serializeAsPlaceholder",
    "right" : "serializeAsPlaceholder",
    "info" : "SimpleName[21444-21466]:SimpleName[21464-21486]"
  }, {
    "left" : "Object bean",
    "right" : "Object bean",
    "info" : "SingleVariableDeclaration[21467-21478]:SingleVariableDeclaration[21487-21498]"
  }, {
    "left" : "JsonGenerator jgen",
    "right" : "JsonGenerator jgen",
    "info" : "SingleVariableDeclaration[21480-21498]:SingleVariableDeclaration[21500-21518]"
  }, {
    "left" : "SerializerProvider prov",
    "right" : "SerializerProvider prov",
    "info" : "SingleVariableDeclaration[21500-21523]:SingleVariableDeclaration[21520-21543]"
  }, {
    "left" : "Exception",
    "right" : "Exception",
    "info" : "SimpleType[21540-21549]:SimpleType[21560-21569]"
  }, {
    "left" : "{}",
    "right" : "{}",
    "info" : "Block[21554-21714]:Block[21574-21734]"
  }, {
    "left" : "if (_nullSerializer != null)",
    "right" : "if (_nullSerializer != null)",
    "info" : "IfStatement[21564-21708]:IfStatement[21584-21728]"
  }, {
    "left" : "{}",
    "right" : "{}",
    "info" : "Block[21593-21661]:Block[21613-21681]"
  }, {
    "left" : "_nullSerializer.serialize(null, jgen, prov);",
    "right" : "_nullSerializer.serialize(null, jgen, prov);",
    "info" : "ExpressionStatement[21607-21651]:ExpressionStatement[21627-21671]"
  }, {
    "left" : "{}",
    "right" : "{}",
    "info" : "Block[21667-21708]:Block[21687-21728]"
  }, {
    "left" : "jgen.writeNull();",
    "right" : "jgen.writeNull();",
    "info" : "ExpressionStatement[21681-21698]:ExpressionStatement[21701-21718]"
  }, {
    "left" : "protected",
    "right" : "protected",
    "info" : "Modifier[21894-21903]:Modifier[21914-21923]"
  }, {
    "left" : "JsonSerializer<Object>",
    "right" : "JsonSerializer<Object>",
    "info" : "ParameterizedType[21904-21926]:ParameterizedType[21924-21946]"
  }, {
    "left" : "_findAndAddDynamic",
    "right" : "_findAndAddDynamic",
    "info" : "SimpleName[21927-21945]:SimpleName[21947-21965]"
  }, {
    "left" : "PropertySerializerMap map",
    "right" : "PropertySerializerMap map",
    "info" : "SingleVariableDeclaration[21946-21971]:SingleVariableDeclaration[21966-21991]"
  }, {
    "left" : "Class<?> type",
    "right" : "Class<?> type",
    "info" : "SingleVariableDeclaration[21985-21998]:SingleVariableDeclaration[22005-22018]"
  }, {
    "left" : "SerializerProvider provider",
    "right" : "SerializerProvider provider",
    "info" : "SingleVariableDeclaration[22000-22027]:SingleVariableDeclaration[22020-22047]"
  }, {
    "left" : "JsonMappingException",
    "right" : "JsonMappingException",
    "info" : "SimpleType[22036-22056]:SimpleType[22056-22076]"
  }, {
    "left" : "{}",
    "right" : "{}",
    "info" : "Block[22061-22614]:Block[22081-22634]"
  }, {
    "left" : "PropertySerializerMap.SerializerAndMapResult result;",
    "right" : "PropertySerializerMap.SerializerAndMapResult result;",
    "info" : "VariableDeclarationStatement[22071-22123]:VariableDeclarationStatement[22091-22143]"
  }, {
    "left" : "if (_nonTrivialBaseType != null)",
    "right" : "if (_nonTrivialBaseType != null)",
    "info" : "IfStatement[22132-22415]:IfStatement[22152-22435]"
  }, {
    "left" : "{}",
    "right" : "{}",
    "info" : "Block[22165-22329]:Block[22185-22349]"
  }, {
    "left" : "JavaType t = provider.constructSpecializedType(_nonTrivialBaseType, type);",
    "right" : "JavaType t = provider.constructSpecializedType(_nonTrivialBaseType, type);",
    "info" : "VariableDeclarationStatement[22179-22253]:VariableDeclarationStatement[22199-22273]"
  }, {
    "left" : "result = map.findAndAddSerializer(t, provider, this);",
    "right" : "result = map.findAndAddSerializer(t, provider, this);",
    "info" : "ExpressionStatement[22266-22319]:ExpressionStatement[22286-22339]"
  }, {
    "left" : "{}",
    "right" : "{}",
    "info" : "Block[22335-22415]:Block[22355-22435]"
  }, {
    "left" : "result = map.findAndAddSerializer(type, provider, this);",
    "right" : "result = map.findAndAddSerializer(type, provider, this);",
    "info" : "ExpressionStatement[22349-22405]:ExpressionStatement[22369-22425]"
  }, {
    "left" : "if (map != result.map)",
    "right" : "if (map != result.map)",
    "info" : "IfStatement[22494-22574]:IfStatement[22514-22594]"
  }, {
    "left" : "{}",
    "right" : "{}",
    "info" : "Block[22517-22574]:Block[22537-22594]"
  }, {
    "left" : "_dynamicSerializers = result.map;",
    "right" : "_dynamicSerializers = result.map;",
    "info" : "ExpressionStatement[22531-22564]:ExpressionStatement[22551-22584]"
  }, {
    "left" : "return result.serializer;",
    "right" : "return result.serializer;",
    "info" : "ReturnStatement[22583-22608]:ReturnStatement[22603-22628]"
  }, {
    "left" : "public",
    "right" : "public",
    "info" : "Modifier[22952-22958]:Modifier[22972-22978]"
  }, {
    "left" : "final",
    "right" : "final",
    "info" : "Modifier[22959-22964]:Modifier[22979-22984]"
  }, {
    "left" : "Object",
    "right" : "Object",
    "info" : "SimpleType[22965-22971]:SimpleType[22985-22991]"
  }, {
    "left" : "get",
    "right" : "get",
    "info" : "SimpleName[22972-22975]:SimpleName[22992-22995]"
  }, {
    "left" : "Object bean",
    "right" : "Object bean",
    "info" : "SingleVariableDeclaration[22976-22987]:SingleVariableDeclaration[22996-23007]"
  }, {
    "left" : "Exception",
    "right" : "Exception",
    "info" : "SimpleType[22996-23005]:SimpleType[23016-23025]"
  }, {
    "left" : "{}",
    "right" : "{}",
    "info" : "Block[23010-23148]:Block[23030-23168]"
  }, {
    "left" : "if (_accessorMethod != null)",
    "right" : "if (_accessorMethod != null)",
    "info" : "IfStatement[23020-23109]:IfStatement[23040-23129]"
  }, {
    "left" : "{}",
    "right" : "{}",
    "info" : "Block[23049-23109]:Block[23069-23129]"
  }, {
    "left" : "return _accessorMethod.invoke(bean);",
    "right" : "return _accessorMethod.invoke(bean);",
    "info" : "ReturnStatement[23063-23099]:ReturnStatement[23083-23119]"
  }, {
    "left" : "return _field.get(bean);",
    "right" : "return _field.get(bean);",
    "info" : "ReturnStatement[23118-23142]:ReturnStatement[23138-23162]"
  }, {
    "left" : "protected",
    "right" : "protected",
    "info" : "Modifier[23154-23163]:Modifier[23174-23183]"
  }, {
    "left" : "void",
    "right" : "void",
    "info" : "PrimitiveType[23164-23168]:PrimitiveType[23184-23188]"
  }, {
    "left" : "_handleSelfReference",
    "right" : "_handleSelfReference",
    "info" : "SimpleName[23169-23189]:SimpleName[23189-23209]"
  }, {
    "left" : "Object bean",
    "right" : "Object bean",
    "info" : "SingleVariableDeclaration[23190-23201]:SingleVariableDeclaration[23210-23221]"
  }, {
    "left" : "JsonSerializer<?> ser",
    "right" : "JsonSerializer<?> ser",
    "info" : "SingleVariableDeclaration[23203-23224]:SingleVariableDeclaration[23223-23244]"
  }, {
    "left" : "JsonMappingException",
    "right" : "JsonMappingException",
    "info" : "SimpleType[23241-23261]:SimpleType[23261-23281]"
  }, {
    "left" : "{}",
    "right" : "{}",
    "info" : "Block[23266-23583]:Block[23286-23603]"
  }, {
    "left" : "if (ser.usesObjectId())",
    "right" : "if (ser.usesObjectId())",
    "info" : "IfStatement[23440-23495]:IfStatement[23460-23515]"
  }, {
    "left" : "{}",
    "right" : "{}",
    "info" : "Block[23464-23495]:Block[23484-23515]"
  }, {
    "left" : "return;",
    "right" : "return;",
    "info" : "ReturnStatement[23478-23485]:ReturnStatement[23498-23505]"
  }, {
    "left" : "throw new JsonMappingException(\"Direct self-reference leading to cycle\");",
    "right" : "throw new JsonMappingException(\"Direct self-reference leading to cycle\");",
    "info" : "ThrowStatement[23504-23577]:ThrowStatement[23524-23597]"
  }, {
    "left" : "@Override",
    "right" : "@Override",
    "info" : "MarkerAnnotation[23589-23598]:MarkerAnnotation[23609-23618]"
  }, {
    "left" : "public",
    "right" : "public",
    "info" : "Modifier[23603-23609]:Modifier[23623-23629]"
  }, {
    "left" : "String",
    "right" : "String",
    "info" : "SimpleType[23610-23616]:SimpleType[23630-23636]"
  }, {
    "left" : "toString",
    "right" : "toString",
    "info" : "SimpleName[23617-23625]:SimpleName[23637-23645]"
  }, {
    "left" : "{}",
    "right" : "{}",
    "info" : "Block[23632-24328]:Block[23652-24348]"
  }, {
    "left" : "StringBuilder sb = new StringBuilder(40);",
    "right" : "StringBuilder sb = new StringBuilder(40);",
    "info" : "VariableDeclarationStatement[23642-23683]:VariableDeclarationStatement[23662-23703]"
  }, {
    "left" : "sb.append(\"property '\").append(getName()).append(\"' (\");",
    "right" : "sb.append(\"property '\").append(getName()).append(\"' (\");",
    "info" : "ExpressionStatement[23692-23748]:ExpressionStatement[23712-23768]"
  }, {
    "left" : "if (_accessorMethod != null)",
    "right" : "if (_accessorMethod != null)",
    "info" : "IfStatement[23757-24069]:IfStatement[23777-24089]"
  }, {
    "left" : "{}",
    "right" : "{}",
    "info" : "Block[23786-23935]:Block[23806-23955]"
  }, {
    "left" : "sb.append(\"via method \").append(_accessorMethod.getDeclaringClass().getName()).append(\"#\").append(_accessorMethod.getName());",
    "right" : "sb.append(\"via method \").append(_accessorMethod.getDeclaringClass().getName()).append(\"#\").append(_accessorMethod.getName());",
    "info" : "ExpressionStatement[23800-23925]:ExpressionStatement[23820-23945]"
  }, {
    "left" : "{}",
    "right" : "{}",
    "info" : "Block[23941-24069]:Block[23961-24089]"
  }, {
    "left" : "sb.append(\"field \\\"\").append(_field.getDeclaringClass().getName()).append(\"#\").append(_field.getName());",
    "right" : "sb.append(\"field \\\"\").append(_field.getDeclaringClass().getName()).append(\"#\").append(_field.getName());",
    "info" : "ExpressionStatement[23955-24059]:ExpressionStatement[23975-24079]"
  }, {
    "left" : "if (_serializer == null)",
    "right" : "if (_serializer == null)",
    "info" : "IfStatement[24078-24268]:IfStatement[24098-24288]"
  }, {
    "left" : "{}",
    "right" : "{}",
    "info" : "Block[24103-24163]:Block[24123-24183]"
  }, {
    "left" : "sb.append(\", no static serializer\");",
    "right" : "sb.append(\", no static serializer\");",
    "info" : "ExpressionStatement[24117-24153]:ExpressionStatement[24137-24173]"
  }, {
    "left" : "{}",
    "right" : "{}",
    "info" : "Block[24169-24268]:Block[24189-24288]"
  }, {
    "left" : "sb.append(\", static serializer of type \"+_serializer.getClass().getName());",
    "right" : "sb.append(\", static serializer of type \"+_serializer.getClass().getName());",
    "info" : "ExpressionStatement[24183-24258]:ExpressionStatement[24203-24278]"
  }, {
    "left" : "sb.append(')');",
    "right" : "sb.append(')');",
    "info" : "ExpressionStatement[24277-24292]:ExpressionStatement[24297-24312]"
  }, {
    "left" : "return sb.toString();",
    "right" : "return sb.toString();",
    "info" : "ReturnStatement[24301-24322]:ReturnStatement[24321-24342]"
  } ]
}