{
  "matchedElements" : [
 {
    "left" : "class : RenameLabels",
    "right" : "class : RenameLabels",
    "info" : "TypeDeclaration[1056-8601]:TypeDeclaration[1056-8618]"
  }, {
    "left" : "compiler",
    "right" : "compiler",
    "info" : "FieldDeclaration[2508-2548]:FieldDeclaration[2508-2548]"
  }, {
    "left" : "nameSupplier",
    "right" : "nameSupplier",
    "info" : "FieldDeclaration[2551-2595]:FieldDeclaration[2551-2595]"
  }, {
    "left" : "removeUnused",
    "right" : "removeUnused",
    "info" : "FieldDeclaration[2598-2633]:FieldDeclaration[2598-2633]"
  }, {
    "left" : "package RenameLabels(compiler )",
    "right" : "package RenameLabels(compiler )",
    "info" : "MethodDeclaration[2637-2735]:MethodDeclaration[2637-2735]"
  }, {
    "left" : "package RenameLabels(compiler , supplier , removeUnused boolean)",
    "right" : "package RenameLabels(compiler , supplier , removeUnused boolean)",
    "info" : "MethodDeclaration[2739-2954]:MethodDeclaration[2739-2954]"
  }, {
    "left" : "class : DefaultNameSupplier",
    "right" : "class : DefaultNameSupplier",
    "info" : "TypeDeclaration[2958-3275]:TypeDeclaration[2958-3275]"
  }, {
    "left" : "nameGenerator",
    "right" : "nameGenerator",
    "info" : "FieldDeclaration[3082-3177]:FieldDeclaration[3082-3177]"
  }, {
    "left" : "public get() : ",
    "right" : "public get() : ",
    "info" : "MethodDeclaration[3183-3271]:MethodDeclaration[3183-3271]"
  }, {
    "left" : "class : ProcessLabels",
    "right" : "class : ProcessLabels",
    "info" : "TypeDeclaration[3279-8161]:TypeDeclaration[3279-8178]"
  }, {
    "left" : "package ProcessLabels()",
    "right" : "package ProcessLabels()",
    "info" : "MethodDeclaration[3401-3515]:MethodDeclaration[3401-3515]"
  }, {
    "left" : "namespaceStack",
    "right" : "namespaceStack",
    "info" : "FieldDeclaration[3681-3748]:FieldDeclaration[3681-3748]"
  }, {
    "left" : "names",
    "right" : "names",
    "info" : "FieldDeclaration[3857-3913]:FieldDeclaration[3857-3913]"
  }, {
    "left" : "public enterScope(nodeTraversal ) : void",
    "right" : "public enterScope(nodeTraversal ) : void",
    "info" : "MethodDeclaration[3920-4090]:MethodDeclaration[3920-4090]"
  }, {
    "left" : "public exitScope(nodeTraversal ) : void",
    "right" : "public exitScope(nodeTraversal ) : void",
    "info" : "MethodDeclaration[4096-4196]:MethodDeclaration[4096-4196]"
  }, {
    "left" : "public shouldTraverse(nodeTraversal , node , parent ) : boolean",
    "right" : "public shouldTraverse(nodeTraversal , node , parent ) : boolean",
    "info" : "MethodDeclaration[4202-5265]:MethodDeclaration[4202-5265]"
  }, {
    "left" : "public visit(nodeTraversal , node , parent ) : void",
    "right" : "public visit(nodeTraversal , node , parent ) : void",
    "info" : "MethodDeclaration[5271-5720]:MethodDeclaration[5271-5720]"
  }, {
    "left" : "private visitBreakOrContinue(node ) : void",
    "right" : "private visitBreakOrContinue(node ) : void",
    "info" : "MethodDeclaration[5726-6517]:MethodDeclaration[5726-6517]"
  }, {
    "left" : "private visitLabel(node , parent ) : void",
    "right" : "private visitLabel(node , parent ) : void",
    "info" : "MethodDeclaration[6523-7632]:MethodDeclaration[6523-7649]"
  }, {
    "left" : "package getNameForId(id int) : ",
    "right" : "package getNameForId(id int) : ",
    "info" : "MethodDeclaration[7638-7902]:MethodDeclaration[7655-7919]"
  }, {
    "left" : "package getLabelInfo(name ) : ",
    "right" : "package getLabelInfo(name ) : ",
    "info" : "MethodDeclaration[7908-8157]:MethodDeclaration[7925-8174]"
  }, {
    "left" : "public process(externs , root ) : void",
    "right" : "public process(externs , root ) : void",
    "info" : "MethodDeclaration[8165-8331]:MethodDeclaration[8182-8348]"
  }, {
    "left" : "class : LabelInfo",
    "right" : "class : LabelInfo",
    "info" : "TypeDeclaration[8336-8473]:TypeDeclaration[8353-8490]"
  }, {
    "left" : "referenced",
    "right" : "referenced",
    "info" : "FieldDeclaration[8373-8400]:FieldDeclaration[8390-8417]"
  }, {
    "left" : "id",
    "right" : "id",
    "info" : "FieldDeclaration[8405-8418]:FieldDeclaration[8422-8435]"
  }, {
    "left" : "package LabelInfo(id int)",
    "right" : "package LabelInfo(id int)",
    "info" : "MethodDeclaration[8424-8469]:MethodDeclaration[8441-8486]"
  }, {
    "left" : "class : LabelNamespace",
    "right" : "class : LabelNamespace",
    "info" : "TypeDeclaration[8478-8598]:TypeDeclaration[8495-8615]"
  }, {
    "left" : "renameMap",
    "right" : "renameMap",
    "info" : "FieldDeclaration[8520-8594]:FieldDeclaration[8537-8611]"
  } ],
  "mappings" : [
 {
    "left" : "final",
    "right" : "final",
    "info" : "Modifier[2455-2460]:Modifier[2455-2460]"
  }, {
    "left" : "class",
    "right" : "class",
    "info" : "TYPE_DECLARATION_KIND[2461-2466]:TYPE_DECLARATION_KIND[2461-2466]"
  }, {
    "left" : "RenameLabels",
    "right" : "RenameLabels",
    "info" : "SimpleName[2637-2649]:SimpleName[2637-2649]"
  }, {
    "left" : "AbstractCompiler compiler",
    "right" : "AbstractCompiler compiler",
    "info" : "SingleVariableDeclaration[2650-2675]:SingleVariableDeclaration[2650-2675]"
  }, {
    "left" : "{}",
    "right" : "{}",
    "info" : "Block[2677-2735]:Block[2677-2735]"
  }, {
    "left" : "this(compiler, new DefaultNameSupplier(), true);",
    "right" : "this(compiler, new DefaultNameSupplier(), true);",
    "info" : "ConstructorInvocation[2683-2731]:ConstructorInvocation[2683-2731]"
  }, {
    "left" : "RenameLabels",
    "right" : "RenameLabels",
    "info" : "SimpleName[2739-2751]:SimpleName[2739-2751]"
  }, {
    "left" : "AbstractCompiler compiler",
    "right" : "AbstractCompiler compiler",
    "info" : "SingleVariableDeclaration[2759-2784]:SingleVariableDeclaration[2759-2784]"
  }, {
    "left" : "Supplier<String> supplier",
    "right" : "Supplier<String> supplier",
    "info" : "SingleVariableDeclaration[2792-2817]:SingleVariableDeclaration[2792-2817]"
  }, {
    "left" : "boolean removeUnused",
    "right" : "boolean removeUnused",
    "info" : "SingleVariableDeclaration[2825-2845]:SingleVariableDeclaration[2825-2845]"
  }, {
    "left" : "{}",
    "right" : "{}",
    "info" : "Block[2847-2954]:Block[2847-2954]"
  }, {
    "left" : "this.compiler = compiler;",
    "right" : "this.compiler = compiler;",
    "info" : "ExpressionStatement[2853-2878]:ExpressionStatement[2853-2878]"
  }, {
    "left" : "this.nameSupplier = supplier;",
    "right" : "this.nameSupplier = supplier;",
    "info" : "ExpressionStatement[2883-2912]:ExpressionStatement[2883-2912]"
  }, {
    "left" : "this.removeUnused = removeUnused;",
    "right" : "this.removeUnused = removeUnused;",
    "info" : "ExpressionStatement[2917-2950]:ExpressionStatement[2917-2950]"
  }, {
    "left" : "static",
    "right" : "static",
    "info" : "Modifier[2958-2964]:Modifier[2958-2964]"
  }, {
    "left" : "class",
    "right" : "class",
    "info" : "TYPE_DECLARATION_KIND[2965-2970]:TYPE_DECLARATION_KIND[2965-2970]"
  }, {
    "left" : "@Override",
    "right" : "@Override",
    "info" : "MarkerAnnotation[3183-3192]:MarkerAnnotation[3183-3192]"
  }, {
    "left" : "public",
    "right" : "public",
    "info" : "Modifier[3197-3203]:Modifier[3197-3203]"
  }, {
    "left" : "String",
    "right" : "String",
    "info" : "SimpleType[3204-3210]:SimpleType[3204-3210]"
  }, {
    "left" : "get",
    "right" : "get",
    "info" : "SimpleName[3211-3214]:SimpleName[3211-3214]"
  }, {
    "left" : "{}",
    "right" : "{}",
    "info" : "Block[3217-3271]:Block[3217-3271]"
  }, {
    "left" : "return nameGenerator.generateNextName();",
    "right" : "return nameGenerator.generateNextName();",
    "info" : "ReturnStatement[3225-3265]:ReturnStatement[3225-3265]"
  }, {
    "left" : "class",
    "right" : "class",
    "info" : "TYPE_DECLARATION_KIND[3348-3353]:TYPE_DECLARATION_KIND[3348-3353]"
  }, {
    "left" : "ProcessLabels",
    "right" : "ProcessLabels",
    "info" : "SimpleName[3401-3414]:SimpleName[3401-3414]"
  }, {
    "left" : "{}",
    "right" : "{}",
    "info" : "Block[3417-3515]:Block[3417-3515]"
  }, {
    "left" : "namespaceStack.push(new LabelNamespace());",
    "right" : "namespaceStack.push(new LabelNamespace());",
    "info" : "ExpressionStatement[3467-3509]:ExpressionStatement[3467-3509]"
  }, {
    "left" : "@Override",
    "right" : "@Override",
    "info" : "MarkerAnnotation[3920-3929]:MarkerAnnotation[3920-3929]"
  }, {
    "left" : "public",
    "right" : "public",
    "info" : "Modifier[3934-3940]:Modifier[3934-3940]"
  }, {
    "left" : "void",
    "right" : "void",
    "info" : "PrimitiveType[3941-3945]:PrimitiveType[3941-3945]"
  }, {
    "left" : "enterScope",
    "right" : "enterScope",
    "info" : "SimpleName[3946-3956]:SimpleName[3946-3956]"
  }, {
    "left" : "NodeTraversal nodeTraversal",
    "right" : "NodeTraversal nodeTraversal",
    "info" : "SingleVariableDeclaration[3957-3984]:SingleVariableDeclaration[3957-3984]"
  }, {
    "left" : "{}",
    "right" : "{}",
    "info" : "Block[3986-4090]:Block[3986-4090]"
  }, {
    "left" : "namespaceStack.push(new LabelNamespace());",
    "right" : "namespaceStack.push(new LabelNamespace());",
    "info" : "ExpressionStatement[4042-4084]:ExpressionStatement[4042-4084]"
  }, {
    "left" : "@Override",
    "right" : "@Override",
    "info" : "MarkerAnnotation[4096-4105]:MarkerAnnotation[4096-4105]"
  }, {
    "left" : "public",
    "right" : "public",
    "info" : "Modifier[4110-4116]:Modifier[4110-4116]"
  }, {
    "left" : "void",
    "right" : "void",
    "info" : "PrimitiveType[4117-4121]:PrimitiveType[4117-4121]"
  }, {
    "left" : "exitScope",
    "right" : "exitScope",
    "info" : "SimpleName[4122-4131]:SimpleName[4122-4131]"
  }, {
    "left" : "NodeTraversal nodeTraversal",
    "right" : "NodeTraversal nodeTraversal",
    "info" : "SingleVariableDeclaration[4132-4159]:SingleVariableDeclaration[4132-4159]"
  }, {
    "left" : "{}",
    "right" : "{}",
    "info" : "Block[4161-4196]:Block[4161-4196]"
  }, {
    "left" : "namespaceStack.pop();",
    "right" : "namespaceStack.pop();",
    "info" : "ExpressionStatement[4169-4190]:ExpressionStatement[4169-4190]"
  }, {
    "left" : "public",
    "right" : "public",
    "info" : "Modifier[4378-4384]:Modifier[4378-4384]"
  }, {
    "left" : "boolean",
    "right" : "boolean",
    "info" : "PrimitiveType[4385-4392]:PrimitiveType[4385-4392]"
  }, {
    "left" : "shouldTraverse",
    "right" : "shouldTraverse",
    "info" : "SimpleName[4393-4407]:SimpleName[4393-4407]"
  }, {
    "left" : "NodeTraversal nodeTraversal",
    "right" : "NodeTraversal nodeTraversal",
    "info" : "SingleVariableDeclaration[4408-4435]:SingleVariableDeclaration[4408-4435]"
  }, {
    "left" : "Node node",
    "right" : "Node node",
    "info" : "SingleVariableDeclaration[4437-4446]:SingleVariableDeclaration[4437-4446]"
  }, {
    "left" : "Node parent",
    "right" : "Node parent",
    "info" : "SingleVariableDeclaration[4456-4467]:SingleVariableDeclaration[4456-4467]"
  }, {
    "left" : "{}",
    "right" : "{}",
    "info" : "Block[4469-5265]:Block[4469-5265]"
  }, {
    "left" : "if (node.getType() == Token.LABEL)",
    "right" : "if (node.getType() == Token.LABEL)",
    "info" : "IfStatement[4477-5239]:IfStatement[4477-5239]"
  }, {
    "left" : "{}",
    "right" : "{}",
    "info" : "Block[4512-5239]:Block[4512-5239]"
  }, {
    "left" : "LabelNamespace current = namespaceStack.peek();",
    "right" : "LabelNamespace current = namespaceStack.peek();",
    "info" : "VariableDeclarationStatement[4572-4619]:VariableDeclarationStatement[4572-4619]"
  }, {
    "left" : "int currentDepth = current.renameMap.size() + 1;",
    "right" : "int currentDepth = current.renameMap.size() + 1;",
    "info" : "VariableDeclarationStatement[4628-4676]:VariableDeclarationStatement[4628-4676]"
  }, {
    "left" : "String name = node.getFirstChild().getString();",
    "right" : "String name = node.getFirstChild().getString();",
    "info" : "VariableDeclarationStatement[4685-4732]:VariableDeclarationStatement[4685-4732]"
  }, {
    "left" : "LabelInfo li = new LabelInfo(currentDepth);",
    "right" : "LabelInfo li = new LabelInfo(currentDepth);",
    "info" : "VariableDeclarationStatement[4792-4835]:VariableDeclarationStatement[4792-4835]"
  }, {
    "left" : "Preconditions.checkState(!current.renameMap.containsKey(name));",
    "right" : "Preconditions.checkState(!current.renameMap.containsKey(name));",
    "info" : "ExpressionStatement[4844-4907]:ExpressionStatement[4844-4907]"
  }, {
    "left" : "current.renameMap.put(name, li);",
    "right" : "current.renameMap.put(name, li);",
    "info" : "ExpressionStatement[4916-4948]:ExpressionStatement[4916-4948]"
  }, {
    "left" : "if (names.size() < currentDepth)",
    "right" : "if (names.size() < currentDepth)",
    "info" : "IfStatement[5015-5100]:IfStatement[5015-5100]"
  }, {
    "left" : "{}",
    "right" : "{}",
    "info" : "Block[5048-5100]:Block[5048-5100]"
  }, {
    "left" : "names.add(nameSupplier.get());",
    "right" : "names.add(nameSupplier.get());",
    "info" : "ExpressionStatement[5060-5090]:ExpressionStatement[5060-5090]"
  }, {
    "left" : "String newName = getNameForId(currentDepth);",
    "right" : "String newName = getNameForId(currentDepth);",
    "info" : "VariableDeclarationStatement[5110-5154]:VariableDeclarationStatement[5110-5154]"
  }, {
    "left" : "compiler.addToDebugLog(\"label renamed: \" + name + \" => \" + newName);",
    "right" : "compiler.addToDebugLog(\"label renamed: \" + name + \" => \" + newName);",
    "info" : "ExpressionStatement[5163-5231]:ExpressionStatement[5163-5231]"
  }, {
    "left" : "return true;",
    "right" : "return true;",
    "info" : "ReturnStatement[5247-5259]:ReturnStatement[5247-5259]"
  }, {
    "left" : "public",
    "right" : "public",
    "info" : "Modifier[5412-5418]:Modifier[5412-5418]"
  }, {
    "left" : "void",
    "right" : "void",
    "info" : "PrimitiveType[5419-5423]:PrimitiveType[5419-5423]"
  }, {
    "left" : "visit",
    "right" : "visit",
    "info" : "SimpleName[5424-5429]:SimpleName[5424-5429]"
  }, {
    "left" : "NodeTraversal nodeTraversal",
    "right" : "NodeTraversal nodeTraversal",
    "info" : "SingleVariableDeclaration[5430-5457]:SingleVariableDeclaration[5430-5457]"
  }, {
    "left" : "Node node",
    "right" : "Node node",
    "info" : "SingleVariableDeclaration[5459-5468]:SingleVariableDeclaration[5459-5468]"
  }, {
    "left" : "Node parent",
    "right" : "Node parent",
    "info" : "SingleVariableDeclaration[5470-5481]:SingleVariableDeclaration[5470-5481]"
  }, {
    "left" : "{}",
    "right" : "{}",
    "info" : "Block[5483-5720]:Block[5483-5720]"
  }, {
    "left" : "switch (node.getType()) {\n        case Token.LABEL:\n          visitLabel(node, parent);\n          break;\n\n        case Token.BREAK:\n        case Token.CONTINUE:\n          visitBreakOrContinue(node);\n          break;\n      }",
    "right" : "switch (node.getType()) {\n        case Token.LABEL:\n          visitLabel(node, parent);\n          break;\n\n        case Token.BREAK:\n        case Token.CONTINUE:\n          visitBreakOrContinue(node);\n          break;\n      }",
    "info" : "SwitchStatement[5491-5714]:SwitchStatement[5491-5714]"
  }, {
    "left" : "case Token.LABEL:",
    "right" : "case Token.LABEL:",
    "info" : "SwitchCase[5525-5542]:SwitchCase[5525-5542]"
  }, {
    "left" : "visitLabel(node, parent);",
    "right" : "visitLabel(node, parent);",
    "info" : "ExpressionStatement[5553-5578]:ExpressionStatement[5553-5578]"
  }, {
    "left" : "break;",
    "right" : "break;",
    "info" : "BreakStatement[5589-5595]:BreakStatement[5589-5595]"
  }, {
    "left" : "case Token.BREAK:",
    "right" : "case Token.BREAK:",
    "info" : "SwitchCase[5605-5622]:SwitchCase[5605-5622]"
  }, {
    "left" : "case Token.CONTINUE:",
    "right" : "case Token.CONTINUE:",
    "info" : "SwitchCase[5631-5651]:SwitchCase[5631-5651]"
  }, {
    "left" : "visitBreakOrContinue(node);",
    "right" : "visitBreakOrContinue(node);",
    "info" : "ExpressionStatement[5662-5689]:ExpressionStatement[5662-5689]"
  }, {
    "left" : "break;",
    "right" : "break;",
    "info" : "BreakStatement[5700-5706]:BreakStatement[5700-5706]"
  }, {
    "left" : "private",
    "right" : "private",
    "info" : "Modifier[5845-5852]:Modifier[5845-5852]"
  }, {
    "left" : "void",
    "right" : "void",
    "info" : "PrimitiveType[5853-5857]:PrimitiveType[5853-5857]"
  }, {
    "left" : "visitBreakOrContinue",
    "right" : "visitBreakOrContinue",
    "info" : "SimpleName[5858-5878]:SimpleName[5858-5878]"
  }, {
    "left" : "Node node",
    "right" : "Node node",
    "info" : "SingleVariableDeclaration[5879-5888]:SingleVariableDeclaration[5879-5888]"
  }, {
    "left" : "{}",
    "right" : "{}",
    "info" : "Block[5890-6517]:Block[5890-6517]"
  }, {
    "left" : "Node nameNode = node.getFirstChild();",
    "right" : "Node nameNode = node.getFirstChild();",
    "info" : "VariableDeclarationStatement[5898-5935]:VariableDeclarationStatement[5898-5935]"
  }, {
    "left" : "if (nameNode != null)",
    "right" : "if (nameNode != null)",
    "info" : "IfStatement[5942-6511]:IfStatement[5942-6511]"
  }, {
    "left" : "{}",
    "right" : "{}",
    "info" : "Block[5964-6511]:Block[5964-6511]"
  }, {
    "left" : "String name = nameNode.getString();",
    "right" : "String name = nameNode.getString();",
    "info" : "VariableDeclarationStatement[6020-6055]:VariableDeclarationStatement[6020-6055]"
  }, {
    "left" : "Preconditions.checkState(name.length() != 0);",
    "right" : "Preconditions.checkState(name.length() != 0);",
    "info" : "ExpressionStatement[6064-6109]:ExpressionStatement[6064-6109]"
  }, {
    "left" : "LabelInfo li = getLabelInfo(name);",
    "right" : "LabelInfo li = getLabelInfo(name);",
    "info" : "VariableDeclarationStatement[6118-6152]:VariableDeclarationStatement[6118-6152]"
  }, {
    "left" : "if (li != null)",
    "right" : "if (li != null)",
    "info" : "IfStatement[6161-6503]:IfStatement[6161-6503]"
  }, {
    "left" : "{}",
    "right" : "{}",
    "info" : "Block[6177-6503]:Block[6177-6503]"
  }, {
    "left" : "String newName = getNameForId(li.id);",
    "right" : "String newName = getNameForId(li.id);",
    "info" : "VariableDeclarationStatement[6189-6226]:VariableDeclarationStatement[6189-6226]"
  }, {
    "left" : "li.referenced = true;",
    "right" : "li.referenced = true;",
    "info" : "ExpressionStatement[6300-6321]:ExpressionStatement[6300-6321]"
  }, {
    "left" : "if (!name.equals(newName))",
    "right" : "if (!name.equals(newName))",
    "info" : "IfStatement[6332-6493]:IfStatement[6332-6493]"
  }, {
    "left" : "{}",
    "right" : "{}",
    "info" : "Block[6359-6493]:Block[6359-6493]"
  }, {
    "left" : "nameNode.setString(newName);",
    "right" : "nameNode.setString(newName);",
    "info" : "ExpressionStatement[6412-6440]:ExpressionStatement[6412-6440]"
  }, {
    "left" : "compiler.reportCodeChange();",
    "right" : "compiler.reportCodeChange();",
    "info" : "ExpressionStatement[6453-6481]:ExpressionStatement[6453-6481]"
  }, {
    "left" : "private",
    "right" : "private",
    "info" : "Modifier[6658-6665]:Modifier[6658-6665]"
  }, {
    "left" : "void",
    "right" : "void",
    "info" : "PrimitiveType[6666-6670]:PrimitiveType[6666-6670]"
  }, {
    "left" : "visitLabel",
    "right" : "visitLabel",
    "info" : "SimpleName[6671-6681]:SimpleName[6671-6681]"
  }, {
    "left" : "Node node",
    "right" : "Node node",
    "info" : "SingleVariableDeclaration[6682-6691]:SingleVariableDeclaration[6682-6691]"
  }, {
    "left" : "Node parent",
    "right" : "Node parent",
    "info" : "SingleVariableDeclaration[6693-6704]:SingleVariableDeclaration[6693-6704]"
  }, {
    "left" : "{}",
    "right" : "{}",
    "info" : "Block[6706-7632]:Block[6706-7649]"
  }, {
    "left" : "Node nameNode = node.getFirstChild();",
    "right" : "Node nameNode = node.getFirstChild();",
    "info" : "VariableDeclarationStatement[6714-6751]:VariableDeclarationStatement[6714-6751]"
  }, {
    "left" : "Preconditions.checkState(nameNode != null);",
    "right" : "Preconditions.checkState(nameNode != null);",
    "info" : "ExpressionStatement[6758-6801]:ExpressionStatement[6758-6801]"
  }, {
    "left" : "String name = nameNode.getString();",
    "right" : "String name = nameNode.getString();",
    "info" : "VariableDeclarationStatement[6808-6843]:VariableDeclarationStatement[6808-6843]"
  }, {
    "left" : "LabelInfo li = getLabelInfo(name);",
    "right" : "LabelInfo li = getLabelInfo(name);",
    "info" : "VariableDeclarationStatement[6850-6884]:VariableDeclarationStatement[6850-6884]"
  }, {
    "left" : "if (li.referenced)",
    "right" : "if (li.referenced || !removeUnused)",
    "info" : "IfStatement[6919-7513]:IfStatement[6919-7530]"
  }, {
    "left" : "{}",
    "right" : "{}",
    "info" : "Block[6938-7175]:Block[6955-7192]"
  }, {
    "left" : "String newName = getNameForId(li.id);",
    "right" : "String newName = getNameForId(li.id);",
    "info" : "VariableDeclarationStatement[6948-6985]:VariableDeclarationStatement[6965-7002]"
  }, {
    "left" : "if (!name.equals(newName))",
    "right" : "if (!name.equals(newName))",
    "info" : "IfStatement[6994-7167]:IfStatement[7011-7184]"
  }, {
    "left" : "{}",
    "right" : "{}",
    "info" : "Block[7021-7167]:Block[7038-7184]"
  }, {
    "left" : "nameNode.setString(newName);",
    "right" : "nameNode.setString(newName);",
    "info" : "ExpressionStatement[7090-7118]:ExpressionStatement[7107-7135]"
  }, {
    "left" : "compiler.reportCodeChange();",
    "right" : "compiler.reportCodeChange();",
    "info" : "ExpressionStatement[7129-7157]:ExpressionStatement[7146-7174]"
  }, {
    "left" : "{}",
    "right" : "{}",
    "info" : "Block[7181-7513]:Block[7198-7530]"
  }, {
    "left" : "Node newChild = node.getLastChild();",
    "right" : "Node newChild = node.getLastChild();",
    "info" : "VariableDeclarationStatement[7248-7284]:VariableDeclarationStatement[7265-7301]"
  }, {
    "left" : "node.removeChild(newChild);",
    "right" : "node.removeChild(newChild);",
    "info" : "ExpressionStatement[7293-7320]:ExpressionStatement[7310-7337]"
  }, {
    "left" : "parent.replaceChild(node, newChild);",
    "right" : "parent.replaceChild(node, newChild);",
    "info" : "ExpressionStatement[7329-7365]:ExpressionStatement[7346-7382]"
  }, {
    "left" : "if (newChild.getType() == Token.BLOCK)",
    "right" : "if (newChild.getType() == Token.BLOCK)",
    "info" : "IfStatement[7374-7468]:IfStatement[7391-7485]"
  }, {
    "left" : "{}",
    "right" : "{}",
    "info" : "Block[7413-7468]:Block[7430-7485]"
  }, {
    "left" : "NodeUtil.tryMergeBlock(newChild);",
    "right" : "NodeUtil.tryMergeBlock(newChild);",
    "info" : "ExpressionStatement[7425-7458]:ExpressionStatement[7442-7475]"
  }, {
    "left" : "compiler.reportCodeChange();",
    "right" : "compiler.reportCodeChange();",
    "info" : "ExpressionStatement[7477-7505]:ExpressionStatement[7494-7522]"
  }, {
    "left" : "namespaceStack.peek().renameMap.remove(name);",
    "right" : "namespaceStack.peek().renameMap.remove(name);",
    "info" : "ExpressionStatement[7581-7626]:ExpressionStatement[7598-7643]"
  }, {
    "left" : "String",
    "right" : "String",
    "info" : "SimpleType[7835-7841]:SimpleType[7852-7858]"
  }, {
    "left" : "getNameForId",
    "right" : "getNameForId",
    "info" : "SimpleName[7842-7854]:SimpleName[7859-7871]"
  }, {
    "left" : "int id",
    "right" : "int id",
    "info" : "SingleVariableDeclaration[7855-7861]:SingleVariableDeclaration[7872-7878]"
  }, {
    "left" : "{}",
    "right" : "{}",
    "info" : "Block[7863-7902]:Block[7880-7919]"
  }, {
    "left" : "return names.get(id - 1);",
    "right" : "return names.get(id - 1);",
    "info" : "ReturnStatement[7871-7896]:ReturnStatement[7888-7913]"
  }, {
    "left" : "LabelInfo",
    "right" : "LabelInfo",
    "info" : "SimpleType[8058-8067]:SimpleType[8075-8084]"
  }, {
    "left" : "getLabelInfo",
    "right" : "getLabelInfo",
    "info" : "SimpleName[8068-8080]:SimpleName[8085-8097]"
  }, {
    "left" : "String name",
    "right" : "String name",
    "info" : "SingleVariableDeclaration[8081-8092]:SingleVariableDeclaration[8098-8109]"
  }, {
    "left" : "{}",
    "right" : "{}",
    "info" : "Block[8094-8157]:Block[8111-8174]"
  }, {
    "left" : "return namespaceStack.peek().renameMap.get(name);",
    "right" : "return namespaceStack.peek().renameMap.get(name);",
    "info" : "ReturnStatement[8102-8151]:ReturnStatement[8119-8168]"
  }, {
    "left" : "@Override",
    "right" : "@Override",
    "info" : "MarkerAnnotation[8165-8174]:MarkerAnnotation[8182-8191]"
  }, {
    "left" : "public",
    "right" : "public",
    "info" : "Modifier[8177-8183]:Modifier[8194-8200]"
  }, {
    "left" : "void",
    "right" : "void",
    "info" : "PrimitiveType[8184-8188]:PrimitiveType[8201-8205]"
  }, {
    "left" : "process",
    "right" : "process",
    "info" : "SimpleName[8189-8196]:SimpleName[8206-8213]"
  }, {
    "left" : "Node externs",
    "right" : "Node externs",
    "info" : "SingleVariableDeclaration[8197-8209]:SingleVariableDeclaration[8214-8226]"
  }, {
    "left" : "Node root",
    "right" : "Node root",
    "info" : "SingleVariableDeclaration[8211-8220]:SingleVariableDeclaration[8228-8237]"
  }, {
    "left" : "{}",
    "right" : "{}",
    "info" : "Block[8222-8331]:Block[8239-8348]"
  }, {
    "left" : "NodeTraversal.traverse(compiler, root, new ProcessLabels());",
    "right" : "NodeTraversal.traverse(compiler, root, new ProcessLabels());",
    "info" : "ExpressionStatement[8267-8327]:ExpressionStatement[8284-8344]"
  }, {
    "left" : "private",
    "right" : "private",
    "info" : "Modifier[8336-8343]:Modifier[8353-8360]"
  }, {
    "left" : "static",
    "right" : "static",
    "info" : "Modifier[8344-8350]:Modifier[8361-8367]"
  }, {
    "left" : "class",
    "right" : "class",
    "info" : "TYPE_DECLARATION_KIND[8351-8356]:TYPE_DECLARATION_KIND[8368-8373]"
  }, {
    "left" : "LabelInfo",
    "right" : "LabelInfo",
    "info" : "SimpleName[8424-8433]:SimpleName[8441-8450]"
  }, {
    "left" : "int id",
    "right" : "int id",
    "info" : "SingleVariableDeclaration[8434-8440]:SingleVariableDeclaration[8451-8457]"
  }, {
    "left" : "{}",
    "right" : "{}",
    "info" : "Block[8442-8469]:Block[8459-8486]"
  }, {
    "left" : "this.id = id;",
    "right" : "this.id = id;",
    "info" : "ExpressionStatement[8450-8463]:ExpressionStatement[8467-8480]"
  }, {
    "left" : "private",
    "right" : "private",
    "info" : "Modifier[8478-8485]:Modifier[8495-8502]"
  }, {
    "left" : "static",
    "right" : "static",
    "info" : "Modifier[8486-8492]:Modifier[8503-8509]"
  }, {
    "left" : "class",
    "right" : "class",
    "info" : "TYPE_DECLARATION_KIND[8493-8498]:TYPE_DECLARATION_KIND[8510-8515]"
  } ]
}