{
  "matchedElements" : [
 {
    "left" : "class : ElitisticListPopulation",
    "right" : "class : ElitisticListPopulation",
    "info" : "TypeDeclaration[1077-4423]:TypeDeclaration[1077-4417]"
  }, {
    "left" : "elitismRate",
    "right" : "elitismRate",
    "info" : "FieldDeclaration[1325-1425]:FieldDeclaration[1325-1425]"
  }, {
    "left" : "public ElitisticListPopulation(chromosomes , populationLimit int, elitismRate double)",
    "right" : "public ElitisticListPopulation(chromosomes , populationLimit int, elitismRate double)",
    "info" : "MethodDeclaration[1431-2136]:MethodDeclaration[1431-2133]"
  }, {
    "left" : "public ElitisticListPopulation(populationLimit int, elitismRate double)",
    "right" : "public ElitisticListPopulation(populationLimit int, elitismRate double)",
    "info" : "MethodDeclaration[2142-2704]:MethodDeclaration[2139-2698]"
  }, {
    "left" : "public nextGeneration() : ",
    "right" : "public nextGeneration() : ",
    "info" : "MethodDeclaration[2710-3633]:MethodDeclaration[2704-3627]"
  }, {
    "left" : "public setElitismRate(elitismRate double) : void",
    "right" : "public setElitismRate(elitismRate double) : void",
    "info" : "MethodDeclaration[3639-4263]:MethodDeclaration[3633-4257]"
  }, {
    "left" : "public getElitismRate() : double",
    "right" : "public getElitismRate() : double",
    "info" : "MethodDeclaration[4269-4420]:MethodDeclaration[4263-4414]"
  } ],
  "mappings" : [
 {
    "left" : "public",
    "right" : "public",
    "info" : "Modifier[1258-1264]:Modifier[1258-1264]"
  }, {
    "left" : "class",
    "right" : "class",
    "info" : "TYPE_DECLARATION_KIND[1265-1270]:TYPE_DECLARATION_KIND[1265-1270]"
  }, {
    "left" : "public",
    "right" : "public",
    "info" : "Modifier[1854-1860]:Modifier[1854-1860]"
  }, {
    "left" : "ElitisticListPopulation",
    "right" : "ElitisticListPopulation",
    "info" : "SimpleName[1861-1884]:SimpleName[1861-1884]"
  }, {
    "left" : "final List<Chromosome> chromosomes",
    "right" : "final List<Chromosome> chromosomes",
    "info" : "SingleVariableDeclaration[1885-1919]:SingleVariableDeclaration[1885-1919]"
  }, {
    "left" : "final int populationLimit",
    "right" : "final int populationLimit",
    "info" : "SingleVariableDeclaration[1956-1981]:SingleVariableDeclaration[1956-1981]"
  }, {
    "left" : "final double elitismRate",
    "right" : "final double elitismRate",
    "info" : "SingleVariableDeclaration[2018-2042]:SingleVariableDeclaration[2018-2042]"
  }, {
    "left" : "{}",
    "right" : "{}",
    "info" : "Block[2044-2136]:Block[2044-2133]"
  }, {
    "left" : "super(chromosomes, populationLimit);",
    "right" : "super(chromosomes, populationLimit);",
    "info" : "SuperConstructorInvocation[2054-2090]:SuperConstructorInvocation[2054-2090]"
  }, {
    "left" : "this.elitismRate = elitismRate;",
    "right" : "setElitismRate(elitismRate);",
    "info" : "ExpressionStatement[2099-2130]:ExpressionStatement[2099-2127]"
  }, {
    "left" : "public",
    "right" : "public",
    "info" : "Modifier[2541-2547]:Modifier[2538-2544]"
  }, {
    "left" : "ElitisticListPopulation",
    "right" : "ElitisticListPopulation",
    "info" : "SimpleName[2548-2571]:SimpleName[2545-2568]"
  }, {
    "left" : "final int populationLimit",
    "right" : "final int populationLimit",
    "info" : "SingleVariableDeclaration[2572-2597]:SingleVariableDeclaration[2569-2594]"
  }, {
    "left" : "final double elitismRate",
    "right" : "final double elitismRate",
    "info" : "SingleVariableDeclaration[2599-2623]:SingleVariableDeclaration[2596-2620]"
  }, {
    "left" : "{}",
    "right" : "{}",
    "info" : "Block[2625-2704]:Block[2622-2698]"
  }, {
    "left" : "super(populationLimit);",
    "right" : "super(populationLimit);",
    "info" : "SuperConstructorInvocation[2635-2658]:SuperConstructorInvocation[2632-2655]"
  }, {
    "left" : "this.elitismRate = elitismRate;",
    "right" : "setElitismRate(elitismRate);",
    "info" : "ExpressionStatement[2667-2698]:ExpressionStatement[2664-2692]"
  }, {
    "left" : "public",
    "right" : "public",
    "info" : "Modifier[2962-2968]:Modifier[2956-2962]"
  }, {
    "left" : "Population",
    "right" : "Population",
    "info" : "SimpleType[2969-2979]:SimpleType[2963-2973]"
  }, {
    "left" : "nextGeneration",
    "right" : "nextGeneration",
    "info" : "SimpleName[2980-2994]:SimpleName[2974-2988]"
  }, {
    "left" : "{}",
    "right" : "{}",
    "info" : "Block[2997-3633]:Block[2991-3627]"
  }, {
    "left" : "ElitisticListPopulation nextGeneration = new ElitisticListPopulation(this.getPopulationLimit(), this.getElitismRate());",
    "right" : "ElitisticListPopulation nextGeneration = new ElitisticListPopulation(this.getPopulationLimit(), this.getElitismRate());",
    "info" : "VariableDeclarationStatement[3071-3190]:VariableDeclarationStatement[3065-3184]"
  }, {
    "left" : "List<Chromosome> oldChromosomes = this.getChromosomes();",
    "right" : "List<Chromosome> oldChromosomes = this.getChromosomes();",
    "info" : "VariableDeclarationStatement[3200-3256]:VariableDeclarationStatement[3194-3250]"
  }, {
    "left" : "Collections.sort(oldChromosomes);",
    "right" : "Collections.sort(oldChromosomes);",
    "info" : "ExpressionStatement[3265-3298]:ExpressionStatement[3259-3292]"
  }, {
    "left" : "int boundIndex = (int) FastMath.ceil((1.0 - this.getElitismRate()) * oldChromosomes.size());",
    "right" : "int boundIndex = (int) FastMath.ceil((1.0 - this.getElitismRate()) * oldChromosomes.size());",
    "info" : "VariableDeclarationStatement[3366-3458]:VariableDeclarationStatement[3360-3452]"
  }, {
    "left" : "for (int i=boundIndex; i<oldChromosomes.size(); i++)",
    "right" : "for (int i=boundIndex; i<oldChromosomes.size(); i++)",
    "info" : "ForStatement[3467-3596]:ForStatement[3461-3590]"
  }, {
    "left" : "{}",
    "right" : "{}",
    "info" : "Block[3520-3596]:Block[3514-3590]"
  }, {
    "left" : "nextGeneration.addChromosome(oldChromosomes.get(i));",
    "right" : "nextGeneration.addChromosome(oldChromosomes.get(i));",
    "info" : "ExpressionStatement[3534-3586]:ExpressionStatement[3528-3580]"
  }, {
    "left" : "return nextGeneration;",
    "right" : "return nextGeneration;",
    "info" : "ReturnStatement[3605-3627]:ReturnStatement[3599-3621]"
  }, {
    "left" : "public",
    "right" : "public",
    "info" : "Modifier[4010-4016]:Modifier[4004-4010]"
  }, {
    "left" : "void",
    "right" : "void",
    "info" : "PrimitiveType[4017-4021]:PrimitiveType[4011-4015]"
  }, {
    "left" : "setElitismRate",
    "right" : "setElitismRate",
    "info" : "SimpleName[4022-4036]:SimpleName[4016-4030]"
  }, {
    "left" : "final double elitismRate",
    "right" : "final double elitismRate",
    "info" : "SingleVariableDeclaration[4037-4061]:SingleVariableDeclaration[4031-4055]"
  }, {
    "left" : "{}",
    "right" : "{}",
    "info" : "Block[4063-4263]:Block[4057-4257]"
  }, {
    "left" : "if (elitismRate < 0 || elitismRate > 1)",
    "right" : "if (elitismRate < 0 || elitismRate > 1)",
    "info" : "IfStatement[4073-4217]:IfStatement[4067-4211]"
  }, {
    "left" : "{}",
    "right" : "{}",
    "info" : "Block[4113-4217]:Block[4107-4211]"
  }, {
    "left" : "throw new OutOfRangeException(LocalizedFormats.ELITISM_RATE, elitismRate, 0, 1);",
    "right" : "throw new OutOfRangeException(LocalizedFormats.ELITISM_RATE, elitismRate, 0, 1);",
    "info" : "ThrowStatement[4127-4207]:ThrowStatement[4121-4201]"
  }, {
    "left" : "this.elitismRate = elitismRate;",
    "right" : "this.elitismRate = elitismRate;",
    "info" : "ExpressionStatement[4226-4257]:ExpressionStatement[4220-4251]"
  }, {
    "left" : "public",
    "right" : "public",
    "info" : "Modifier[4349-4355]:Modifier[4343-4349]"
  }, {
    "left" : "double",
    "right" : "double",
    "info" : "PrimitiveType[4356-4362]:PrimitiveType[4350-4356]"
  }, {
    "left" : "getElitismRate",
    "right" : "getElitismRate",
    "info" : "SimpleName[4363-4377]:SimpleName[4357-4371]"
  }, {
    "left" : "{}",
    "right" : "{}",
    "info" : "Block[4380-4420]:Block[4374-4414]"
  }, {
    "left" : "return this.elitismRate;",
    "right" : "return this.elitismRate;",
    "info" : "ReturnStatement[4390-4414]:ReturnStatement[4384-4408]"
  } ]
}