{
  "matchedElements" : [
 {
    "left" : "class : NumberSerializers",
    "right" : "class : NumberSerializers",
    "info" : "TypeDeclaration[768-9020]:TypeDeclaration[768-10139]"
  }, {
    "left" : "protected NumberSerializers()",
    "right" : "protected NumberSerializers()",
    "info" : "MethodDeclaration[923-956]:MethodDeclaration[923-956]"
  }, {
    "left" : "public addAll(allDeserializers ...) : void",
    "right" : "public addAll(allDeserializers ...) : void",
    "info" : "MethodDeclaration[962-2071]:MethodDeclaration[962-2071]"
  }, {
    "left" : "class : Base",
    "right" : "class : Base",
    "info" : "TypeDeclaration[2246-4440]:TypeDeclaration[2246-4515]"
  }, {
    "left" : "_numberType",
    "right" : "_numberType",
    "info" : "FieldDeclaration[2372-2422]:FieldDeclaration[2447-2497]"
  }, {
    "left" : "_schemaType",
    "right" : "_schemaType",
    "info" : "FieldDeclaration[2431-2466]:FieldDeclaration[2506-2541]"
  }, {
    "left" : "_isInt",
    "right" : "_isInt",
    "info" : "FieldDeclaration[2475-2506]:FieldDeclaration[2550-2581]"
  }, {
    "left" : "protected Base(cls , numberType , schemaType )",
    "right" : "protected Base(cls , numberType , schemaType )",
    "info" : "MethodDeclaration[2516-2940]:MethodDeclaration[2591-3015]"
  }, {
    "left" : "public getSchema(provider , typeHint ) : ",
    "right" : "public getSchema(provider , typeHint ) : ",
    "info" : "MethodDeclaration[2950-3105]:MethodDeclaration[3025-3180]"
  }, {
    "left" : "public acceptJsonFormatVisitor(visitor , typeHint ) : void",
    "right" : "public acceptJsonFormatVisitor(visitor , typeHint ) : void",
    "info" : "MethodDeclaration[3115-3698]:MethodDeclaration[3190-3773]"
  }, {
    "left" : "public createContextual(prov , property ) : ",
    "right" : "public createContextual(prov , property ) : ",
    "info" : "MethodDeclaration[3708-4434]:MethodDeclaration[3783-4509]"
  }, {
    "left" : "class : ShortSerializer",
    "right" : "class : ShortSerializer",
    "info" : "TypeDeclaration[4632-5082]:TypeDeclaration[4707-5350]"
  }, {
    "left" : "instance",
    "right" : "instance",
    "info" : "FieldDeclaration[4728-4790]:FieldDeclaration[4857-4919]"
  }, {
    "left" : "public ShortSerializer()",
    "right" : "public ShortSerializer()",
    "info" : "MethodDeclaration[4800-4885]:MethodDeclaration[4929-5014]"
  }, {
    "left" : "public serialize(value , gen , provider ) : void",
    "right" : "public serialize(value , gen , provider ) : void",
    "info" : "MethodDeclaration[4896-5076]:MethodDeclaration[5164-5344]"
  }, {
    "left" : "class : IntegerSerializer",
    "right" : "class : IntegerSerializer",
    "info" : "TypeDeclaration[5088-6249]:TypeDeclaration[5356-6665]"
  }, {
    "left" : "public IntegerSerializer()",
    "right" : "public IntegerSerializer()",
    "info" : "MethodDeclaration[5571-5661]:MethodDeclaration[5839-5929]"
  }, {
    "left" : "public serialize(value , gen , provider ) : void",
    "right" : "public serialize(value , gen , provider ) : void",
    "info" : "MethodDeclaration[5675-5866]:MethodDeclaration[5943-6134]"
  }, {
    "left" : "public serializeWithType(value , gen , provider , typeSer ) : void",
    "right" : "public serializeWithType(value , gen , provider , typeSer ) : void",
    "info" : "MethodDeclaration[5949-6242]:MethodDeclaration[6217-6510]"
  }, {
    "left" : "class : IntLikeSerializer",
    "right" : "class : IntLikeSerializer",
    "info" : "TypeDeclaration[6255-6950]:TypeDeclaration[6671-7508]"
  }, {
    "left" : "instance",
    "right" : "instance",
    "info" : "FieldDeclaration[6569-6635]:FieldDeclaration[6985-7051]"
  }, {
    "left" : "public IntLikeSerializer()",
    "right" : "public IntLikeSerializer()",
    "info" : "MethodDeclaration[6645-6754]:MethodDeclaration[7061-7170]"
  }, {
    "left" : "public serialize(value , gen , provider ) : void",
    "right" : "public serialize(value , gen , provider ) : void",
    "info" : "MethodDeclaration[6765-6944]:MethodDeclaration[7323-7502]"
  }, {
    "left" : "class : LongSerializer",
    "right" : "class : LongSerializer",
    "info" : "TypeDeclaration[6956-7417]:TypeDeclaration[7514-8161]"
  }, {
    "left" : "instance",
    "right" : "instance",
    "info" : "FieldDeclaration[7053-7113]:FieldDeclaration[7657-7717]"
  }, {
    "left" : "public LongSerializer()",
    "right" : "public LongSerializer()",
    "info" : "MethodDeclaration[7127-7211]:MethodDeclaration[7731-7815]"
  }, {
    "left" : "public serialize(value , gen , provider ) : void",
    "right" : "public serialize(value , gen , provider ) : void",
    "info" : "MethodDeclaration[7222-7411]:MethodDeclaration[7966-8155]"
  }, {
    "left" : "class : FloatSerializer",
    "right" : "class : FloatSerializer",
    "info" : "TypeDeclaration[7423-7888]:TypeDeclaration[8167-8819]"
  }, {
    "left" : "instance",
    "right" : "instance",
    "info" : "FieldDeclaration[7521-7583]:FieldDeclaration[8312-8374]"
  }, {
    "left" : "public FloatSerializer()",
    "right" : "public FloatSerializer()",
    "info" : "MethodDeclaration[7593-7680]:MethodDeclaration[8384-8471]"
  }, {
    "left" : "public serialize(value , gen , provider ) : void",
    "right" : "public serialize(value , gen , provider ) : void",
    "info" : "MethodDeclaration[7691-7882]:MethodDeclaration[8622-8813]"
  }, {
    "left" : "class : DoubleSerializer",
    "right" : "class : DoubleSerializer",
    "info" : "TypeDeclaration[7894-9018]:TypeDeclaration[8825-10137]"
  }, {
    "left" : "instance",
    "right" : "instance",
    "info" : "FieldDeclaration[8272-8336]:FieldDeclaration[9251-9315]"
  }, {
    "left" : "public DoubleSerializer()",
    "right" : "public DoubleSerializer()",
    "info" : "MethodDeclaration[8350-8440]:MethodDeclaration[9329-9419]"
  }, {
    "left" : "public serialize(value , gen , provider ) : void",
    "right" : "public serialize(value , gen , provider ) : void",
    "info" : "MethodDeclaration[8451-8644]:MethodDeclaration[9570-9763]"
  }, {
    "left" : "public serializeWithType(value , gen , provider , typeSer ) : void",
    "right" : "public serializeWithType(value , gen , provider , typeSer ) : void",
    "info" : "MethodDeclaration[8719-9012]:MethodDeclaration[9838-10131]"
  } ],
  "mappings" : [
 {
    "left" : "@SuppressWarnings(\"serial\")",
    "right" : "@SuppressWarnings(\"serial\")",
    "info" : "SingleMemberAnnotation[858-885]:SingleMemberAnnotation[858-885]"
  }, {
    "left" : "public",
    "right" : "public",
    "info" : "Modifier[886-892]:Modifier[886-892]"
  }, {
    "left" : "class",
    "right" : "class",
    "info" : "TYPE_DECLARATION_KIND[893-898]:TYPE_DECLARATION_KIND[893-898]"
  }, {
    "left" : "protected",
    "right" : "protected",
    "info" : "Modifier[923-932]:Modifier[923-932]"
  }, {
    "left" : "NumberSerializers",
    "right" : "NumberSerializers",
    "info" : "SimpleName[933-950]:SimpleName[933-950]"
  }, {
    "left" : "{}",
    "right" : "{}",
    "info" : "Block[953-956]:Block[953-956]"
  }, {
    "left" : "public",
    "right" : "public",
    "info" : "Modifier[962-968]:Modifier[962-968]"
  }, {
    "left" : "static",
    "right" : "static",
    "info" : "Modifier[969-975]:Modifier[969-975]"
  }, {
    "left" : "void",
    "right" : "void",
    "info" : "PrimitiveType[976-980]:PrimitiveType[976-980]"
  }, {
    "left" : "addAll",
    "right" : "addAll",
    "info" : "SimpleName[981-987]:SimpleName[981-987]"
  }, {
    "left" : "Map<String, JsonSerializer<?>> allDeserializers",
    "right" : "Map<String, JsonSerializer<?>> allDeserializers",
    "info" : "SingleVariableDeclaration[988-1035]:SingleVariableDeclaration[988-1035]"
  }, {
    "left" : "{}",
    "right" : "{}",
    "info" : "Block[1041-2071]:Block[1041-2071]"
  }, {
    "left" : "final JsonSerializer<?> intS = new IntegerSerializer();",
    "right" : "final JsonSerializer<?> intS = new IntegerSerializer();",
    "info" : "VariableDeclarationStatement[1051-1106]:VariableDeclarationStatement[1051-1106]"
  }, {
    "left" : "allDeserializers.put(Integer.class.getName(), intS);",
    "right" : "allDeserializers.put(Integer.class.getName(), intS);",
    "info" : "ExpressionStatement[1115-1167]:ExpressionStatement[1115-1167]"
  }, {
    "left" : "allDeserializers.put(Integer.TYPE.getName(), intS);",
    "right" : "allDeserializers.put(Integer.TYPE.getName(), intS);",
    "info" : "ExpressionStatement[1176-1227]:ExpressionStatement[1176-1227]"
  }, {
    "left" : "allDeserializers.put(Long.class.getName(), LongSerializer.instance);",
    "right" : "allDeserializers.put(Long.class.getName(), LongSerializer.instance);",
    "info" : "ExpressionStatement[1236-1304]:ExpressionStatement[1236-1304]"
  }, {
    "left" : "allDeserializers.put(Long.TYPE.getName(), LongSerializer.instance);",
    "right" : "allDeserializers.put(Long.TYPE.getName(), LongSerializer.instance);",
    "info" : "ExpressionStatement[1313-1380]:ExpressionStatement[1313-1380]"
  }, {
    "left" : "allDeserializers.put(Byte.class.getName(), IntLikeSerializer.instance);",
    "right" : "allDeserializers.put(Byte.class.getName(), IntLikeSerializer.instance);",
    "info" : "ExpressionStatement[1389-1460]:ExpressionStatement[1389-1460]"
  }, {
    "left" : "allDeserializers.put(Byte.TYPE.getName(), IntLikeSerializer.instance);",
    "right" : "allDeserializers.put(Byte.TYPE.getName(), IntLikeSerializer.instance);",
    "info" : "ExpressionStatement[1469-1539]:ExpressionStatement[1469-1539]"
  }, {
    "left" : "allDeserializers.put(Short.class.getName(), ShortSerializer.instance);",
    "right" : "allDeserializers.put(Short.class.getName(), ShortSerializer.instance);",
    "info" : "ExpressionStatement[1548-1618]:ExpressionStatement[1548-1618]"
  }, {
    "left" : "allDeserializers.put(Short.TYPE.getName(), ShortSerializer.instance);",
    "right" : "allDeserializers.put(Short.TYPE.getName(), ShortSerializer.instance);",
    "info" : "ExpressionStatement[1627-1696]:ExpressionStatement[1627-1696]"
  }, {
    "left" : "allDeserializers.put(Float.class.getName(), FloatSerializer.instance);",
    "right" : "allDeserializers.put(Float.class.getName(), FloatSerializer.instance);",
    "info" : "ExpressionStatement[1756-1826]:ExpressionStatement[1756-1826]"
  }, {
    "left" : "allDeserializers.put(Float.TYPE.getName(), FloatSerializer.instance);",
    "right" : "allDeserializers.put(Float.TYPE.getName(), FloatSerializer.instance);",
    "info" : "ExpressionStatement[1835-1904]:ExpressionStatement[1835-1904]"
  }, {
    "left" : "allDeserializers.put(Double.class.getName(), DoubleSerializer.instance);",
    "right" : "allDeserializers.put(Double.class.getName(), DoubleSerializer.instance);",
    "info" : "ExpressionStatement[1913-1985]:ExpressionStatement[1913-1985]"
  }, {
    "left" : "allDeserializers.put(Double.TYPE.getName(), DoubleSerializer.instance);",
    "right" : "allDeserializers.put(Double.TYPE.getName(), DoubleSerializer.instance);",
    "info" : "ExpressionStatement[1994-2065]:ExpressionStatement[1994-2065]"
  }, {
    "left" : "protected",
    "right" : "protected",
    "info" : "Modifier[2246-2255]:Modifier[2246-2255]"
  }, {
    "left" : "abstract",
    "right" : "abstract",
    "info" : "Modifier[2256-2264]:Modifier[2256-2264]"
  }, {
    "left" : "static",
    "right" : "static",
    "info" : "Modifier[2265-2271]:Modifier[2265-2271]"
  }, {
    "left" : "class",
    "right" : "class",
    "info" : "TYPE_DECLARATION_KIND[2272-2277]:TYPE_DECLARATION_KIND[2272-2277]"
  }, {
    "left" : "protected",
    "right" : "protected",
    "info" : "Modifier[2516-2525]:Modifier[2591-2600]"
  }, {
    "left" : "Base",
    "right" : "Base",
    "info" : "SimpleName[2526-2530]:SimpleName[2601-2605]"
  }, {
    "left" : "Class<?> cls",
    "right" : "Class<?> cls",
    "info" : "SingleVariableDeclaration[2531-2543]:SingleVariableDeclaration[2606-2618]"
  }, {
    "left" : "JsonParser.NumberType numberType",
    "right" : "JsonParser.NumberType numberType",
    "info" : "SingleVariableDeclaration[2545-2577]:SingleVariableDeclaration[2620-2652]"
  }, {
    "left" : "String schemaType",
    "right" : "String schemaType",
    "info" : "SingleVariableDeclaration[2579-2596]:SingleVariableDeclaration[2654-2671]"
  }, {
    "left" : "{}",
    "right" : "{}",
    "info" : "Block[2598-2940]:Block[2673-3015]"
  }, {
    "left" : "super(cls, false);",
    "right" : "super(cls, false);",
    "info" : "SuperConstructorInvocation[2612-2630]:SuperConstructorInvocation[2687-2705]"
  }, {
    "left" : "_numberType = numberType;",
    "right" : "_numberType = numberType;",
    "info" : "ExpressionStatement[2643-2668]:ExpressionStatement[2718-2743]"
  }, {
    "left" : "_schemaType = schemaType;",
    "right" : "_schemaType = schemaType;",
    "info" : "ExpressionStatement[2681-2706]:ExpressionStatement[2756-2781]"
  }, {
    "left" : "_isInt = (numberType == JsonParser.NumberType.INT)\n                    || (numberType == JsonParser.NumberType.LONG)\n                    || (numberType == JsonParser.NumberType.BIG_INTEGER)\n                    ;",
    "right" : "_isInt = (numberType == JsonParser.NumberType.INT)\n                    || (numberType == JsonParser.NumberType.LONG)\n                    || (numberType == JsonParser.NumberType.BIG_INTEGER)\n                    ;",
    "info" : "ExpressionStatement[2719-2930]:ExpressionStatement[2794-3005]"
  }, {
    "left" : "@Override",
    "right" : "@Override",
    "info" : "MarkerAnnotation[2950-2959]:MarkerAnnotation[3025-3034]"
  }, {
    "left" : "public",
    "right" : "public",
    "info" : "Modifier[2968-2974]:Modifier[3043-3049]"
  }, {
    "left" : "JsonNode",
    "right" : "JsonNode",
    "info" : "SimpleType[2975-2983]:SimpleType[3050-3058]"
  }, {
    "left" : "getSchema",
    "right" : "getSchema",
    "info" : "SimpleName[2984-2993]:SimpleName[3059-3068]"
  }, {
    "left" : "SerializerProvider provider",
    "right" : "SerializerProvider provider",
    "info" : "SingleVariableDeclaration[2994-3021]:SingleVariableDeclaration[3069-3096]"
  }, {
    "left" : "Type typeHint",
    "right" : "Type typeHint",
    "info" : "SingleVariableDeclaration[3023-3036]:SingleVariableDeclaration[3098-3111]"
  }, {
    "left" : "{}",
    "right" : "{}",
    "info" : "Block[3038-3105]:Block[3113-3180]"
  }, {
    "left" : "return createSchemaNode(_schemaType, true);",
    "right" : "return createSchemaNode(_schemaType, true);",
    "info" : "ReturnStatement[3052-3095]:ReturnStatement[3127-3170]"
  }, {
    "left" : "@Override",
    "right" : "@Override",
    "info" : "MarkerAnnotation[3115-3124]:MarkerAnnotation[3190-3199]"
  }, {
    "left" : "public",
    "right" : "public",
    "info" : "Modifier[3133-3139]:Modifier[3208-3214]"
  }, {
    "left" : "void",
    "right" : "void",
    "info" : "PrimitiveType[3140-3144]:PrimitiveType[3215-3219]"
  }, {
    "left" : "acceptJsonFormatVisitor",
    "right" : "acceptJsonFormatVisitor",
    "info" : "SimpleName[3145-3168]:SimpleName[3220-3243]"
  }, {
    "left" : "JsonFormatVisitorWrapper visitor",
    "right" : "JsonFormatVisitorWrapper visitor",
    "info" : "SingleVariableDeclaration[3169-3201]:SingleVariableDeclaration[3244-3276]"
  }, {
    "left" : "JavaType typeHint",
    "right" : "JavaType typeHint",
    "info" : "SingleVariableDeclaration[3203-3220]:SingleVariableDeclaration[3278-3295]"
  }, {
    "left" : "JsonMappingException",
    "right" : "JsonMappingException",
    "info" : "SimpleType[3229-3249]:SimpleType[3304-3324]"
  }, {
    "left" : "{}",
    "right" : "{}",
    "info" : "Block[3258-3698]:Block[3333-3773]"
  }, {
    "left" : "if (_isInt)",
    "right" : "if (_isInt)",
    "info" : "IfStatement[3272-3688]:IfStatement[3347-3763]"
  }, {
    "left" : "{}",
    "right" : "{}",
    "info" : "Block[3284-3484]:Block[3359-3559]"
  }, {
    "left" : "JsonIntegerFormatVisitor v2 = visitor.expectIntegerFormat(typeHint);",
    "right" : "JsonIntegerFormatVisitor v2 = visitor.expectIntegerFormat(typeHint);",
    "info" : "VariableDeclarationStatement[3302-3370]:VariableDeclarationStatement[3377-3445]"
  }, {
    "left" : "if (v2 != null)",
    "right" : "if (v2 != null)",
    "info" : "IfStatement[3387-3470]:IfStatement[3462-3545]"
  }, {
    "left" : "{}",
    "right" : "{}",
    "info" : "Block[3403-3470]:Block[3478-3545]"
  }, {
    "left" : "v2.numberType(_numberType);",
    "right" : "v2.numberType(_numberType);",
    "info" : "ExpressionStatement[3425-3452]:ExpressionStatement[3500-3527]"
  }, {
    "left" : "{}",
    "right" : "{}",
    "info" : "Block[3490-3688]:Block[3565-3763]"
  }, {
    "left" : "JsonNumberFormatVisitor v2 = visitor.expectNumberFormat(typeHint);",
    "right" : "JsonNumberFormatVisitor v2 = visitor.expectNumberFormat(typeHint);",
    "info" : "VariableDeclarationStatement[3508-3574]:VariableDeclarationStatement[3583-3649]"
  }, {
    "left" : "if (v2 != null)",
    "right" : "if (v2 != null)",
    "info" : "IfStatement[3591-3674]:IfStatement[3666-3749]"
  }, {
    "left" : "{}",
    "right" : "{}",
    "info" : "Block[3607-3674]:Block[3682-3749]"
  }, {
    "left" : "v2.numberType(_numberType);",
    "right" : "v2.numberType(_numberType);",
    "info" : "ExpressionStatement[3629-3656]:ExpressionStatement[3704-3731]"
  }, {
    "left" : "@Override",
    "right" : "@Override",
    "info" : "MarkerAnnotation[3708-3717]:MarkerAnnotation[3783-3792]"
  }, {
    "left" : "public",
    "right" : "public",
    "info" : "Modifier[3726-3732]:Modifier[3801-3807]"
  }, {
    "left" : "JsonSerializer<?>",
    "right" : "JsonSerializer<?>",
    "info" : "ParameterizedType[3733-3750]:ParameterizedType[3808-3825]"
  }, {
    "left" : "createContextual",
    "right" : "createContextual",
    "info" : "SimpleName[3751-3767]:SimpleName[3826-3842]"
  }, {
    "left" : "SerializerProvider prov",
    "right" : "SerializerProvider prov",
    "info" : "SingleVariableDeclaration[3768-3791]:SingleVariableDeclaration[3843-3866]"
  }, {
    "left" : "BeanProperty property",
    "right" : "BeanProperty property",
    "info" : "SingleVariableDeclaration[3809-3830]:SingleVariableDeclaration[3884-3905]"
  }, {
    "left" : "JsonMappingException",
    "right" : "JsonMappingException",
    "info" : "SimpleType[3839-3859]:SimpleType[3914-3934]"
  }, {
    "left" : "{}",
    "right" : "{}",
    "info" : "Block[3868-4434]:Block[3943-4509]"
  }, {
    "left" : "if (property != null)",
    "right" : "if (property != null)",
    "info" : "IfStatement[3882-4399]:IfStatement[3957-4474]"
  }, {
    "left" : "{}",
    "right" : "{}",
    "info" : "Block[3904-4399]:Block[3979-4474]"
  }, {
    "left" : "AnnotatedMember m = property.getMember();",
    "right" : "AnnotatedMember m = property.getMember();",
    "info" : "VariableDeclarationStatement[3922-3963]:VariableDeclarationStatement[3997-4038]"
  }, {
    "left" : "if (m != null)",
    "right" : "if (m != null)",
    "info" : "IfStatement[3980-4385]:IfStatement[4055-4460]"
  }, {
    "left" : "{}",
    "right" : "{}",
    "info" : "Block[3995-4385]:Block[4070-4460]"
  }, {
    "left" : "JsonFormat.Value format = prov.getAnnotationIntrospector().findFormat(m);",
    "right" : "JsonFormat.Value format = prov.getAnnotationIntrospector().findFormat(m);",
    "info" : "VariableDeclarationStatement[4017-4090]:VariableDeclarationStatement[4092-4165]"
  }, {
    "left" : "if (format != null)",
    "right" : "if (format != null)",
    "info" : "IfStatement[4111-4367]:IfStatement[4186-4442]"
  }, {
    "left" : "{}",
    "right" : "{}",
    "info" : "Block[4131-4367]:Block[4206-4442]"
  }, {
    "left" : "switch (format.getShape()) {\n                        case STRING:\n                            return ToStringSerializer.instance;\n                        default:\n                        }",
    "right" : "switch (format.getShape()) {\n                        case STRING:\n                            return ToStringSerializer.instance;\n                        default:\n                        }",
    "info" : "SwitchStatement[4157-4345]:SwitchStatement[4232-4420]"
  }, {
    "left" : "case STRING:",
    "right" : "case STRING:",
    "info" : "SwitchCase[4210-4222]:SwitchCase[4285-4297]"
  }, {
    "left" : "return ToStringSerializer.instance;",
    "right" : "return ToStringSerializer.instance;",
    "info" : "ReturnStatement[4251-4286]:ReturnStatement[4326-4361]"
  }, {
    "left" : "default:",
    "right" : "default:",
    "info" : "SwitchCase[4311-4319]:SwitchCase[4386-4394]"
  }, {
    "left" : "return this;",
    "right" : "return this;",
    "info" : "ReturnStatement[4412-4424]:ReturnStatement[4487-4499]"
  }, {
    "left" : "@JacksonStdImpl",
    "right" : "@JacksonStdImpl",
    "info" : "MarkerAnnotation[4632-4647]:MarkerAnnotation[4707-4722]"
  }, {
    "left" : "public",
    "right" : "public",
    "info" : "Modifier[4652-4658]:Modifier[4727-4733]"
  }, {
    "left" : "final",
    "right" : "final",
    "info" : "Modifier[4659-4664]:Modifier[4734-4739]"
  }, {
    "left" : "static",
    "right" : "static",
    "info" : "Modifier[4665-4671]:Modifier[4740-4746]"
  }, {
    "left" : "class",
    "right" : "class",
    "info" : "TYPE_DECLARATION_KIND[4672-4677]:TYPE_DECLARATION_KIND[4747-4752]"
  }, {
    "left" : "public",
    "right" : "public",
    "info" : "Modifier[4800-4806]:Modifier[4929-4935]"
  }, {
    "left" : "ShortSerializer",
    "right" : "ShortSerializer",
    "info" : "SimpleName[4807-4822]:SimpleName[4936-4951]"
  }, {
    "left" : "{}",
    "right" : "{}",
    "info" : "Block[4825-4885]:Block[4954-5014]"
  }, {
    "left" : "super(Short.class, JsonParser.NumberType.INT, \"number\");",
    "right" : "super(Short.class, JsonParser.NumberType.INT, \"number\");",
    "info" : "SuperConstructorInvocation[4827-4883]:SuperConstructorInvocation[4956-5012]"
  }, {
    "left" : "@Override",
    "right" : "@Override",
    "info" : "MarkerAnnotation[4896-4905]:MarkerAnnotation[5164-5173]"
  }, {
    "left" : "public",
    "right" : "public",
    "info" : "Modifier[4914-4920]:Modifier[5182-5188]"
  }, {
    "left" : "void",
    "right" : "void",
    "info" : "PrimitiveType[4921-4925]:PrimitiveType[5189-5193]"
  }, {
    "left" : "serialize",
    "right" : "serialize",
    "info" : "SimpleName[4926-4935]:SimpleName[5194-5203]"
  }, {
    "left" : "Short value",
    "right" : "Short value",
    "info" : "SingleVariableDeclaration[4936-4947]:SingleVariableDeclaration[5204-5215]"
  }, {
    "left" : "JsonGenerator gen",
    "right" : "JsonGenerator gen",
    "info" : "SingleVariableDeclaration[4949-4966]:SingleVariableDeclaration[5217-5234]"
  }, {
    "left" : "SerializerProvider provider",
    "right" : "SerializerProvider provider",
    "info" : "SingleVariableDeclaration[4968-4995]:SingleVariableDeclaration[5236-5263]"
  }, {
    "left" : "IOException",
    "right" : "IOException",
    "info" : "SimpleType[5004-5015]:SimpleType[5272-5283]"
  }, {
    "left" : "{}",
    "right" : "{}",
    "info" : "Block[5016-5076]:Block[5284-5344]"
  }, {
    "left" : "gen.writeNumber(value.shortValue());",
    "right" : "gen.writeNumber(value.shortValue());",
    "info" : "ExpressionStatement[5030-5066]:ExpressionStatement[5298-5334]"
  }, {
    "left" : "@JacksonStdImpl",
    "right" : "@JacksonStdImpl",
    "info" : "MarkerAnnotation[5472-5487]:MarkerAnnotation[5740-5755]"
  }, {
    "left" : "public",
    "right" : "public",
    "info" : "Modifier[5492-5498]:Modifier[5760-5766]"
  }, {
    "left" : "final",
    "right" : "final",
    "info" : "Modifier[5499-5504]:Modifier[5767-5772]"
  }, {
    "left" : "static",
    "right" : "static",
    "info" : "Modifier[5505-5511]:Modifier[5773-5779]"
  }, {
    "left" : "class",
    "right" : "class",
    "info" : "TYPE_DECLARATION_KIND[5512-5517]:TYPE_DECLARATION_KIND[5780-5785]"
  }, {
    "left" : "public",
    "right" : "public",
    "info" : "Modifier[5571-5577]:Modifier[5839-5845]"
  }, {
    "left" : "IntegerSerializer",
    "right" : "IntegerSerializer",
    "info" : "SimpleName[5578-5595]:SimpleName[5846-5863]"
  }, {
    "left" : "{}",
    "right" : "{}",
    "info" : "Block[5598-5661]:Block[5866-5929]"
  }, {
    "left" : "super(Integer.class, JsonParser.NumberType.INT ,\"integer\");",
    "right" : "super(Integer.class, JsonParser.NumberType.INT ,\"integer\");",
    "info" : "SuperConstructorInvocation[5600-5659]:SuperConstructorInvocation[5868-5927]"
  }, {
    "left" : "@Override",
    "right" : "@Override",
    "info" : "MarkerAnnotation[5675-5684]:MarkerAnnotation[5943-5952]"
  }, {
    "left" : "public",
    "right" : "public",
    "info" : "Modifier[5693-5699]:Modifier[5961-5967]"
  }, {
    "left" : "void",
    "right" : "void",
    "info" : "PrimitiveType[5700-5704]:PrimitiveType[5968-5972]"
  }, {
    "left" : "serialize",
    "right" : "serialize",
    "info" : "SimpleName[5705-5714]:SimpleName[5973-5982]"
  }, {
    "left" : "Object value",
    "right" : "Object value",
    "info" : "SingleVariableDeclaration[5715-5727]:SingleVariableDeclaration[5983-5995]"
  }, {
    "left" : "JsonGenerator gen",
    "right" : "JsonGenerator gen",
    "info" : "SingleVariableDeclaration[5729-5746]:SingleVariableDeclaration[5997-6014]"
  }, {
    "left" : "SerializerProvider provider",
    "right" : "SerializerProvider provider",
    "info" : "SingleVariableDeclaration[5748-5775]:SingleVariableDeclaration[6016-6043]"
  }, {
    "left" : "IOException",
    "right" : "IOException",
    "info" : "SimpleType[5784-5795]:SimpleType[6052-6063]"
  }, {
    "left" : "{}",
    "right" : "{}",
    "info" : "Block[5796-5866]:Block[6064-6134]"
  }, {
    "left" : "gen.writeNumber(((Integer) value).intValue());",
    "right" : "gen.writeNumber(((Integer) value).intValue());",
    "info" : "ExpressionStatement[5810-5856]:ExpressionStatement[6078-6124]"
  }, {
    "left" : "@Override",
    "right" : "@Override",
    "info" : "MarkerAnnotation[5949-5958]:MarkerAnnotation[6217-6226]"
  }, {
    "left" : "public",
    "right" : "public",
    "info" : "Modifier[5967-5973]:Modifier[6235-6241]"
  }, {
    "left" : "void",
    "right" : "void",
    "info" : "PrimitiveType[5974-5978]:PrimitiveType[6242-6246]"
  }, {
    "left" : "serializeWithType",
    "right" : "serializeWithType",
    "info" : "SimpleName[5979-5996]:SimpleName[6247-6264]"
  }, {
    "left" : "Object value",
    "right" : "Object value",
    "info" : "SingleVariableDeclaration[5997-6009]:SingleVariableDeclaration[6265-6277]"
  }, {
    "left" : "JsonGenerator gen",
    "right" : "JsonGenerator gen",
    "info" : "SingleVariableDeclaration[6011-6028]:SingleVariableDeclaration[6279-6296]"
  }, {
    "left" : "SerializerProvider provider",
    "right" : "SerializerProvider provider",
    "info" : "SingleVariableDeclaration[6046-6073]:SingleVariableDeclaration[6314-6341]"
  }, {
    "left" : "TypeSerializer typeSer",
    "right" : "TypeSerializer typeSer",
    "info" : "SingleVariableDeclaration[6075-6097]:SingleVariableDeclaration[6343-6365]"
  }, {
    "left" : "IOException",
    "right" : "IOException",
    "info" : "SimpleType[6106-6117]:SimpleType[6374-6385]"
  }, {
    "left" : "{}",
    "right" : "{}",
    "info" : "Block[6118-6242]:Block[6386-6510]"
  }, {
    "left" : "serialize(value, gen, provider);",
    "right" : "serialize(value, gen, provider);",
    "info" : "ExpressionStatement[6188-6220]:ExpressionStatement[6456-6488]"
  }, {
    "left" : "@JacksonStdImpl",
    "right" : "@JacksonStdImpl",
    "info" : "MarkerAnnotation[6470-6485]:MarkerAnnotation[6886-6901]"
  }, {
    "left" : "public",
    "right" : "public",
    "info" : "Modifier[6490-6496]:Modifier[6906-6912]"
  }, {
    "left" : "final",
    "right" : "final",
    "info" : "Modifier[6497-6502]:Modifier[6913-6918]"
  }, {
    "left" : "static",
    "right" : "static",
    "info" : "Modifier[6503-6509]:Modifier[6919-6925]"
  }, {
    "left" : "class",
    "right" : "class",
    "info" : "TYPE_DECLARATION_KIND[6510-6515]:TYPE_DECLARATION_KIND[6926-6931]"
  }, {
    "left" : "public",
    "right" : "public",
    "info" : "Modifier[6645-6651]:Modifier[7061-7067]"
  }, {
    "left" : "IntLikeSerializer",
    "right" : "IntLikeSerializer",
    "info" : "SimpleName[6652-6669]:SimpleName[7068-7085]"
  }, {
    "left" : "{}",
    "right" : "{}",
    "info" : "Block[6672-6754]:Block[7088-7170]"
  }, {
    "left" : "super(Number.class, JsonParser.NumberType.INT, \"integer\");",
    "right" : "super(Number.class, JsonParser.NumberType.INT, \"integer\");",
    "info" : "SuperConstructorInvocation[6686-6744]:SuperConstructorInvocation[7102-7160]"
  }, {
    "left" : "@Override",
    "right" : "@Override",
    "info" : "MarkerAnnotation[6765-6774]:MarkerAnnotation[7323-7332]"
  }, {
    "left" : "public",
    "right" : "public",
    "info" : "Modifier[6783-6789]:Modifier[7341-7347]"
  }, {
    "left" : "void",
    "right" : "void",
    "info" : "PrimitiveType[6790-6794]:PrimitiveType[7348-7352]"
  }, {
    "left" : "serialize",
    "right" : "serialize",
    "info" : "SimpleName[6795-6804]:SimpleName[7353-7362]"
  }, {
    "left" : "Number value",
    "right" : "Number value",
    "info" : "SingleVariableDeclaration[6805-6817]:SingleVariableDeclaration[7363-7375]"
  }, {
    "left" : "JsonGenerator gen",
    "right" : "JsonGenerator gen",
    "info" : "SingleVariableDeclaration[6819-6836]:SingleVariableDeclaration[7377-7394]"
  }, {
    "left" : "SerializerProvider provider",
    "right" : "SerializerProvider provider",
    "info" : "SingleVariableDeclaration[6838-6865]:SingleVariableDeclaration[7396-7423]"
  }, {
    "left" : "IOException",
    "right" : "IOException",
    "info" : "SimpleType[6874-6885]:SimpleType[7432-7443]"
  }, {
    "left" : "{}",
    "right" : "{}",
    "info" : "Block[6886-6944]:Block[7444-7502]"
  }, {
    "left" : "gen.writeNumber(value.intValue());",
    "right" : "gen.writeNumber(value.intValue());",
    "info" : "ExpressionStatement[6900-6934]:ExpressionStatement[7458-7492]"
  }, {
    "left" : "@JacksonStdImpl",
    "right" : "@JacksonStdImpl",
    "info" : "MarkerAnnotation[6956-6971]:MarkerAnnotation[7514-7529]"
  }, {
    "left" : "public",
    "right" : "public",
    "info" : "Modifier[6976-6982]:Modifier[7534-7540]"
  }, {
    "left" : "final",
    "right" : "final",
    "info" : "Modifier[6983-6988]:Modifier[7541-7546]"
  }, {
    "left" : "static",
    "right" : "static",
    "info" : "Modifier[6989-6995]:Modifier[7547-7553]"
  }, {
    "left" : "class",
    "right" : "class",
    "info" : "TYPE_DECLARATION_KIND[6996-7001]:TYPE_DECLARATION_KIND[7554-7559]"
  }, {
    "left" : "public",
    "right" : "public",
    "info" : "Modifier[7127-7133]:Modifier[7731-7737]"
  }, {
    "left" : "LongSerializer",
    "right" : "LongSerializer",
    "info" : "SimpleName[7134-7148]:SimpleName[7738-7752]"
  }, {
    "left" : "{}",
    "right" : "{}",
    "info" : "Block[7151-7211]:Block[7755-7815]"
  }, {
    "left" : "super(Long.class, JsonParser.NumberType.LONG, \"number\");",
    "right" : "super(Long.class, JsonParser.NumberType.LONG, \"number\");",
    "info" : "SuperConstructorInvocation[7153-7209]:SuperConstructorInvocation[7757-7813]"
  }, {
    "left" : "@Override",
    "right" : "@Override",
    "info" : "MarkerAnnotation[7222-7231]:MarkerAnnotation[7966-7975]"
  }, {
    "left" : "public",
    "right" : "public",
    "info" : "Modifier[7240-7246]:Modifier[7984-7990]"
  }, {
    "left" : "void",
    "right" : "void",
    "info" : "PrimitiveType[7247-7251]:PrimitiveType[7991-7995]"
  }, {
    "left" : "serialize",
    "right" : "serialize",
    "info" : "SimpleName[7252-7261]:SimpleName[7996-8005]"
  }, {
    "left" : "Object value",
    "right" : "Object value",
    "info" : "SingleVariableDeclaration[7262-7274]:SingleVariableDeclaration[8006-8018]"
  }, {
    "left" : "JsonGenerator gen",
    "right" : "JsonGenerator gen",
    "info" : "SingleVariableDeclaration[7276-7293]:SingleVariableDeclaration[8020-8037]"
  }, {
    "left" : "SerializerProvider provider",
    "right" : "SerializerProvider provider",
    "info" : "SingleVariableDeclaration[7295-7322]:SingleVariableDeclaration[8039-8066]"
  }, {
    "left" : "IOException",
    "right" : "IOException",
    "info" : "SimpleType[7331-7342]:SimpleType[8075-8086]"
  }, {
    "left" : "{}",
    "right" : "{}",
    "info" : "Block[7343-7411]:Block[8087-8155]"
  }, {
    "left" : "gen.writeNumber(((Long) value).longValue());",
    "right" : "gen.writeNumber(((Long) value).longValue());",
    "info" : "ExpressionStatement[7357-7401]:ExpressionStatement[8101-8145]"
  }, {
    "left" : "@JacksonStdImpl",
    "right" : "@JacksonStdImpl",
    "info" : "MarkerAnnotation[7423-7438]:MarkerAnnotation[8167-8182]"
  }, {
    "left" : "public",
    "right" : "public",
    "info" : "Modifier[7443-7449]:Modifier[8187-8193]"
  }, {
    "left" : "final",
    "right" : "final",
    "info" : "Modifier[7450-7455]:Modifier[8194-8199]"
  }, {
    "left" : "static",
    "right" : "static",
    "info" : "Modifier[7456-7462]:Modifier[8200-8206]"
  }, {
    "left" : "class",
    "right" : "class",
    "info" : "TYPE_DECLARATION_KIND[7463-7468]:TYPE_DECLARATION_KIND[8207-8212]"
  }, {
    "left" : "public",
    "right" : "public",
    "info" : "Modifier[7593-7599]:Modifier[8384-8390]"
  }, {
    "left" : "FloatSerializer",
    "right" : "FloatSerializer",
    "info" : "SimpleName[7600-7615]:SimpleName[8391-8406]"
  }, {
    "left" : "{}",
    "right" : "{}",
    "info" : "Block[7618-7680]:Block[8409-8471]"
  }, {
    "left" : "super(Float.class, JsonParser.NumberType.FLOAT, \"number\");",
    "right" : "super(Float.class, JsonParser.NumberType.FLOAT, \"number\");",
    "info" : "SuperConstructorInvocation[7620-7678]:SuperConstructorInvocation[8411-8469]"
  }, {
    "left" : "@Override",
    "right" : "@Override",
    "info" : "MarkerAnnotation[7691-7700]:MarkerAnnotation[8622-8631]"
  }, {
    "left" : "public",
    "right" : "public",
    "info" : "Modifier[7709-7715]:Modifier[8640-8646]"
  }, {
    "left" : "void",
    "right" : "void",
    "info" : "PrimitiveType[7716-7720]:PrimitiveType[8647-8651]"
  }, {
    "left" : "serialize",
    "right" : "serialize",
    "info" : "SimpleName[7721-7730]:SimpleName[8652-8661]"
  }, {
    "left" : "Object value",
    "right" : "Object value",
    "info" : "SingleVariableDeclaration[7731-7743]:SingleVariableDeclaration[8662-8674]"
  }, {
    "left" : "JsonGenerator gen",
    "right" : "JsonGenerator gen",
    "info" : "SingleVariableDeclaration[7745-7762]:SingleVariableDeclaration[8676-8693]"
  }, {
    "left" : "SerializerProvider provider",
    "right" : "SerializerProvider provider",
    "info" : "SingleVariableDeclaration[7764-7791]:SingleVariableDeclaration[8695-8722]"
  }, {
    "left" : "IOException",
    "right" : "IOException",
    "info" : "SimpleType[7800-7811]:SimpleType[8731-8742]"
  }, {
    "left" : "{}",
    "right" : "{}",
    "info" : "Block[7812-7882]:Block[8743-8813]"
  }, {
    "left" : "gen.writeNumber(((Float) value).floatValue());",
    "right" : "gen.writeNumber(((Float) value).floatValue());",
    "info" : "ExpressionStatement[7826-7872]:ExpressionStatement[8757-8803]"
  }, {
    "left" : "@JacksonStdImpl",
    "right" : "@JacksonStdImpl",
    "info" : "MarkerAnnotation[8173-8188]:MarkerAnnotation[9104-9119]"
  }, {
    "left" : "public",
    "right" : "public",
    "info" : "Modifier[8193-8199]:Modifier[9124-9130]"
  }, {
    "left" : "final",
    "right" : "final",
    "info" : "Modifier[8200-8205]:Modifier[9131-9136]"
  }, {
    "left" : "static",
    "right" : "static",
    "info" : "Modifier[8206-8212]:Modifier[9137-9143]"
  }, {
    "left" : "class",
    "right" : "class",
    "info" : "TYPE_DECLARATION_KIND[8213-8218]:TYPE_DECLARATION_KIND[9144-9149]"
  }, {
    "left" : "public",
    "right" : "public",
    "info" : "Modifier[8350-8356]:Modifier[9329-9335]"
  }, {
    "left" : "DoubleSerializer",
    "right" : "DoubleSerializer",
    "info" : "SimpleName[8357-8373]:SimpleName[9336-9352]"
  }, {
    "left" : "{}",
    "right" : "{}",
    "info" : "Block[8376-8440]:Block[9355-9419]"
  }, {
    "left" : "super(Double.class, JsonParser.NumberType.DOUBLE, \"number\");",
    "right" : "super(Double.class, JsonParser.NumberType.DOUBLE, \"number\");",
    "info" : "SuperConstructorInvocation[8378-8438]:SuperConstructorInvocation[9357-9417]"
  }, {
    "left" : "@Override",
    "right" : "@Override",
    "info" : "MarkerAnnotation[8451-8460]:MarkerAnnotation[9570-9579]"
  }, {
    "left" : "public",
    "right" : "public",
    "info" : "Modifier[8469-8475]:Modifier[9588-9594]"
  }, {
    "left" : "void",
    "right" : "void",
    "info" : "PrimitiveType[8476-8480]:PrimitiveType[9595-9599]"
  }, {
    "left" : "serialize",
    "right" : "serialize",
    "info" : "SimpleName[8481-8490]:SimpleName[9600-9609]"
  }, {
    "left" : "Object value",
    "right" : "Object value",
    "info" : "SingleVariableDeclaration[8491-8503]:SingleVariableDeclaration[9610-9622]"
  }, {
    "left" : "JsonGenerator gen",
    "right" : "JsonGenerator gen",
    "info" : "SingleVariableDeclaration[8505-8522]:SingleVariableDeclaration[9624-9641]"
  }, {
    "left" : "SerializerProvider provider",
    "right" : "SerializerProvider provider",
    "info" : "SingleVariableDeclaration[8524-8551]:SingleVariableDeclaration[9643-9670]"
  }, {
    "left" : "IOException",
    "right" : "IOException",
    "info" : "SimpleType[8560-8571]:SimpleType[9679-9690]"
  }, {
    "left" : "{}",
    "right" : "{}",
    "info" : "Block[8572-8644]:Block[9691-9763]"
  }, {
    "left" : "gen.writeNumber(((Double) value).doubleValue());",
    "right" : "gen.writeNumber(((Double) value).doubleValue());",
    "info" : "ExpressionStatement[8586-8634]:ExpressionStatement[9705-9753]"
  }, {
    "left" : "@Override",
    "right" : "@Override",
    "info" : "MarkerAnnotation[8719-8728]:MarkerAnnotation[9838-9847]"
  }, {
    "left" : "public",
    "right" : "public",
    "info" : "Modifier[8737-8743]:Modifier[9856-9862]"
  }, {
    "left" : "void",
    "right" : "void",
    "info" : "PrimitiveType[8744-8748]:PrimitiveType[9863-9867]"
  }, {
    "left" : "serializeWithType",
    "right" : "serializeWithType",
    "info" : "SimpleName[8749-8766]:SimpleName[9868-9885]"
  }, {
    "left" : "Object value",
    "right" : "Object value",
    "info" : "SingleVariableDeclaration[8767-8779]:SingleVariableDeclaration[9886-9898]"
  }, {
    "left" : "JsonGenerator gen",
    "right" : "JsonGenerator gen",
    "info" : "SingleVariableDeclaration[8781-8798]:SingleVariableDeclaration[9900-9917]"
  }, {
    "left" : "SerializerProvider provider",
    "right" : "SerializerProvider provider",
    "info" : "SingleVariableDeclaration[8816-8843]:SingleVariableDeclaration[9935-9962]"
  }, {
    "left" : "TypeSerializer typeSer",
    "right" : "TypeSerializer typeSer",
    "info" : "SingleVariableDeclaration[8845-8867]:SingleVariableDeclaration[9964-9986]"
  }, {
    "left" : "IOException",
    "right" : "IOException",
    "info" : "SimpleType[8876-8887]:SimpleType[9995-10006]"
  }, {
    "left" : "{}",
    "right" : "{}",
    "info" : "Block[8888-9012]:Block[10007-10131]"
  }, {
    "left" : "serialize(value, gen, provider);",
    "right" : "serialize(value, gen, provider);",
    "info" : "ExpressionStatement[8958-8990]:ExpressionStatement[10077-10109]"
  } ]
}