{
  "intraFileMappings" : {
    "matchedElements" : [
 {
      "left" : "class : AnalyzePrototypeProperties",
      "right" : "class : AnalyzePrototypeProperties",
      "info" : "TypeDeclaration[1457-22382]:TypeDeclaration[1457-22434]"
    }, {
      "left" : "PROPERTY",
      "right" : "PROPERTY",
      "info" : "FieldDeclaration[1990-2046]:FieldDeclaration[1990-2046]"
    }, {
      "left" : "VAR",
      "right" : "VAR",
      "info" : "FieldDeclaration[2049-2095]:FieldDeclaration[2049-2095]"
    }, {
      "left" : "compiler",
      "right" : "compiler",
      "info" : "FieldDeclaration[2099-2139]:FieldDeclaration[2099-2139]"
    }, {
      "left" : "canModifyExterns",
      "right" : "canModifyExterns",
      "info" : "FieldDeclaration[2142-2181]:FieldDeclaration[2142-2181]"
    }, {
      "left" : "anchorUnusedVars",
      "right" : "anchorUnusedVars",
      "info" : "FieldDeclaration[2184-2223]:FieldDeclaration[2184-2223]"
    }, {
      "left" : "moduleGraph",
      "right" : "moduleGraph",
      "info" : "FieldDeclaration[2226-2266]:FieldDeclaration[2226-2266]"
    }, {
      "left" : "firstModule",
      "right" : "firstModule",
      "info" : "FieldDeclaration[2269-2304]:FieldDeclaration[2269-2304]"
    }, {
      "left" : "IMPLICITLY_USED_PROPERTIES",
      "right" : "IMPLICITLY_USED_PROPERTIES",
      "info" : "FieldDeclaration[2377-2494]:FieldDeclaration[2377-2494]"
    }, {
      "left" : "symbolGraph",
      "right" : "symbolGraph",
      "info" : "FieldDeclaration[3113-3234]:FieldDeclaration[3113-3234]"
    }, {
      "left" : "globalNode",
      "right" : "globalNode",
      "info" : "FieldDeclaration[3292-3353]:FieldDeclaration[3292-3353]"
    }, {
      "left" : "externNode",
      "right" : "externNode",
      "info" : "FieldDeclaration[3411-3472]:FieldDeclaration[3411-3472]"
    }, {
      "left" : "anonymousNode",
      "right" : "anonymousNode",
      "info" : "FieldDeclaration[3550-3617]:FieldDeclaration[3550-3617]"
    }, {
      "left" : "propertyNameInfo",
      "right" : "propertyNameInfo",
      "info" : "FieldDeclaration[3735-3808]:FieldDeclaration[3735-3808]"
    }, {
      "left" : "varNameInfo",
      "right" : "varNameInfo",
      "info" : "FieldDeclaration[3926-3994]:FieldDeclaration[3926-3994]"
    }, {
      "left" : "AnalyzePrototypeProperties(AbstractCompiler compiler,\n      JSModuleGraph moduleGraph, boolean canModifyExterns,\n      boolean anchorUnusedVars)",
      "right" : "AnalyzePrototypeProperties(AbstractCompiler compiler,\n      JSModuleGraph moduleGraph, boolean canModifyExterns,\n      boolean anchorUnusedVars)",
      "info" : "MethodDeclaration[3998-5444]:MethodDeclaration[3998-5444]"
    }, {
      "left" : "public void process(Node externRoot, Node root)",
      "right" : "public void process(Node externRoot, Node root)",
      "info" : "MethodDeclaration[5448-5914]:MethodDeclaration[5448-5914]"
    }, {
      "left" : "public Collection<NameInfo> getAllNameInfo()",
      "right" : "public Collection<NameInfo> getAllNameInfo()",
      "info" : "MethodDeclaration[5918-6169]:MethodDeclaration[5918-6169]"
    }, {
      "left" : "private NameInfo getNameInfoForName(String name, SymbolType type)",
      "right" : "private NameInfo getNameInfoForName(String name, SymbolType type)",
      "info" : "MethodDeclaration[6173-6761]:MethodDeclaration[6173-6761]"
    }, {
      "left" : "class : ProcessProperties",
      "right" : "class : ProcessProperties",
      "info" : "TypeDeclaration[6765-15033]:TypeDeclaration[6765-15085]"
    }, {
      "left" : "symbolStack",
      "right" : "symbolStack",
      "info" : "FieldDeclaration[6843-6909]:FieldDeclaration[6843-6909]"
    }, {
      "left" : "private ProcessProperties()",
      "right" : "private ProcessProperties()",
      "info" : "MethodDeclaration[6915-7003]:MethodDeclaration[6915-7003]"
    }, {
      "left" : "public void enterScope(NodeTraversal t)",
      "right" : "public void enterScope(NodeTraversal t)",
      "info" : "MethodDeclaration[7009-7117]:MethodDeclaration[7009-7117]"
    }, {
      "left" : "public void exitScope(NodeTraversal t)",
      "right" : "public void exitScope(NodeTraversal t)",
      "info" : "MethodDeclaration[7123-7184]:MethodDeclaration[7123-7184]"
    }, {
      "left" : "public boolean shouldTraverse(NodeTraversal t, Node n, Node parent)",
      "right" : "public boolean shouldTraverse(NodeTraversal t, Node n, Node parent)",
      "info" : "MethodDeclaration[7190-7861]:MethodDeclaration[7190-7861]"
    }, {
      "left" : "public void visit(NodeTraversal t, Node n, Node parent)",
      "right" : "public void visit(NodeTraversal t, Node n, Node parent)",
      "info" : "MethodDeclaration[7867-10674]:MethodDeclaration[7867-10674]"
    }, {
      "left" : "private void addSymbolUse(String name, JSModule module, SymbolType type)",
      "right" : "private void addSymbolUse(String name, JSModule module, SymbolType type)",
      "info" : "MethodDeclaration[10680-11170]:MethodDeclaration[10680-11170]"
    }, {
      "left" : "private boolean isGlobalFunctionDeclaration(NodeTraversal t, Node n)",
      "right" : "private boolean isGlobalFunctionDeclaration(NodeTraversal t, Node n)",
      "info" : "MethodDeclaration[11176-11543]:MethodDeclaration[11176-11543]"
    }, {
      "left" : "private boolean isPrototypePropertyAssign(Node assign)",
      "right" : "private boolean isPrototypePropertyAssign(Node assign)",
      "info" : "MethodDeclaration[11549-12221]:MethodDeclaration[11549-12273]"
    }, {
      "left" : "private boolean processGlobalFunctionDeclaration(NodeTraversal t,\n        Node nameNode, Node parent, Node gramps)",
      "right" : "private boolean processGlobalFunctionDeclaration(NodeTraversal t,\n        Node nameNode, Node parent, Node gramps)",
      "info" : "MethodDeclaration[12227-13290]:MethodDeclaration[12279-13342]"
    }, {
      "left" : "private void processPrototypeParent(NodeTraversal t, Node n)",
      "right" : "private void processPrototypeParent(NodeTraversal t, Node n)",
      "info" : "MethodDeclaration[13296-14848]:MethodDeclaration[13348-14900]"
    }, {
      "left" : "private void addGlobalUseOfSymbol(String name, JSModule module,\n        SymbolType type)",
      "right" : "private void addGlobalUseOfSymbol(String name, JSModule module,\n        SymbolType type)",
      "info" : "MethodDeclaration[14854-15029]:MethodDeclaration[14906-15081]"
    }, {
      "left" : "class : ProcessExternProperties",
      "right" : "class : ProcessExternProperties",
      "info" : "TypeDeclaration[15037-15358]:TypeDeclaration[15089-15410]"
    }, {
      "left" : "public void visit(NodeTraversal t, Node n, Node parent)",
      "right" : "public void visit(NodeTraversal t, Node n, Node parent)",
      "info" : "MethodDeclaration[15115-15354]:MethodDeclaration[15167-15406]"
    }, {
      "left" : "class : PropagateReferences",
      "right" : "class : PropagateReferences",
      "info" : "TypeDeclaration[15362-15876]:TypeDeclaration[15414-15928]"
    }, {
      "left" : "public boolean traverseEdge(NameInfo start, JSModule edge, NameInfo dest)",
      "right" : "public boolean traverseEdge(NameInfo start, JSModule edge, NameInfo dest)",
      "info" : "MethodDeclaration[15452-15872]:MethodDeclaration[15504-15924]"
    }, {
      "left" : "interface : Symbol",
      "right" : "interface : Symbol",
      "info" : "TypeDeclaration[16061-16307]:TypeDeclaration[16113-16359]"
    }, {
      "left" : "void remove();",
      "right" : "void remove();",
      "info" : "MethodDeclaration[16140-16214]:MethodDeclaration[16192-16266]"
    }, {
      "left" : "JSModule getModule();",
      "right" : "JSModule getModule();",
      "info" : "MethodDeclaration[16220-16303]:MethodDeclaration[16272-16355]"
    }, {
      "left" : "class : GlobalFunction",
      "right" : "class : GlobalFunction",
      "info" : "TypeDeclaration[16367-17558]:TypeDeclaration[16419-17610]"
    }, {
      "left" : "nameNode",
      "right" : "nameNode",
      "info" : "FieldDeclaration[16499-16527]:FieldDeclaration[16551-16579]"
    }, {
      "left" : "module",
      "right" : "module",
      "info" : "FieldDeclaration[16532-16562]:FieldDeclaration[16584-16614]"
    }, {
      "left" : "GlobalFunction(Node nameNode, Node parent, Node gramps, JSModule module)",
      "right" : "GlobalFunction(Node nameNode, Node parent, Node gramps, JSModule module)",
      "info" : "MethodDeclaration[16568-16834]:MethodDeclaration[16620-16886]"
    }, {
      "left" : "public void remove()",
      "right" : "public void remove()",
      "info" : "MethodDeclaration[16840-17180]:MethodDeclaration[16892-17232]"
    }, {
      "left" : "public JSModule getModule()",
      "right" : "public JSModule getModule()",
      "info" : "MethodDeclaration[17186-17256]:MethodDeclaration[17238-17308]"
    }, {
      "left" : "public Node getFunctionNode()",
      "right" : "public Node getFunctionNode()",
      "info" : "MethodDeclaration[17262-17554]:MethodDeclaration[17314-17606]"
    }, {
      "left" : "interface : Property",
      "right" : "interface : Property",
      "info" : "TypeDeclaration[17562-17931]:TypeDeclaration[17614-17983]"
    }, {
      "left" : "Node getPrototype();",
      "right" : "Node getPrototype();",
      "info" : "MethodDeclaration[17772-17858]:MethodDeclaration[17824-17910]"
    }, {
      "left" : "Node getValue();",
      "right" : "Node getValue();",
      "info" : "MethodDeclaration[17864-17927]:MethodDeclaration[17916-17979]"
    }, {
      "left" : "class : AssignmentProperty",
      "right" : "class : AssignmentProperty",
      "info" : "TypeDeclaration[17935-18848]:TypeDeclaration[17987-18900]"
    }, {
      "left" : "exprNode",
      "right" : "exprNode",
      "info" : "FieldDeclaration[18140-18168]:FieldDeclaration[18192-18220]"
    }, {
      "left" : "module",
      "right" : "module",
      "info" : "FieldDeclaration[18173-18203]:FieldDeclaration[18225-18255]"
    }, {
      "left" : "AssignmentProperty(Node node, JSModule module)",
      "right" : "AssignmentProperty(Node node, JSModule module)",
      "info" : "MethodDeclaration[18209-18368]:MethodDeclaration[18261-18420]"
    }, {
      "left" : "public void remove()",
      "right" : "public void remove()",
      "info" : "MethodDeclaration[18374-18476]:MethodDeclaration[18426-18528]"
    }, {
      "left" : "public Node getPrototype()",
      "right" : "public Node getPrototype()",
      "info" : "MethodDeclaration[18482-18592]:MethodDeclaration[18534-18644]"
    }, {
      "left" : "public Node getValue()",
      "right" : "public Node getValue()",
      "info" : "MethodDeclaration[18598-18687]:MethodDeclaration[18650-18739]"
    }, {
      "left" : "private Node getAssignNode()",
      "right" : "private Node getAssignNode()",
      "info" : "MethodDeclaration[18693-18768]:MethodDeclaration[18745-18820]"
    }, {
      "left" : "public JSModule getModule()",
      "right" : "public JSModule getModule()",
      "info" : "MethodDeclaration[18774-18844]:MethodDeclaration[18826-18896]"
    }, {
      "left" : "class : LiteralProperty",
      "right" : "class : LiteralProperty",
      "info" : "TypeDeclaration[18852-19745]:TypeDeclaration[18904-19797]"
    }, {
      "left" : "key",
      "right" : "key",
      "info" : "FieldDeclaration[19056-19079]:FieldDeclaration[19108-19131]"
    }, {
      "left" : "value",
      "right" : "value",
      "info" : "FieldDeclaration[19084-19109]:FieldDeclaration[19136-19161]"
    }, {
      "left" : "map",
      "right" : "map",
      "info" : "FieldDeclaration[19114-19137]:FieldDeclaration[19166-19189]"
    }, {
      "left" : "assign",
      "right" : "assign",
      "info" : "FieldDeclaration[19142-19168]:FieldDeclaration[19194-19220]"
    }, {
      "left" : "module",
      "right" : "module",
      "info" : "FieldDeclaration[19173-19203]:FieldDeclaration[19225-19255]"
    }, {
      "left" : "LiteralProperty(Node key, Node value, Node map, Node assign,\n        JSModule module)",
      "right" : "LiteralProperty(Node key, Node value, Node map, Node assign,\n        JSModule module)",
      "info" : "MethodDeclaration[19209-19428]:MethodDeclaration[19261-19480]"
    }, {
      "left" : "public void remove()",
      "right" : "public void remove()",
      "info" : "MethodDeclaration[19434-19504]:MethodDeclaration[19486-19556]"
    }, {
      "left" : "public Node getPrototype()",
      "right" : "public Node getPrototype()",
      "info" : "MethodDeclaration[19510-19595]:MethodDeclaration[19562-19647]"
    }, {
      "left" : "public Node getValue()",
      "right" : "public Node getValue()",
      "info" : "MethodDeclaration[19601-19665]:MethodDeclaration[19653-19717]"
    }, {
      "left" : "public JSModule getModule()",
      "right" : "public JSModule getModule()",
      "info" : "MethodDeclaration[19671-19741]:MethodDeclaration[19723-19793]"
    }, {
      "left" : "class : NameContext",
      "right" : "class : NameContext",
      "info" : "TypeDeclaration[19749-20024]:TypeDeclaration[19801-20076]"
    }, {
      "left" : "name",
      "right" : "name",
      "info" : "FieldDeclaration[19920-19940]:FieldDeclaration[19972-19992]"
    }, {
      "left" : "scope",
      "right" : "scope",
      "info" : "FieldDeclaration[19945-19957]:FieldDeclaration[19997-20009]"
    }, {
      "left" : "NameContext(NameInfo name)",
      "right" : "NameContext(NameInfo name)",
      "info" : "MethodDeclaration[19962-20020]:MethodDeclaration[20014-20072]"
    }, {
      "left" : "class : NameInfo",
      "right" : "class : NameInfo",
      "info" : "TypeDeclaration[20028-22380]:TypeDeclaration[20080-22432]"
    }, {
      "left" : "name",
      "right" : "name",
      "info" : "FieldDeclaration[20134-20152]:FieldDeclaration[20186-20204]"
    }, {
      "left" : "referenced",
      "right" : "referenced",
      "info" : "FieldDeclaration[20158-20193]:FieldDeclaration[20210-20245]"
    }, {
      "left" : "declarations",
      "right" : "declarations",
      "info" : "FieldDeclaration[20198-20266]:FieldDeclaration[20250-20318]"
    }, {
      "left" : "deepestCommonModuleRef",
      "right" : "deepestCommonModuleRef",
      "info" : "FieldDeclaration[20271-20318]:FieldDeclaration[20323-20370]"
    }, {
      "left" : "readClosureVariables",
      "right" : "readClosureVariables",
      "info" : "FieldDeclaration[20446-20491]:FieldDeclaration[20498-20543]"
    }, {
      "left" : "NameInfo(String name)",
      "right" : "NameInfo(String name)",
      "info" : "MethodDeclaration[20497-20735]:MethodDeclaration[20549-20787]"
    }, {
      "left" : "public String toString()",
      "right" : "public String toString()",
      "info" : "MethodDeclaration[20741-20792]:MethodDeclaration[20793-20844]"
    }, {
      "left" : "boolean isReferenced()",
      "right" : "boolean isReferenced()",
      "info" : "MethodDeclaration[20798-20931]:MethodDeclaration[20850-20983]"
    }, {
      "left" : "boolean readsClosureVariables()",
      "right" : "boolean readsClosureVariables()",
      "info" : "MethodDeclaration[20937-21070]:MethodDeclaration[20989-21122]"
    }, {
      "left" : "boolean markReference(JSModule module)",
      "right" : "boolean markReference(JSModule module)",
      "info" : "MethodDeclaration[21076-21988]:MethodDeclaration[21128-22040]"
    }, {
      "left" : "JSModule getDeepestCommonModuleRef()",
      "right" : "JSModule getDeepestCommonModuleRef()",
      "info" : "MethodDeclaration[21994-22179]:MethodDeclaration[22046-22231]"
    }, {
      "left" : "Deque<Symbol> getDeclarations()",
      "right" : "Deque<Symbol> getDeclarations()",
      "info" : "MethodDeclaration[22185-22376]:MethodDeclaration[22237-22428]"
    } ],
    "mappings" : [
 {
      "left" : "class",
      "right" : "class",
      "info" : "TYPE_DECLARATION_KIND[1871-1876]:TYPE_DECLARATION_KIND[1871-1876]"
    }, {
      "left" : "AnalyzePrototypeProperties",
      "right" : "AnalyzePrototypeProperties",
      "info" : "SimpleName[1877-1903]:SimpleName[1877-1903]"
    }, {
      "left" : "CompilerPass",
      "right" : "CompilerPass",
      "info" : "SimpleType[1915-1927]:SimpleType[1915-1927]"
    }, {
      "left" : "AnalyzePrototypeProperties",
      "right" : "AnalyzePrototypeProperties",
      "info" : "SimpleName[4481-4507]:SimpleName[4481-4507]"
    }, {
      "left" : "AbstractCompiler compiler",
      "right" : "AbstractCompiler compiler",
      "info" : "SingleVariableDeclaration[4508-4533]:SingleVariableDeclaration[4508-4533]"
    }, {
      "left" : "JSModuleGraph moduleGraph",
      "right" : "JSModuleGraph moduleGraph",
      "info" : "SingleVariableDeclaration[4541-4566]:SingleVariableDeclaration[4541-4566]"
    }, {
      "left" : "boolean canModifyExterns",
      "right" : "boolean canModifyExterns",
      "info" : "SingleVariableDeclaration[4568-4592]:SingleVariableDeclaration[4568-4592]"
    }, {
      "left" : "boolean anchorUnusedVars",
      "right" : "boolean anchorUnusedVars",
      "info" : "SingleVariableDeclaration[4600-4624]:SingleVariableDeclaration[4600-4624]"
    }, {
      "left" : "{}",
      "right" : "{}",
      "info" : "Block[4626-5444]:Block[4626-5444]"
    }, {
      "left" : "this.compiler = compiler;",
      "right" : "this.compiler = compiler;",
      "info" : "ExpressionStatement[4632-4657]:ExpressionStatement[4632-4657]"
    }, {
      "left" : "this.moduleGraph = moduleGraph;",
      "right" : "this.moduleGraph = moduleGraph;",
      "info" : "ExpressionStatement[4662-4693]:ExpressionStatement[4662-4693]"
    }, {
      "left" : "this.canModifyExterns = canModifyExterns;",
      "right" : "this.canModifyExterns = canModifyExterns;",
      "info" : "ExpressionStatement[4698-4739]:ExpressionStatement[4698-4739]"
    }, {
      "left" : "this.anchorUnusedVars = anchorUnusedVars;",
      "right" : "this.anchorUnusedVars = anchorUnusedVars;",
      "info" : "ExpressionStatement[4744-4785]:ExpressionStatement[4744-4785]"
    }, {
      "left" : "if (moduleGraph != null)",
      "right" : "if (moduleGraph != null)",
      "info" : "IfStatement[4791-4911]:IfStatement[4791-4911]"
    }, {
      "left" : "{}",
      "right" : "{}",
      "info" : "Block[4816-4872]:Block[4816-4872]"
    }, {
      "left" : "firstModule = moduleGraph.getRootModule();",
      "right" : "firstModule = moduleGraph.getRootModule();",
      "info" : "ExpressionStatement[4824-4866]:ExpressionStatement[4824-4866]"
    }, {
      "left" : "{}",
      "right" : "{}",
      "info" : "Block[4878-4911]:Block[4878-4911]"
    }, {
      "left" : "firstModule = null;",
      "right" : "firstModule = null;",
      "info" : "ExpressionStatement[4886-4905]:ExpressionStatement[4886-4905]"
    }, {
      "left" : "globalNode.markReference(null);",
      "right" : "globalNode.markReference(null);",
      "info" : "ExpressionStatement[4917-4948]:ExpressionStatement[4917-4948]"
    }, {
      "left" : "externNode.markReference(null);",
      "right" : "externNode.markReference(null);",
      "info" : "ExpressionStatement[4953-4984]:ExpressionStatement[4953-4984]"
    }, {
      "left" : "symbolGraph.createNode(globalNode);",
      "right" : "symbolGraph.createNode(globalNode);",
      "info" : "ExpressionStatement[4989-5024]:ExpressionStatement[4989-5024]"
    }, {
      "left" : "symbolGraph.createNode(externNode);",
      "right" : "symbolGraph.createNode(externNode);",
      "info" : "ExpressionStatement[5029-5064]:ExpressionStatement[5029-5064]"
    }, {
      "left" : "for (String property : IMPLICITLY_USED_PROPERTIES)",
      "right" : "for (String property : IMPLICITLY_USED_PROPERTIES)",
      "info" : "EnhancedForStatement[5070-5440]:EnhancedForStatement[5070-5440]"
    }, {
      "left" : "{}",
      "right" : "{}",
      "info" : "Block[5121-5440]:Block[5121-5440]"
    }, {
      "left" : "NameInfo nameInfo = getNameInfoForName(property, PROPERTY);",
      "right" : "NameInfo nameInfo = getNameInfoForName(property, PROPERTY);",
      "info" : "VariableDeclarationStatement[5129-5188]:VariableDeclarationStatement[5129-5188]"
    }, {
      "left" : "if (moduleGraph == null)",
      "right" : "if (moduleGraph == null)",
      "info" : "IfStatement[5195-5434]:IfStatement[5195-5434]"
    }, {
      "left" : "{}",
      "right" : "{}",
      "info" : "Block[5220-5286]:Block[5220-5286]"
    }, {
      "left" : "symbolGraph.connect(externNode, null, nameInfo);",
      "right" : "symbolGraph.connect(externNode, null, nameInfo);",
      "info" : "ExpressionStatement[5230-5278]:ExpressionStatement[5230-5278]"
    }, {
      "left" : "{}",
      "right" : "{}",
      "info" : "Block[5292-5434]:Block[5292-5434]"
    }, {
      "left" : "for (JSModule module : moduleGraph.getAllModules())",
      "right" : "for (JSModule module : moduleGraph.getAllModules())",
      "info" : "EnhancedForStatement[5302-5426]:EnhancedForStatement[5302-5426]"
    }, {
      "left" : "{}",
      "right" : "{}",
      "info" : "Block[5354-5426]:Block[5354-5426]"
    }, {
      "left" : "symbolGraph.connect(externNode, module, nameInfo);",
      "right" : "symbolGraph.connect(externNode, module, nameInfo);",
      "info" : "ExpressionStatement[5366-5416]:ExpressionStatement[5366-5416]"
    }, {
      "left" : "public",
      "right" : "public",
      "info" : "Modifier[5448-5454]:Modifier[5448-5454]"
    }, {
      "left" : "void",
      "right" : "void",
      "info" : "PrimitiveType[5455-5459]:PrimitiveType[5455-5459]"
    }, {
      "left" : "process",
      "right" : "process",
      "info" : "SimpleName[5460-5467]:SimpleName[5460-5467]"
    }, {
      "left" : "Node externRoot",
      "right" : "Node externRoot",
      "info" : "SingleVariableDeclaration[5468-5483]:SingleVariableDeclaration[5468-5483]"
    }, {
      "left" : "Node root",
      "right" : "Node root",
      "info" : "SingleVariableDeclaration[5485-5494]:SingleVariableDeclaration[5485-5494]"
    }, {
      "left" : "{}",
      "right" : "{}",
      "info" : "Block[5496-5914]:Block[5496-5914]"
    }, {
      "left" : "if (!canModifyExterns)",
      "right" : "if (!canModifyExterns)",
      "info" : "IfStatement[5502-5625]:IfStatement[5502-5625]"
    }, {
      "left" : "{}",
      "right" : "{}",
      "info" : "Block[5525-5625]:Block[5525-5625]"
    }, {
      "left" : "NodeTraversal.traverse(compiler, externRoot,\n          new ProcessExternProperties());",
      "right" : "NodeTraversal.traverse(compiler, externRoot,\n          new ProcessExternProperties());",
      "info" : "ExpressionStatement[5533-5619]:ExpressionStatement[5533-5619]"
    }, {
      "left" : "NodeTraversal.traverse(compiler, root, new ProcessProperties());",
      "right" : "NodeTraversal.traverse(compiler, root, new ProcessProperties());",
      "info" : "ExpressionStatement[5631-5695]:ExpressionStatement[5631-5695]"
    }, {
      "left" : "FixedPointGraphTraversal<NameInfo, JSModule> t =\n        FixedPointGraphTraversal.newTraversal(new PropagateReferences());",
      "right" : "FixedPointGraphTraversal<NameInfo, JSModule> t =\n        FixedPointGraphTraversal.newTraversal(new PropagateReferences());",
      "info" : "VariableDeclarationStatement[5701-5823]:VariableDeclarationStatement[5701-5823]"
    }, {
      "left" : "t.computeFixedPoint(symbolGraph,\n        Sets.newHashSet(externNode, globalNode));",
      "right" : "t.computeFixedPoint(symbolGraph,\n        Sets.newHashSet(externNode, globalNode));",
      "info" : "ExpressionStatement[5828-5910]:ExpressionStatement[5828-5910]"
    }, {
      "left" : "public",
      "right" : "public",
      "info" : "Modifier[5984-5990]:Modifier[5984-5990]"
    }, {
      "left" : "Collection<NameInfo>",
      "right" : "Collection<NameInfo>",
      "info" : "ParameterizedType[5991-6011]:ParameterizedType[5991-6011]"
    }, {
      "left" : "getAllNameInfo",
      "right" : "getAllNameInfo",
      "info" : "SimpleName[6012-6026]:SimpleName[6012-6026]"
    }, {
      "left" : "{}",
      "right" : "{}",
      "info" : "Block[6029-6169]:Block[6029-6169]"
    }, {
      "left" : "List<NameInfo> result = Lists.newArrayList(propertyNameInfo.values());",
      "right" : "List<NameInfo> result = Lists.newArrayList(propertyNameInfo.values());",
      "info" : "VariableDeclarationStatement[6035-6105]:VariableDeclarationStatement[6035-6105]"
    }, {
      "left" : "result.addAll(varNameInfo.values());",
      "right" : "result.addAll(varNameInfo.values());",
      "info" : "ExpressionStatement[6110-6146]:ExpressionStatement[6110-6146]"
    }, {
      "left" : "return result;",
      "right" : "return result;",
      "info" : "ReturnStatement[6151-6165]:ReturnStatement[6151-6165]"
    }, {
      "left" : "private",
      "right" : "private",
      "info" : "Modifier[6379-6386]:Modifier[6379-6386]"
    }, {
      "left" : "NameInfo",
      "right" : "NameInfo",
      "info" : "SimpleType[6387-6395]:SimpleType[6387-6395]"
    }, {
      "left" : "getNameInfoForName",
      "right" : "getNameInfoForName",
      "info" : "SimpleName[6396-6414]:SimpleName[6396-6414]"
    }, {
      "left" : "String name",
      "right" : "String name",
      "info" : "SingleVariableDeclaration[6415-6426]:SingleVariableDeclaration[6415-6426]"
    }, {
      "left" : "SymbolType type",
      "right" : "SymbolType type",
      "info" : "SingleVariableDeclaration[6428-6443]:SingleVariableDeclaration[6428-6443]"
    }, {
      "left" : "{}",
      "right" : "{}",
      "info" : "Block[6445-6761]:Block[6445-6761]"
    }, {
      "left" : "Map<String, NameInfo> map = type == PROPERTY ?\n        propertyNameInfo : varNameInfo;",
      "right" : "Map<String, NameInfo> map = type == PROPERTY ?\n        propertyNameInfo : varNameInfo;",
      "info" : "VariableDeclarationStatement[6451-6537]:VariableDeclarationStatement[6451-6537]"
    }, {
      "left" : "if (map.containsKey(name))",
      "right" : "if (map.containsKey(name))",
      "info" : "IfStatement[6542-6757]:IfStatement[6542-6757]"
    }, {
      "left" : "{}",
      "right" : "{}",
      "info" : "Block[6569-6604]:Block[6569-6604]"
    }, {
      "left" : "return map.get(name);",
      "right" : "return map.get(name);",
      "info" : "ReturnStatement[6577-6598]:ReturnStatement[6577-6598]"
    }, {
      "left" : "{}",
      "right" : "{}",
      "info" : "Block[6610-6757]:Block[6610-6757]"
    }, {
      "left" : "NameInfo nameInfo = new NameInfo(name);",
      "right" : "NameInfo nameInfo = new NameInfo(name);",
      "info" : "VariableDeclarationStatement[6618-6657]:VariableDeclarationStatement[6618-6657]"
    }, {
      "left" : "map.put(name, nameInfo);",
      "right" : "map.put(name, nameInfo);",
      "info" : "ExpressionStatement[6664-6688]:ExpressionStatement[6664-6688]"
    }, {
      "left" : "symbolGraph.createNode(nameInfo);",
      "right" : "symbolGraph.createNode(nameInfo);",
      "info" : "ExpressionStatement[6695-6728]:ExpressionStatement[6695-6728]"
    }, {
      "left" : "return nameInfo;",
      "right" : "return nameInfo;",
      "info" : "ReturnStatement[6735-6751]:ReturnStatement[6735-6751]"
    }, {
      "left" : "private",
      "right" : "private",
      "info" : "Modifier[6765-6772]:Modifier[6765-6772]"
    }, {
      "left" : "class",
      "right" : "class",
      "info" : "TYPE_DECLARATION_KIND[6773-6778]:TYPE_DECLARATION_KIND[6773-6778]"
    }, {
      "left" : "ProcessProperties",
      "right" : "ProcessProperties",
      "info" : "SimpleName[6779-6796]:SimpleName[6779-6796]"
    }, {
      "left" : "NodeTraversal.ScopedCallback",
      "right" : "NodeTraversal.ScopedCallback",
      "info" : "SimpleType[6808-6836]:SimpleType[6808-6836]"
    }, {
      "left" : "private",
      "right" : "private",
      "info" : "Modifier[6915-6922]:Modifier[6915-6922]"
    }, {
      "left" : "ProcessProperties",
      "right" : "ProcessProperties",
      "info" : "SimpleName[6923-6940]:SimpleName[6923-6940]"
    }, {
      "left" : "{}",
      "right" : "{}",
      "info" : "Block[6943-7003]:Block[6943-7003]"
    }, {
      "left" : "symbolStack.push(new NameContext(globalNode));",
      "right" : "symbolStack.push(new NameContext(globalNode));",
      "info" : "ExpressionStatement[6951-6997]:ExpressionStatement[6951-6997]"
    }, {
      "left" : "@Override",
      "right" : "@Override",
      "info" : "MarkerAnnotation[7009-7018]:MarkerAnnotation[7009-7018]"
    }, {
      "left" : "public",
      "right" : "public",
      "info" : "Modifier[7023-7029]:Modifier[7023-7029]"
    }, {
      "left" : "void",
      "right" : "void",
      "info" : "PrimitiveType[7030-7034]:PrimitiveType[7030-7034]"
    }, {
      "left" : "enterScope",
      "right" : "enterScope",
      "info" : "SimpleName[7035-7045]:SimpleName[7035-7045]"
    }, {
      "left" : "NodeTraversal t",
      "right" : "NodeTraversal t",
      "info" : "SingleVariableDeclaration[7046-7061]:SingleVariableDeclaration[7046-7061]"
    }, {
      "left" : "{}",
      "right" : "{}",
      "info" : "Block[7063-7117]:Block[7063-7117]"
    }, {
      "left" : "symbolStack.peek().scope = t.getScope();",
      "right" : "symbolStack.peek().scope = t.getScope();",
      "info" : "ExpressionStatement[7071-7111]:ExpressionStatement[7071-7111]"
    }, {
      "left" : "@Override",
      "right" : "@Override",
      "info" : "MarkerAnnotation[7123-7132]:MarkerAnnotation[7123-7132]"
    }, {
      "left" : "public",
      "right" : "public",
      "info" : "Modifier[7137-7143]:Modifier[7137-7143]"
    }, {
      "left" : "void",
      "right" : "void",
      "info" : "PrimitiveType[7144-7148]:PrimitiveType[7144-7148]"
    }, {
      "left" : "exitScope",
      "right" : "exitScope",
      "info" : "SimpleName[7149-7158]:SimpleName[7149-7158]"
    }, {
      "left" : "NodeTraversal t",
      "right" : "NodeTraversal t",
      "info" : "SingleVariableDeclaration[7159-7174]:SingleVariableDeclaration[7159-7174]"
    }, {
      "left" : "{}",
      "right" : "{}",
      "info" : "Block[7176-7184]:Block[7176-7184]"
    }, {
      "left" : "public",
      "right" : "public",
      "info" : "Modifier[7190-7196]:Modifier[7190-7196]"
    }, {
      "left" : "boolean",
      "right" : "boolean",
      "info" : "PrimitiveType[7197-7204]:PrimitiveType[7197-7204]"
    }, {
      "left" : "shouldTraverse",
      "right" : "shouldTraverse",
      "info" : "SimpleName[7205-7219]:SimpleName[7205-7219]"
    }, {
      "left" : "NodeTraversal t",
      "right" : "NodeTraversal t",
      "info" : "SingleVariableDeclaration[7220-7235]:SingleVariableDeclaration[7220-7235]"
    }, {
      "left" : "Node n",
      "right" : "Node n",
      "info" : "SingleVariableDeclaration[7237-7243]:SingleVariableDeclaration[7237-7243]"
    }, {
      "left" : "Node parent",
      "right" : "Node parent",
      "info" : "SingleVariableDeclaration[7245-7256]:SingleVariableDeclaration[7245-7256]"
    }, {
      "left" : "{}",
      "right" : "{}",
      "info" : "Block[7258-7861]:Block[7258-7861]"
    }, {
      "left" : "if (isPrototypePropertyAssign(n))",
      "right" : "if (isPrototypePropertyAssign(n))",
      "info" : "IfStatement[7266-7836]:IfStatement[7266-7836]"
    }, {
      "left" : "{}",
      "right" : "{}",
      "info" : "Block[7300-7445]:Block[7300-7445]"
    }, {
      "left" : "symbolStack.push(new NameContext(getNameInfoForName(\n                n.getFirstChild().getLastChild().getString(), PROPERTY)));",
      "right" : "symbolStack.push(new NameContext(getNameInfoForName(\n                n.getFirstChild().getLastChild().getString(), PROPERTY)));",
      "info" : "ExpressionStatement[7310-7437]:ExpressionStatement[7310-7437]"
    }, {
      "left" : "if (isGlobalFunctionDeclaration(t, n))",
      "right" : "if (isGlobalFunctionDeclaration(t, n))",
      "info" : "IfStatement[7451-7836]:IfStatement[7451-7836]"
    }, {
      "left" : "{}",
      "right" : "{}",
      "info" : "Block[7490-7735]:Block[7490-7735]"
    }, {
      "left" : "String name = parent.getType() == Token.NAME ?\n            parent.getString() /* VAR */ :\n            n.getFirstChild().getString() /* named function */;",
      "right" : "String name = parent.getType() == Token.NAME ?\n            parent.getString() /* VAR */ :\n            n.getFirstChild().getString() /* named function */;",
      "info" : "VariableDeclarationStatement[7500-7653]:VariableDeclarationStatement[7500-7653]"
    }, {
      "left" : "symbolStack.push(new NameContext(getNameInfoForName(name, VAR)));",
      "right" : "symbolStack.push(new NameContext(getNameInfoForName(name, VAR)));",
      "info" : "ExpressionStatement[7662-7727]:ExpressionStatement[7662-7727]"
    }, {
      "left" : "if (NodeUtil.isFunction(n))",
      "right" : "if (NodeUtil.isFunction(n))",
      "info" : "IfStatement[7741-7836]:IfStatement[7741-7836]"
    }, {
      "left" : "{}",
      "right" : "{}",
      "info" : "Block[7769-7836]:Block[7769-7836]"
    }, {
      "left" : "symbolStack.push(new NameContext(anonymousNode));",
      "right" : "symbolStack.push(new NameContext(anonymousNode));",
      "info" : "ExpressionStatement[7779-7828]:ExpressionStatement[7779-7828]"
    }, {
      "left" : "return true;",
      "right" : "return true;",
      "info" : "ReturnStatement[7843-7855]:ReturnStatement[7843-7855]"
    }, {
      "left" : "public",
      "right" : "public",
      "info" : "Modifier[7867-7873]:Modifier[7867-7873]"
    }, {
      "left" : "void",
      "right" : "void",
      "info" : "PrimitiveType[7874-7878]:PrimitiveType[7874-7878]"
    }, {
      "left" : "visit",
      "right" : "visit",
      "info" : "SimpleName[7879-7884]:SimpleName[7879-7884]"
    }, {
      "left" : "NodeTraversal t",
      "right" : "NodeTraversal t",
      "info" : "SingleVariableDeclaration[7885-7900]:SingleVariableDeclaration[7885-7900]"
    }, {
      "left" : "Node n",
      "right" : "Node n",
      "info" : "SingleVariableDeclaration[7902-7908]:SingleVariableDeclaration[7902-7908]"
    }, {
      "left" : "Node parent",
      "right" : "Node parent",
      "info" : "SingleVariableDeclaration[7910-7921]:SingleVariableDeclaration[7910-7921]"
    }, {
      "left" : "{}",
      "right" : "{}",
      "info" : "Block[7923-10674]:Block[7923-10674]"
    }, {
      "left" : "if (n.getType() == Token.GETPROP)",
      "right" : "if (n.getType() == Token.GETPROP)",
      "info" : "IfStatement[7931-10507]:IfStatement[7931-10507]"
    }, {
      "left" : "{}",
      "right" : "{}",
      "info" : "Block[7965-8357]:Block[7965-8357]"
    }, {
      "left" : "String propName = n.getFirstChild().getNext().getString();",
      "right" : "String propName = n.getFirstChild().getNext().getString();",
      "info" : "VariableDeclarationStatement[7975-8033]:VariableDeclarationStatement[7975-8033]"
    }, {
      "left" : "if (propName.equals(\"prototype\"))",
      "right" : "if (propName.equals(\"prototype\"))",
      "info" : "IfStatement[8042-8349]:IfStatement[8042-8349]"
    }, {
      "left" : "{}",
      "right" : "{}",
      "info" : "Block[8076-8132]:Block[8076-8132]"
    }, {
      "left" : "processPrototypeParent(t, parent);",
      "right" : "processPrototypeParent(t, parent);",
      "info" : "ExpressionStatement[8088-8122]:ExpressionStatement[8088-8122]"
    }, {
      "left" : "if (compiler.getCodingConvention().isExported(propName))",
      "right" : "if (compiler.getCodingConvention().isExported(propName))",
      "info" : "IfStatement[8138-8349]:IfStatement[8138-8349]"
    }, {
      "left" : "{}",
      "right" : "{}",
      "info" : "Block[8195-8273]:Block[8195-8273]"
    }, {
      "left" : "addGlobalUseOfSymbol(propName, t.getModule(), PROPERTY);",
      "right" : "addGlobalUseOfSymbol(propName, t.getModule(), PROPERTY);",
      "info" : "ExpressionStatement[8207-8263]:ExpressionStatement[8207-8263]"
    }, {
      "left" : "{}",
      "right" : "{}",
      "info" : "Block[8279-8349]:Block[8279-8349]"
    }, {
      "left" : "addSymbolUse(propName, t.getModule(), PROPERTY);",
      "right" : "addSymbolUse(propName, t.getModule(), PROPERTY);",
      "info" : "ExpressionStatement[8291-8339]:ExpressionStatement[8291-8339]"
    }, {
      "left" : "if (n.getType() == Token.OBJECTLIT &&\n          // Make sure that we're not handling object literals being\n          // assigned to a prototype, as in:\n          // Foo.prototype = {bar: 3, baz: 5};\n          !(parent.getType() == Token.ASSIGN &&\n            parent.getFirstChild().getType() == Token.GETPROP &&\n            parent.getFirstChild().getLastChild().getString().equals(\n                \"prototype\")))",
      "right" : "if (n.getType() == Token.OBJECTLIT &&\n          // Make sure that we're not handling object literals being\n          // assigned to a prototype, as in:\n          // Foo.prototype = {bar: 3, baz: 5};\n          !(parent.getType() == Token.ASSIGN &&\n            parent.getFirstChild().getType() == Token.GETPROP &&\n            parent.getFirstChild().getLastChild().getString().equals(\n                \"prototype\")))",
      "info" : "IfStatement[8363-10507]:IfStatement[8363-10507]"
    }, {
      "left" : "{}",
      "right" : "{}",
      "info" : "Block[8776-9217]:Block[8776-9217]"
    }, {
      "left" : "for (Node propNameNode = n.getFirstChild(); propNameNode != null;\n             propNameNode = propNameNode.getNext())",
      "right" : "for (Node propNameNode = n.getFirstChild(); propNameNode != null;\n             propNameNode = propNameNode.getNext())",
      "info" : "ForStatement[8872-9209]:ForStatement[8872-9209]"
    }, {
      "left" : "{}",
      "right" : "{}",
      "info" : "Block[8990-9209]:Block[8990-9209]"
    }, {
      "left" : "if (!propNameNode.isQuotedString())",
      "right" : "if (!propNameNode.isQuotedString())",
      "info" : "IfStatement[9073-9199]:IfStatement[9073-9199]"
    }, {
      "left" : "{}",
      "right" : "{}",
      "info" : "Block[9109-9199]:Block[9109-9199]"
    }, {
      "left" : "addSymbolUse(propNameNode.getString(), t.getModule(), PROPERTY);",
      "right" : "addSymbolUse(propNameNode.getString(), t.getModule(), PROPERTY);",
      "info" : "ExpressionStatement[9123-9187]:ExpressionStatement[9123-9187]"
    }, {
      "left" : "if (n.getType() == Token.NAME)",
      "right" : "if (n.getType() == Token.NAME)",
      "info" : "IfStatement[9223-10507]:IfStatement[9223-10507]"
    }, {
      "left" : "{}",
      "right" : "{}",
      "info" : "Block[9254-10507]:Block[9254-10507]"
    }, {
      "left" : "String name = n.getString();",
      "right" : "String name = n.getString();",
      "info" : "VariableDeclarationStatement[9264-9292]:VariableDeclarationStatement[9264-9292]"
    }, {
      "left" : "Var var = t.getScope().getVar(name);",
      "right" : "Var var = t.getScope().getVar(name);",
      "info" : "VariableDeclarationStatement[9302-9338]:VariableDeclarationStatement[9302-9338]"
    }, {
      "left" : "if (var != null)",
      "right" : "if (var != null)",
      "info" : "IfStatement[9347-10499]:IfStatement[9347-10499]"
    }, {
      "left" : "{}",
      "right" : "{}",
      "info" : "Block[9364-10499]:Block[9364-10499]"
    }, {
      "left" : "if (var.isGlobal())",
      "right" : "if (var.isGlobal())",
      "info" : "IfStatement[9420-10489]:IfStatement[9420-10489]"
    }, {
      "left" : "{}",
      "right" : "{}",
      "info" : "Block[9440-10153]:Block[9440-10153]"
    }, {
      "left" : "if (var.getInitialValue() != null &&\n                var.getInitialValue().getType() == Token.FUNCTION)",
      "right" : "if (var.getInitialValue() != null &&\n                var.getInitialValue().getType() == Token.FUNCTION)",
      "info" : "IfStatement[9454-9906]:IfStatement[9454-9906]"
    }, {
      "left" : "{}",
      "right" : "{}",
      "info" : "Block[9558-9906]:Block[9558-9906]"
    }, {
      "left" : "if (t.inGlobalScope())",
      "right" : "if (t.inGlobalScope())",
      "info" : "IfStatement[9574-9892]:IfStatement[9574-9892]"
    }, {
      "left" : "{}",
      "right" : "{}",
      "info" : "Block[9597-9813]:Block[9597-9813]"
    }, {
      "left" : "if (!processGlobalFunctionDeclaration(t, n, parent,\n                        parent.getParent()))",
      "right" : "if (!processGlobalFunctionDeclaration(t, n, parent,\n                        parent.getParent()))",
      "info" : "IfStatement[9615-9797]:IfStatement[9615-9797]"
    }, {
      "left" : "{}",
      "right" : "{}",
      "info" : "Block[9712-9797]:Block[9712-9797]"
    }, {
      "left" : "addGlobalUseOfSymbol(name, t.getModule(), VAR);",
      "right" : "addGlobalUseOfSymbol(name, t.getModule(), VAR);",
      "info" : "ExpressionStatement[9732-9779]:ExpressionStatement[9732-9779]"
    }, {
      "left" : "{}",
      "right" : "{}",
      "info" : "Block[9819-9892]:Block[9819-9892]"
    }, {
      "left" : "addSymbolUse(name, t.getModule(), VAR);",
      "right" : "addSymbolUse(name, t.getModule(), VAR);",
      "info" : "ExpressionStatement[9837-9876]:ExpressionStatement[9837-9876]"
    }, {
      "left" : "if (var.getScope() != t.getScope())",
      "right" : "if (var.getScope() != t.getScope())",
      "info" : "IfStatement[10159-10489]:IfStatement[10159-10489]"
    }, {
      "left" : "{}",
      "right" : "{}",
      "info" : "Block[10194-10489]:Block[10194-10489]"
    }, {
      "left" : "for (int i = symbolStack.size() - 1; i >= 0; i--)",
      "right" : "for (int i = symbolStack.size() - 1; i >= 0; i--)",
      "info" : "ForStatement[10208-10477]:ForStatement[10208-10477]"
    }, {
      "left" : "{}",
      "right" : "{}",
      "info" : "Block[10258-10477]:Block[10258-10477]"
    }, {
      "left" : "NameContext context = symbolStack.get(i);",
      "right" : "NameContext context = symbolStack.get(i);",
      "info" : "VariableDeclarationStatement[10274-10315]:VariableDeclarationStatement[10274-10315]"
    }, {
      "left" : "context.name.readClosureVariables = true;",
      "right" : "context.name.readClosureVariables = true;",
      "info" : "ExpressionStatement[10330-10371]:ExpressionStatement[10330-10371]"
    }, {
      "left" : "if (context.scope == var.getScope())",
      "right" : "if (context.scope == var.getScope())",
      "info" : "IfStatement[10386-10463]:IfStatement[10386-10463]"
    }, {
      "left" : "{}",
      "right" : "{}",
      "info" : "Block[10423-10463]:Block[10423-10463]"
    }, {
      "left" : "break;",
      "right" : "break;",
      "info" : "BreakStatement[10441-10447]:BreakStatement[10441-10447]"
    }, {
      "left" : "if (isPrototypePropertyAssign(n) ||\n          isGlobalFunctionDeclaration(t, n) ||\n          NodeUtil.isFunction(n))",
      "right" : "if (isPrototypePropertyAssign(n) ||\n          isGlobalFunctionDeclaration(t, n) ||\n          NodeUtil.isFunction(n))",
      "info" : "IfStatement[10515-10668]:IfStatement[10515-10668]"
    }, {
      "left" : "{}",
      "right" : "{}",
      "info" : "Block[10632-10668]:Block[10632-10668]"
    }, {
      "left" : "symbolStack.pop();",
      "right" : "symbolStack.pop();",
      "info" : "ExpressionStatement[10642-10660]:ExpressionStatement[10642-10660]"
    }, {
      "left" : "private",
      "right" : "private",
      "info" : "Modifier[10680-10687]:Modifier[10680-10687]"
    }, {
      "left" : "void",
      "right" : "void",
      "info" : "PrimitiveType[10688-10692]:PrimitiveType[10688-10692]"
    }, {
      "left" : "addSymbolUse",
      "right" : "addSymbolUse",
      "info" : "SimpleName[10693-10705]:SimpleName[10693-10705]"
    }, {
      "left" : "String name",
      "right" : "String name",
      "info" : "SingleVariableDeclaration[10706-10717]:SingleVariableDeclaration[10706-10717]"
    }, {
      "left" : "JSModule module",
      "right" : "JSModule module",
      "info" : "SingleVariableDeclaration[10719-10734]:SingleVariableDeclaration[10719-10734]"
    }, {
      "left" : "SymbolType type",
      "right" : "SymbolType type",
      "info" : "SingleVariableDeclaration[10736-10751]:SingleVariableDeclaration[10736-10751]"
    }, {
      "left" : "{}",
      "right" : "{}",
      "info" : "Block[10753-11170]:Block[10753-11170]"
    }, {
      "left" : "NameInfo info = getNameInfoForName(name, type);",
      "right" : "NameInfo info = getNameInfoForName(name, type);",
      "info" : "VariableDeclarationStatement[10761-10808]:VariableDeclarationStatement[10761-10808]"
    }, {
      "left" : "NameInfo def = null;",
      "right" : "NameInfo def = null;",
      "info" : "VariableDeclarationStatement[10815-10835]:VariableDeclarationStatement[10815-10835]"
    }, {
      "left" : "for (int i = symbolStack.size() - 1; i >= 0; i--)",
      "right" : "for (int i = symbolStack.size() - 1; i >= 0; i--)",
      "info" : "ForStatement[10916-11077]:ForStatement[10916-11077]"
    }, {
      "left" : "{}",
      "right" : "{}",
      "info" : "Block[10966-11077]:Block[10966-11077]"
    }, {
      "left" : "def = symbolStack.get(i).name;",
      "right" : "def = symbolStack.get(i).name;",
      "info" : "ExpressionStatement[10976-11006]:ExpressionStatement[10976-11006]"
    }, {
      "left" : "if (def != anonymousNode)",
      "right" : "if (def != anonymousNode)",
      "info" : "IfStatement[11015-11069]:IfStatement[11015-11069]"
    }, {
      "left" : "{}",
      "right" : "{}",
      "info" : "Block[11041-11069]:Block[11041-11069]"
    }, {
      "left" : "break;",
      "right" : "break;",
      "info" : "BreakStatement[11053-11059]:BreakStatement[11053-11059]"
    }, {
      "left" : "if (!def.equals(info))",
      "right" : "if (!def.equals(info))",
      "info" : "IfStatement[11084-11164]:IfStatement[11084-11164]"
    }, {
      "left" : "{}",
      "right" : "{}",
      "info" : "Block[11107-11164]:Block[11107-11164]"
    }, {
      "left" : "symbolGraph.connect(def, module, info);",
      "right" : "symbolGraph.connect(def, module, info);",
      "info" : "ExpressionStatement[11117-11156]:ExpressionStatement[11117-11156]"
    }, {
      "left" : "private",
      "right" : "private",
      "info" : "Modifier[11290-11297]:Modifier[11290-11297]"
    }, {
      "left" : "boolean",
      "right" : "boolean",
      "info" : "PrimitiveType[11298-11305]:PrimitiveType[11298-11305]"
    }, {
      "left" : "isGlobalFunctionDeclaration",
      "right" : "isGlobalFunctionDeclaration",
      "info" : "SimpleName[11306-11333]:SimpleName[11306-11333]"
    }, {
      "left" : "NodeTraversal t",
      "right" : "NodeTraversal t",
      "info" : "SingleVariableDeclaration[11334-11349]:SingleVariableDeclaration[11334-11349]"
    }, {
      "left" : "Node n",
      "right" : "Node n",
      "info" : "SingleVariableDeclaration[11351-11357]:SingleVariableDeclaration[11351-11357]"
    }, {
      "left" : "{}",
      "right" : "{}",
      "info" : "Block[11359-11543]:Block[11359-11543]"
    }, {
      "left" : "return t.inGlobalScope() &&\n          (NodeUtil.isFunctionDeclaration(n) ||\n           n.getType() == Token.FUNCTION &&\n           n.getParent().getType() == Token.NAME);",
      "right" : "return t.inGlobalScope() &&\n          (NodeUtil.isFunctionDeclaration(n) ||\n           n.getType() == Token.FUNCTION &&\n           n.getParent().getType() == Token.NAME);",
      "info" : "ReturnStatement[11367-11537]:ReturnStatement[11367-11537]"
    }, {
      "left" : "private",
      "right" : "private",
      "info" : "Modifier[11549-11556]:Modifier[11549-11556]"
    }, {
      "left" : "boolean",
      "right" : "boolean",
      "info" : "PrimitiveType[11557-11564]:PrimitiveType[11557-11564]"
    }, {
      "left" : "isPrototypePropertyAssign",
      "right" : "isPrototypePropertyAssign",
      "info" : "SimpleName[11565-11590]:SimpleName[11565-11590]"
    }, {
      "left" : "Node assign",
      "right" : "Node assign",
      "info" : "SingleVariableDeclaration[11591-11602]:SingleVariableDeclaration[11591-11602]"
    }, {
      "left" : "{}",
      "right" : "{}",
      "info" : "Block[11604-12221]:Block[11604-12273]"
    }, {
      "left" : "Node n = assign.getFirstChild();",
      "right" : "Node n = assign.getFirstChild();",
      "info" : "VariableDeclarationStatement[11612-11644]:VariableDeclarationStatement[11612-11644]"
    }, {
      "left" : "if (n != null && NodeUtil.isVarOrSimpleAssignLhs(n, assign)\n          && n.getType() == Token.GETPROP)",
      "right" : "if (n != null && NodeUtil.isVarOrSimpleAssignLhs(n, assign)\n          && n.getType() == Token.GETPROP\n          && assign.getParent().getType() == Token.EXPR_RESULT)",
      "info" : "IfStatement[11651-12194]:IfStatement[11651-12246]"
    }, {
      "left" : "n != null && NodeUtil.isVarOrSimpleAssignLhs(n, assign)\n          && n.getType() == Token.GETPROP",
      "right" : "n != null && NodeUtil.isVarOrSimpleAssignLhs(n, assign)\n          && n.getType() == Token.GETPROP",
      "info" : "InfixExpression[11655-11752]:InfixExpression[11655-11752]"
    }, {
      "left" : "{}",
      "right" : "{}",
      "info" : "Block[11765-12194]:Block[11817-12246]"
    }, {
      "left" : "boolean isChainedProperty =\n            n.getFirstChild().getType() == Token.GETPROP;",
      "right" : "boolean isChainedProperty =\n            n.getFirstChild().getType() == Token.GETPROP;",
      "info" : "VariableDeclarationStatement[11847-11932]:VariableDeclarationStatement[11899-11984]"
    }, {
      "left" : "if (isChainedProperty)",
      "right" : "if (isChainedProperty)",
      "info" : "IfStatement[11942-12186]:IfStatement[11994-12238]"
    }, {
      "left" : "{}",
      "right" : "{}",
      "info" : "Block[11965-12186]:Block[12017-12238]"
    }, {
      "left" : "Node child = n.getFirstChild().getFirstChild().getNext();",
      "right" : "Node child = n.getFirstChild().getFirstChild().getNext();",
      "info" : "VariableDeclarationStatement[11977-12034]:VariableDeclarationStatement[12029-12086]"
    }, {
      "left" : "if (child.getType() == Token.STRING &&\n              child.getString().equals(\"prototype\"))",
      "right" : "if (child.getType() == Token.STRING &&\n              child.getString().equals(\"prototype\"))",
      "info" : "IfStatement[12046-12176]:IfStatement[12098-12228]"
    }, {
      "left" : "{}",
      "right" : "{}",
      "info" : "Block[12138-12176]:Block[12190-12228]"
    }, {
      "left" : "return true;",
      "right" : "return true;",
      "info" : "ReturnStatement[12152-12164]:ReturnStatement[12204-12216]"
    }, {
      "left" : "return false;",
      "right" : "return false;",
      "info" : "ReturnStatement[12202-12215]:ReturnStatement[12254-12267]"
    }, {
      "left" : "private",
      "right" : "private",
      "info" : "Modifier[12387-12394]:Modifier[12439-12446]"
    }, {
      "left" : "boolean",
      "right" : "boolean",
      "info" : "PrimitiveType[12395-12402]:PrimitiveType[12447-12454]"
    }, {
      "left" : "processGlobalFunctionDeclaration",
      "right" : "processGlobalFunctionDeclaration",
      "info" : "SimpleName[12403-12435]:SimpleName[12455-12487]"
    }, {
      "left" : "NodeTraversal t",
      "right" : "NodeTraversal t",
      "info" : "SingleVariableDeclaration[12436-12451]:SingleVariableDeclaration[12488-12503]"
    }, {
      "left" : "Node nameNode",
      "right" : "Node nameNode",
      "info" : "SingleVariableDeclaration[12461-12474]:SingleVariableDeclaration[12513-12526]"
    }, {
      "left" : "Node parent",
      "right" : "Node parent",
      "info" : "SingleVariableDeclaration[12476-12487]:SingleVariableDeclaration[12528-12539]"
    }, {
      "left" : "Node gramps",
      "right" : "Node gramps",
      "info" : "SingleVariableDeclaration[12489-12500]:SingleVariableDeclaration[12541-12552]"
    }, {
      "left" : "{}",
      "right" : "{}",
      "info" : "Block[12502-13290]:Block[12554-13342]"
    }, {
      "left" : "Node firstChild = nameNode.getFirstChild();",
      "right" : "Node firstChild = nameNode.getFirstChild();",
      "info" : "VariableDeclarationStatement[12510-12553]:VariableDeclarationStatement[12562-12605]"
    }, {
      "left" : "if (// Check for a named FUNCTION.\n          isGlobalFunctionDeclaration(t, parent) ||\n          // Check for a VAR declaration.\n          firstChild != null &&\n          isGlobalFunctionDeclaration(t, firstChild))",
      "right" : "if (// Check for a named FUNCTION.\n          isGlobalFunctionDeclaration(t, parent) ||\n          // Check for a VAR declaration.\n          firstChild != null &&\n          isGlobalFunctionDeclaration(t, firstChild))",
      "info" : "IfStatement[12561-13264]:IfStatement[12613-13316]"
    }, {
      "left" : "{}",
      "right" : "{}",
      "info" : "Block[12776-13264]:Block[12828-13316]"
    }, {
      "left" : "String name = nameNode.getString();",
      "right" : "String name = nameNode.getString();",
      "info" : "VariableDeclarationStatement[12786-12821]:VariableDeclarationStatement[12838-12873]"
    }, {
      "left" : "getNameInfoForName(name, VAR).getDeclarations().add(\n            new GlobalFunction(nameNode, parent, gramps, t.getModule()));",
      "right" : "getNameInfoForName(name, VAR).getDeclarations().add(\n            new GlobalFunction(nameNode, parent, gramps, t.getModule()));",
      "info" : "ExpressionStatement[12830-12956]:ExpressionStatement[12882-13008]"
    }, {
      "left" : "if (compiler.getCodingConvention().isExported(name) ||\n            anchorUnusedVars)",
      "right" : "if (compiler.getCodingConvention().isExported(name) ||\n            anchorUnusedVars)",
      "info" : "IfStatement[13080-13234]:IfStatement[13132-13286]"
    }, {
      "left" : "{}",
      "right" : "{}",
      "info" : "Block[13165-13234]:Block[13217-13286]"
    }, {
      "left" : "addGlobalUseOfSymbol(name, t.getModule(), VAR);",
      "right" : "addGlobalUseOfSymbol(name, t.getModule(), VAR);",
      "info" : "ExpressionStatement[13177-13224]:ExpressionStatement[13229-13276]"
    }, {
      "left" : "return true;",
      "right" : "return true;",
      "info" : "ReturnStatement[13244-13256]:ReturnStatement[13296-13308]"
    }, {
      "left" : "return false;",
      "right" : "return false;",
      "info" : "ReturnStatement[13271-13284]:ReturnStatement[13323-13336]"
    }, {
      "left" : "private",
      "right" : "private",
      "info" : "Modifier[13512-13519]:Modifier[13564-13571]"
    }, {
      "left" : "void",
      "right" : "void",
      "info" : "PrimitiveType[13520-13524]:PrimitiveType[13572-13576]"
    }, {
      "left" : "processPrototypeParent",
      "right" : "processPrototypeParent",
      "info" : "SimpleName[13525-13547]:SimpleName[13577-13599]"
    }, {
      "left" : "NodeTraversal t",
      "right" : "NodeTraversal t",
      "info" : "SingleVariableDeclaration[13548-13563]:SingleVariableDeclaration[13600-13615]"
    }, {
      "left" : "Node n",
      "right" : "Node n",
      "info" : "SingleVariableDeclaration[13565-13571]:SingleVariableDeclaration[13617-13623]"
    }, {
      "left" : "{}",
      "right" : "{}",
      "info" : "Block[13573-14848]:Block[13625-14900]"
    }, {
      "left" : "switch (n.getType()) {\n        // Foo.prototype.getBar = function() { ... }\n        case Token.GETPROP:\n          Node dest = n.getFirstChild().getNext();\n          Node parent = n.getParent();\n          Node grandParent = parent.getParent();\n\n          if (dest.getType() == Token.STRING &&\n              NodeUtil.isExprAssign(grandParent) &&\n              NodeUtil.isVarOrSimpleAssignLhs(n, parent)) {\n            String name = dest.getString();\n            Property prop = new AssignmentProperty(grandParent, t.getModule());\n            getNameInfoForName(name, PROPERTY).getDeclarations().add(prop);\n          }\n          break;\n\n        // Foo.prototype = { \"getBar\" : function() { ... } }\n        case Token.ASSIGN:\n          Node map = n.getFirstChild().getNext();\n          if (map.getType() == Token.OBJECTLIT) {\n            for (Node key = map.getFirstChild();\n                 key != null; key = key.getNext()) {\n              // May be STRING, GET, or SET,\n              String name = key.getString();\n              Property prop = new LiteralProperty(\n                  key, key.getFirstChild(), map, n, t.getModule());\n              getNameInfoForName(name, PROPERTY).getDeclarations().add(prop);\n            }\n          }\n          break;\n      }",
      "right" : "switch (n.getType()) {\n        // Foo.prototype.getBar = function() { ... }\n        case Token.GETPROP:\n          Node dest = n.getFirstChild().getNext();\n          Node parent = n.getParent();\n          Node grandParent = parent.getParent();\n\n          if (dest.getType() == Token.STRING &&\n              NodeUtil.isExprAssign(grandParent) &&\n              NodeUtil.isVarOrSimpleAssignLhs(n, parent)) {\n            String name = dest.getString();\n            Property prop = new AssignmentProperty(grandParent, t.getModule());\n            getNameInfoForName(name, PROPERTY).getDeclarations().add(prop);\n          }\n          break;\n\n        // Foo.prototype = { \"getBar\" : function() { ... } }\n        case Token.ASSIGN:\n          Node map = n.getFirstChild().getNext();\n          if (map.getType() == Token.OBJECTLIT) {\n            for (Node key = map.getFirstChild();\n                 key != null; key = key.getNext()) {\n              // May be STRING, GET, or SET,\n              String name = key.getString();\n              Property prop = new LiteralProperty(\n                  key, key.getFirstChild(), map, n, t.getModule());\n              getNameInfoForName(name, PROPERTY).getDeclarations().add(prop);\n            }\n          }\n          break;\n      }",
      "info" : "SwitchStatement[13581-14842]:SwitchStatement[13633-14894]"
    }, {
      "left" : "case Token.GETPROP:",
      "right" : "case Token.GETPROP:",
      "info" : "SwitchCase[13665-13684]:SwitchCase[13717-13736]"
    }, {
      "left" : "Node dest = n.getFirstChild().getNext();",
      "right" : "Node dest = n.getFirstChild().getNext();",
      "info" : "VariableDeclarationStatement[13695-13735]:VariableDeclarationStatement[13747-13787]"
    }, {
      "left" : "Node parent = n.getParent();",
      "right" : "Node parent = n.getParent();",
      "info" : "VariableDeclarationStatement[13746-13774]:VariableDeclarationStatement[13798-13826]"
    }, {
      "left" : "Node grandParent = parent.getParent();",
      "right" : "Node grandParent = parent.getParent();",
      "info" : "VariableDeclarationStatement[13785-13823]:VariableDeclarationStatement[13837-13875]"
    }, {
      "left" : "if (dest.getType() == Token.STRING &&\n              NodeUtil.isExprAssign(grandParent) &&\n              NodeUtil.isVarOrSimpleAssignLhs(n, parent))",
      "right" : "if (dest.getType() == Token.STRING &&\n              NodeUtil.isExprAssign(grandParent) &&\n              NodeUtil.isVarOrSimpleAssignLhs(n, parent))",
      "info" : "IfStatement[13835-14196]:IfStatement[13887-14248]"
    }, {
      "left" : "{}",
      "right" : "{}",
      "info" : "Block[13983-14196]:Block[14035-14248]"
    }, {
      "left" : "String name = dest.getString();",
      "right" : "String name = dest.getString();",
      "info" : "VariableDeclarationStatement[13997-14028]:VariableDeclarationStatement[14049-14080]"
    }, {
      "left" : "Property prop = new AssignmentProperty(grandParent, t.getModule());",
      "right" : "Property prop = new AssignmentProperty(grandParent, t.getModule());",
      "info" : "VariableDeclarationStatement[14041-14108]:VariableDeclarationStatement[14093-14160]"
    }, {
      "left" : "getNameInfoForName(name, PROPERTY).getDeclarations().add(prop);",
      "right" : "getNameInfoForName(name, PROPERTY).getDeclarations().add(prop);",
      "info" : "ExpressionStatement[14121-14184]:ExpressionStatement[14173-14236]"
    }, {
      "left" : "break;",
      "right" : "break;",
      "info" : "BreakStatement[14207-14213]:BreakStatement[14259-14265]"
    }, {
      "left" : "case Token.ASSIGN:",
      "right" : "case Token.ASSIGN:",
      "info" : "SwitchCase[14284-14302]:SwitchCase[14336-14354]"
    }, {
      "left" : "Node map = n.getFirstChild().getNext();",
      "right" : "Node map = n.getFirstChild().getNext();",
      "info" : "VariableDeclarationStatement[14313-14352]:VariableDeclarationStatement[14365-14404]"
    }, {
      "left" : "if (map.getType() == Token.OBJECTLIT)",
      "right" : "if (map.getType() == Token.OBJECTLIT)",
      "info" : "IfStatement[14363-14817]:IfStatement[14415-14869]"
    }, {
      "left" : "{}",
      "right" : "{}",
      "info" : "Block[14401-14817]:Block[14453-14869]"
    }, {
      "left" : "for (Node key = map.getFirstChild();\n                 key != null; key = key.getNext())",
      "right" : "for (Node key = map.getFirstChild();\n                 key != null; key = key.getNext())",
      "info" : "ForStatement[14415-14805]:ForStatement[14467-14857]"
    }, {
      "left" : "{}",
      "right" : "{}",
      "info" : "Block[14503-14805]:Block[14555-14857]"
    }, {
      "left" : "String name = key.getString();",
      "right" : "String name = key.getString();",
      "info" : "VariableDeclarationStatement[14564-14594]:VariableDeclarationStatement[14616-14646]"
    }, {
      "left" : "Property prop = new LiteralProperty(\n                  key, key.getFirstChild(), map, n, t.getModule());",
      "right" : "Property prop = new LiteralProperty(\n                  key, key.getFirstChild(), map, n, t.getModule());",
      "info" : "VariableDeclarationStatement[14609-14713]:VariableDeclarationStatement[14661-14765]"
    }, {
      "left" : "getNameInfoForName(name, PROPERTY).getDeclarations().add(prop);",
      "right" : "getNameInfoForName(name, PROPERTY).getDeclarations().add(prop);",
      "info" : "ExpressionStatement[14728-14791]:ExpressionStatement[14780-14843]"
    }, {
      "left" : "break;",
      "right" : "break;",
      "info" : "BreakStatement[14828-14834]:BreakStatement[14880-14886]"
    }, {
      "left" : "private",
      "right" : "private",
      "info" : "Modifier[14854-14861]:Modifier[14906-14913]"
    }, {
      "left" : "void",
      "right" : "void",
      "info" : "PrimitiveType[14862-14866]:PrimitiveType[14914-14918]"
    }, {
      "left" : "addGlobalUseOfSymbol",
      "right" : "addGlobalUseOfSymbol",
      "info" : "SimpleName[14867-14887]:SimpleName[14919-14939]"
    }, {
      "left" : "String name",
      "right" : "String name",
      "info" : "SingleVariableDeclaration[14888-14899]:SingleVariableDeclaration[14940-14951]"
    }, {
      "left" : "JSModule module",
      "right" : "JSModule module",
      "info" : "SingleVariableDeclaration[14901-14916]:SingleVariableDeclaration[14953-14968]"
    }, {
      "left" : "SymbolType type",
      "right" : "SymbolType type",
      "info" : "SingleVariableDeclaration[14926-14941]:SingleVariableDeclaration[14978-14993]"
    }, {
      "left" : "{}",
      "right" : "{}",
      "info" : "Block[14943-15029]:Block[14995-15081]"
    }, {
      "left" : "symbolGraph.connect(globalNode, module, getNameInfoForName(name, type));",
      "right" : "symbolGraph.connect(globalNode, module, getNameInfoForName(name, type));",
      "info" : "ExpressionStatement[14951-15023]:ExpressionStatement[15003-15075]"
    }, {
      "left" : "private",
      "right" : "private",
      "info" : "Modifier[15037-15044]:Modifier[15089-15096]"
    }, {
      "left" : "class",
      "right" : "class",
      "info" : "TYPE_DECLARATION_KIND[15045-15050]:TYPE_DECLARATION_KIND[15097-15102]"
    }, {
      "left" : "ProcessExternProperties",
      "right" : "ProcessExternProperties",
      "info" : "SimpleName[15051-15074]:SimpleName[15103-15126]"
    }, {
      "left" : "AbstractPostOrderCallback",
      "right" : "AbstractPostOrderCallback",
      "info" : "SimpleType[15083-15108]:SimpleType[15135-15160]"
    }, {
      "left" : "public",
      "right" : "public",
      "info" : "Modifier[15115-15121]:Modifier[15167-15173]"
    }, {
      "left" : "void",
      "right" : "void",
      "info" : "PrimitiveType[15122-15126]:PrimitiveType[15174-15178]"
    }, {
      "left" : "visit",
      "right" : "visit",
      "info" : "SimpleName[15127-15132]:SimpleName[15179-15184]"
    }, {
      "left" : "NodeTraversal t",
      "right" : "NodeTraversal t",
      "info" : "SingleVariableDeclaration[15133-15148]:SingleVariableDeclaration[15185-15200]"
    }, {
      "left" : "Node n",
      "right" : "Node n",
      "info" : "SingleVariableDeclaration[15150-15156]:SingleVariableDeclaration[15202-15208]"
    }, {
      "left" : "Node parent",
      "right" : "Node parent",
      "info" : "SingleVariableDeclaration[15158-15169]:SingleVariableDeclaration[15210-15221]"
    }, {
      "left" : "{}",
      "right" : "{}",
      "info" : "Block[15171-15354]:Block[15223-15406]"
    }, {
      "left" : "if (n.getType() == Token.GETPROP)",
      "right" : "if (n.getType() == Token.GETPROP)",
      "info" : "IfStatement[15179-15348]:IfStatement[15231-15400]"
    }, {
      "left" : "{}",
      "right" : "{}",
      "info" : "Block[15213-15348]:Block[15265-15400]"
    }, {
      "left" : "symbolGraph.connect(externNode, firstModule,\n            getNameInfoForName(n.getLastChild().getString(), PROPERTY));",
      "right" : "symbolGraph.connect(externNode, firstModule,\n            getNameInfoForName(n.getLastChild().getString(), PROPERTY));",
      "info" : "ExpressionStatement[15223-15340]:ExpressionStatement[15275-15392]"
    }, {
      "left" : "private",
      "right" : "private",
      "info" : "Modifier[15362-15369]:Modifier[15414-15421]"
    }, {
      "left" : "class",
      "right" : "class",
      "info" : "TYPE_DECLARATION_KIND[15370-15375]:TYPE_DECLARATION_KIND[15422-15427]"
    }, {
      "left" : "PropagateReferences",
      "right" : "PropagateReferences",
      "info" : "SimpleName[15376-15395]:SimpleName[15428-15447]"
    }, {
      "left" : "public",
      "right" : "public",
      "info" : "Modifier[15452-15458]:Modifier[15504-15510]"
    }, {
      "left" : "boolean",
      "right" : "boolean",
      "info" : "PrimitiveType[15459-15466]:PrimitiveType[15511-15518]"
    }, {
      "left" : "traverseEdge",
      "right" : "traverseEdge",
      "info" : "SimpleName[15467-15479]:SimpleName[15519-15531]"
    }, {
      "left" : "NameInfo start",
      "right" : "NameInfo start",
      "info" : "SingleVariableDeclaration[15480-15494]:SingleVariableDeclaration[15532-15546]"
    }, {
      "left" : "JSModule edge",
      "right" : "JSModule edge",
      "info" : "SingleVariableDeclaration[15496-15509]:SingleVariableDeclaration[15548-15561]"
    }, {
      "left" : "NameInfo dest",
      "right" : "NameInfo dest",
      "info" : "SingleVariableDeclaration[15511-15524]:SingleVariableDeclaration[15563-15576]"
    }, {
      "left" : "{}",
      "right" : "{}",
      "info" : "Block[15526-15872]:Block[15578-15924]"
    }, {
      "left" : "if (start.isReferenced())",
      "right" : "if (start.isReferenced())",
      "info" : "IfStatement[15534-15846]:IfStatement[15586-15898]"
    }, {
      "left" : "{}",
      "right" : "{}",
      "info" : "Block[15560-15846]:Block[15612-15898]"
    }, {
      "left" : "JSModule startModule = start.getDeepestCommonModuleRef();",
      "right" : "JSModule startModule = start.getDeepestCommonModuleRef();",
      "info" : "VariableDeclarationStatement[15570-15627]:VariableDeclarationStatement[15622-15679]"
    }, {
      "left" : "if (startModule != null &&\n            moduleGraph.dependsOn(startModule, edge))",
      "right" : "if (startModule != null &&\n            moduleGraph.dependsOn(startModule, edge))",
      "info" : "IfStatement[15636-15838]:IfStatement[15688-15890]"
    }, {
      "left" : "{}",
      "right" : "{}",
      "info" : "Block[15717-15778]:Block[15769-15830]"
    }, {
      "left" : "return dest.markReference(startModule);",
      "right" : "return dest.markReference(startModule);",
      "info" : "ReturnStatement[15729-15768]:ReturnStatement[15781-15820]"
    }, {
      "left" : "{}",
      "right" : "{}",
      "info" : "Block[15784-15838]:Block[15836-15890]"
    }, {
      "left" : "return dest.markReference(edge);",
      "right" : "return dest.markReference(edge);",
      "info" : "ReturnStatement[15796-15828]:ReturnStatement[15848-15880]"
    }, {
      "left" : "return false;",
      "right" : "return false;",
      "info" : "ReturnStatement[15853-15866]:ReturnStatement[15905-15918]"
    }, {
      "left" : "interface",
      "right" : "interface",
      "info" : "TYPE_DECLARATION_KIND[16117-16126]:TYPE_DECLARATION_KIND[16169-16178]"
    }, {
      "left" : "Symbol",
      "right" : "Symbol",
      "info" : "SimpleName[16127-16133]:SimpleName[16179-16185]"
    }, {
      "left" : "void",
      "right" : "void",
      "info" : "PrimitiveType[16200-16204]:PrimitiveType[16252-16256]"
    }, {
      "left" : "remove",
      "right" : "remove",
      "info" : "SimpleName[16205-16211]:SimpleName[16257-16263]"
    }, {
      "left" : "JSModule",
      "right" : "JSModule",
      "info" : "SimpleType[16282-16290]:SimpleType[16334-16342]"
    }, {
      "left" : "getModule",
      "right" : "getModule",
      "info" : "SimpleName[16291-16300]:SimpleName[16343-16352]"
    }, {
      "left" : "class",
      "right" : "class",
      "info" : "TYPE_DECLARATION_KIND[16454-16459]:TYPE_DECLARATION_KIND[16506-16511]"
    }, {
      "left" : "GlobalFunction",
      "right" : "GlobalFunction",
      "info" : "SimpleName[16460-16474]:SimpleName[16512-16526]"
    }, {
      "left" : "Symbol",
      "right" : "Symbol",
      "info" : "SimpleType[16486-16492]:SimpleType[16538-16544]"
    }, {
      "left" : "GlobalFunction",
      "right" : "GlobalFunction",
      "info" : "SimpleName[16568-16582]:SimpleName[16620-16634]"
    }, {
      "left" : "Node nameNode",
      "right" : "Node nameNode",
      "info" : "SingleVariableDeclaration[16583-16596]:SingleVariableDeclaration[16635-16648]"
    }, {
      "left" : "Node parent",
      "right" : "Node parent",
      "info" : "SingleVariableDeclaration[16598-16609]:SingleVariableDeclaration[16650-16661]"
    }, {
      "left" : "Node gramps",
      "right" : "Node gramps",
      "info" : "SingleVariableDeclaration[16611-16622]:SingleVariableDeclaration[16663-16674]"
    }, {
      "left" : "JSModule module",
      "right" : "JSModule module",
      "info" : "SingleVariableDeclaration[16624-16639]:SingleVariableDeclaration[16676-16691]"
    }, {
      "left" : "{}",
      "right" : "{}",
      "info" : "Block[16641-16834]:Block[16693-16886]"
    }, {
      "left" : "Preconditions.checkState(\n          parent.getType() == Token.VAR ||\n          NodeUtil.isFunctionDeclaration(parent));",
      "right" : "Preconditions.checkState(\n          parent.getType() == Token.VAR ||\n          NodeUtil.isFunctionDeclaration(parent));",
      "info" : "ExpressionStatement[16649-16768]:ExpressionStatement[16701-16820]"
    }, {
      "left" : "this.nameNode = nameNode;",
      "right" : "this.nameNode = nameNode;",
      "info" : "ExpressionStatement[16775-16800]:ExpressionStatement[16827-16852]"
    }, {
      "left" : "this.module = module;",
      "right" : "this.module = module;",
      "info" : "ExpressionStatement[16807-16828]:ExpressionStatement[16859-16880]"
    }, {
      "left" : "@Override",
      "right" : "@Override",
      "info" : "MarkerAnnotation[16840-16849]:MarkerAnnotation[16892-16901]"
    }, {
      "left" : "public",
      "right" : "public",
      "info" : "Modifier[16854-16860]:Modifier[16906-16912]"
    }, {
      "left" : "void",
      "right" : "void",
      "info" : "PrimitiveType[16861-16865]:PrimitiveType[16913-16917]"
    }, {
      "left" : "remove",
      "right" : "remove",
      "info" : "SimpleName[16866-16872]:SimpleName[16918-16924]"
    }, {
      "left" : "{}",
      "right" : "{}",
      "info" : "Block[16875-17180]:Block[16927-17232]"
    }, {
      "left" : "Node parent = nameNode.getParent();",
      "right" : "Node parent = nameNode.getParent();",
      "info" : "VariableDeclarationStatement[16883-16918]:VariableDeclarationStatement[16935-16970]"
    }, {
      "left" : "if (parent.getType() == Token.FUNCTION || parent.hasOneChild())",
      "right" : "if (parent.getType() == Token.FUNCTION || parent.hasOneChild())",
      "info" : "IfStatement[16925-17174]:IfStatement[16977-17226]"
    }, {
      "left" : "{}",
      "right" : "{}",
      "info" : "Block[16989-17056]:Block[17041-17108]"
    }, {
      "left" : "NodeUtil.removeChild(parent.getParent(), parent);",
      "right" : "NodeUtil.removeChild(parent.getParent(), parent);",
      "info" : "ExpressionStatement[16999-17048]:ExpressionStatement[17051-17100]"
    }, {
      "left" : "{}",
      "right" : "{}",
      "info" : "Block[17062-17174]:Block[17114-17226]"
    }, {
      "left" : "Preconditions.checkState(parent.getType() == Token.VAR);",
      "right" : "Preconditions.checkState(parent.getType() == Token.VAR);",
      "info" : "ExpressionStatement[17072-17128]:ExpressionStatement[17124-17180]"
    }, {
      "left" : "parent.removeChild(nameNode);",
      "right" : "parent.removeChild(nameNode);",
      "info" : "ExpressionStatement[17137-17166]:ExpressionStatement[17189-17218]"
    }, {
      "left" : "@Override",
      "right" : "@Override",
      "info" : "MarkerAnnotation[17186-17195]:MarkerAnnotation[17238-17247]"
    }, {
      "left" : "public",
      "right" : "public",
      "info" : "Modifier[17200-17206]:Modifier[17252-17258]"
    }, {
      "left" : "JSModule",
      "right" : "JSModule",
      "info" : "SimpleType[17207-17215]:SimpleType[17259-17267]"
    }, {
      "left" : "getModule",
      "right" : "getModule",
      "info" : "SimpleName[17216-17225]:SimpleName[17268-17277]"
    }, {
      "left" : "{}",
      "right" : "{}",
      "info" : "Block[17228-17256]:Block[17280-17308]"
    }, {
      "left" : "return module;",
      "right" : "return module;",
      "info" : "ReturnStatement[17236-17250]:ReturnStatement[17288-17302]"
    }, {
      "left" : "public",
      "right" : "public",
      "info" : "Modifier[17262-17268]:Modifier[17314-17320]"
    }, {
      "left" : "Node",
      "right" : "Node",
      "info" : "SimpleType[17269-17273]:SimpleType[17321-17325]"
    }, {
      "left" : "getFunctionNode",
      "right" : "getFunctionNode",
      "info" : "SimpleName[17274-17289]:SimpleName[17326-17341]"
    }, {
      "left" : "{}",
      "right" : "{}",
      "info" : "Block[17292-17554]:Block[17344-17606]"
    }, {
      "left" : "Node parent = nameNode.getParent();",
      "right" : "Node parent = nameNode.getParent();",
      "info" : "VariableDeclarationStatement[17300-17335]:VariableDeclarationStatement[17352-17387]"
    }, {
      "left" : "if (NodeUtil.isFunction(parent))",
      "right" : "if (NodeUtil.isFunction(parent))",
      "info" : "IfStatement[17343-17548]:IfStatement[17395-17600]"
    }, {
      "left" : "{}",
      "right" : "{}",
      "info" : "Block[17376-17408]:Block[17428-17460]"
    }, {
      "left" : "return parent;",
      "right" : "return parent;",
      "info" : "ReturnStatement[17386-17400]:ReturnStatement[17438-17452]"
    }, {
      "left" : "{}",
      "right" : "{}",
      "info" : "Block[17414-17548]:Block[17466-17600]"
    }, {
      "left" : "return nameNode.getChildAtIndex(1);",
      "right" : "return nameNode.getChildAtIndex(1);",
      "info" : "ReturnStatement[17505-17540]:ReturnStatement[17557-17592]"
    }, {
      "left" : "interface",
      "right" : "interface",
      "info" : "TYPE_DECLARATION_KIND[17731-17740]:TYPE_DECLARATION_KIND[17783-17792]"
    }, {
      "left" : "Property",
      "right" : "Property",
      "info" : "SimpleName[17741-17749]:SimpleName[17793-17801]"
    }, {
      "left" : "Symbol",
      "right" : "Symbol",
      "info" : "SimpleType[17758-17764]:SimpleType[17810-17816]"
    }, {
      "left" : "Node",
      "right" : "Node",
      "info" : "SimpleType[17838-17842]:SimpleType[17890-17894]"
    }, {
      "left" : "getPrototype",
      "right" : "getPrototype",
      "info" : "SimpleName[17843-17855]:SimpleName[17895-17907]"
    }, {
      "left" : "Node",
      "right" : "Node",
      "info" : "SimpleType[17911-17915]:SimpleType[17963-17967]"
    }, {
      "left" : "getValue",
      "right" : "getValue",
      "info" : "SimpleName[17916-17924]:SimpleName[17968-17976]"
    }, {
      "left" : "static",
      "right" : "static",
      "info" : "Modifier[18082-18088]:Modifier[18134-18140]"
    }, {
      "left" : "class",
      "right" : "class",
      "info" : "TYPE_DECLARATION_KIND[18089-18094]:TYPE_DECLARATION_KIND[18141-18146]"
    }, {
      "left" : "AssignmentProperty",
      "right" : "AssignmentProperty",
      "info" : "SimpleName[18095-18113]:SimpleName[18147-18165]"
    }, {
      "left" : "Property",
      "right" : "Property",
      "info" : "SimpleType[18125-18133]:SimpleType[18177-18185]"
    }, {
      "left" : "AssignmentProperty",
      "right" : "AssignmentProperty",
      "info" : "SimpleName[18258-18276]:SimpleName[18310-18328]"
    }, {
      "left" : "Node node",
      "right" : "Node node",
      "info" : "SingleVariableDeclaration[18277-18286]:SingleVariableDeclaration[18329-18338]"
    }, {
      "left" : "JSModule module",
      "right" : "JSModule module",
      "info" : "SingleVariableDeclaration[18288-18303]:SingleVariableDeclaration[18340-18355]"
    }, {
      "left" : "{}",
      "right" : "{}",
      "info" : "Block[18305-18368]:Block[18357-18420]"
    }, {
      "left" : "this.exprNode = node;",
      "right" : "this.exprNode = node;",
      "info" : "ExpressionStatement[18313-18334]:ExpressionStatement[18365-18386]"
    }, {
      "left" : "this.module = module;",
      "right" : "this.module = module;",
      "info" : "ExpressionStatement[18341-18362]:ExpressionStatement[18393-18414]"
    }, {
      "left" : "@Override",
      "right" : "@Override",
      "info" : "MarkerAnnotation[18374-18383]:MarkerAnnotation[18426-18435]"
    }, {
      "left" : "public",
      "right" : "public",
      "info" : "Modifier[18388-18394]:Modifier[18440-18446]"
    }, {
      "left" : "void",
      "right" : "void",
      "info" : "PrimitiveType[18395-18399]:PrimitiveType[18447-18451]"
    }, {
      "left" : "remove",
      "right" : "remove",
      "info" : "SimpleName[18400-18406]:SimpleName[18452-18458]"
    }, {
      "left" : "{}",
      "right" : "{}",
      "info" : "Block[18409-18476]:Block[18461-18528]"
    }, {
      "left" : "NodeUtil.removeChild(exprNode.getParent(), exprNode);",
      "right" : "NodeUtil.removeChild(exprNode.getParent(), exprNode);",
      "info" : "ExpressionStatement[18417-18470]:ExpressionStatement[18469-18522]"
    }, {
      "left" : "@Override",
      "right" : "@Override",
      "info" : "MarkerAnnotation[18482-18491]:MarkerAnnotation[18534-18543]"
    }, {
      "left" : "public",
      "right" : "public",
      "info" : "Modifier[18496-18502]:Modifier[18548-18554]"
    }, {
      "left" : "Node",
      "right" : "Node",
      "info" : "SimpleType[18503-18507]:SimpleType[18555-18559]"
    }, {
      "left" : "getPrototype",
      "right" : "getPrototype",
      "info" : "SimpleName[18508-18520]:SimpleName[18560-18572]"
    }, {
      "left" : "{}",
      "right" : "{}",
      "info" : "Block[18523-18592]:Block[18575-18644]"
    }, {
      "left" : "return getAssignNode().getFirstChild().getFirstChild();",
      "right" : "return getAssignNode().getFirstChild().getFirstChild();",
      "info" : "ReturnStatement[18531-18586]:ReturnStatement[18583-18638]"
    }, {
      "left" : "@Override",
      "right" : "@Override",
      "info" : "MarkerAnnotation[18598-18607]:MarkerAnnotation[18650-18659]"
    }, {
      "left" : "public",
      "right" : "public",
      "info" : "Modifier[18612-18618]:Modifier[18664-18670]"
    }, {
      "left" : "Node",
      "right" : "Node",
      "info" : "SimpleType[18619-18623]:SimpleType[18671-18675]"
    }, {
      "left" : "getValue",
      "right" : "getValue",
      "info" : "SimpleName[18624-18632]:SimpleName[18676-18684]"
    }, {
      "left" : "{}",
      "right" : "{}",
      "info" : "Block[18635-18687]:Block[18687-18739]"
    }, {
      "left" : "return getAssignNode().getLastChild();",
      "right" : "return getAssignNode().getLastChild();",
      "info" : "ReturnStatement[18643-18681]:ReturnStatement[18695-18733]"
    }, {
      "left" : "private",
      "right" : "private",
      "info" : "Modifier[18693-18700]:Modifier[18745-18752]"
    }, {
      "left" : "Node",
      "right" : "Node",
      "info" : "SimpleType[18701-18705]:SimpleType[18753-18757]"
    }, {
      "left" : "getAssignNode",
      "right" : "getAssignNode",
      "info" : "SimpleName[18706-18719]:SimpleName[18758-18771]"
    }, {
      "left" : "{}",
      "right" : "{}",
      "info" : "Block[18722-18768]:Block[18774-18820]"
    }, {
      "left" : "return exprNode.getFirstChild();",
      "right" : "return exprNode.getFirstChild();",
      "info" : "ReturnStatement[18730-18762]:ReturnStatement[18782-18814]"
    }, {
      "left" : "@Override",
      "right" : "@Override",
      "info" : "MarkerAnnotation[18774-18783]:MarkerAnnotation[18826-18835]"
    }, {
      "left" : "public",
      "right" : "public",
      "info" : "Modifier[18788-18794]:Modifier[18840-18846]"
    }, {
      "left" : "JSModule",
      "right" : "JSModule",
      "info" : "SimpleType[18795-18803]:SimpleType[18847-18855]"
    }, {
      "left" : "getModule",
      "right" : "getModule",
      "info" : "SimpleName[18804-18813]:SimpleName[18856-18865]"
    }, {
      "left" : "{}",
      "right" : "{}",
      "info" : "Block[18816-18844]:Block[18868-18896]"
    }, {
      "left" : "return module;",
      "right" : "return module;",
      "info" : "ReturnStatement[18824-18838]:ReturnStatement[18876-18890]"
    }, {
      "left" : "static",
      "right" : "static",
      "info" : "Modifier[19001-19007]:Modifier[19053-19059]"
    }, {
      "left" : "class",
      "right" : "class",
      "info" : "TYPE_DECLARATION_KIND[19008-19013]:TYPE_DECLARATION_KIND[19060-19065]"
    }, {
      "left" : "LiteralProperty",
      "right" : "LiteralProperty",
      "info" : "SimpleName[19014-19029]:SimpleName[19066-19081]"
    }, {
      "left" : "Property",
      "right" : "Property",
      "info" : "SimpleType[19041-19049]:SimpleType[19093-19101]"
    }, {
      "left" : "LiteralProperty",
      "right" : "LiteralProperty",
      "info" : "SimpleName[19209-19224]:SimpleName[19261-19276]"
    }, {
      "left" : "Node key",
      "right" : "Node key",
      "info" : "SingleVariableDeclaration[19225-19233]:SingleVariableDeclaration[19277-19285]"
    }, {
      "left" : "Node value",
      "right" : "Node value",
      "info" : "SingleVariableDeclaration[19235-19245]:SingleVariableDeclaration[19287-19297]"
    }, {
      "left" : "Node map",
      "right" : "Node map",
      "info" : "SingleVariableDeclaration[19247-19255]:SingleVariableDeclaration[19299-19307]"
    }, {
      "left" : "Node assign",
      "right" : "Node assign",
      "info" : "SingleVariableDeclaration[19257-19268]:SingleVariableDeclaration[19309-19320]"
    }, {
      "left" : "JSModule module",
      "right" : "JSModule module",
      "info" : "SingleVariableDeclaration[19278-19293]:SingleVariableDeclaration[19330-19345]"
    }, {
      "left" : "{}",
      "right" : "{}",
      "info" : "Block[19295-19428]:Block[19347-19480]"
    }, {
      "left" : "this.key = key;",
      "right" : "this.key = key;",
      "info" : "ExpressionStatement[19303-19318]:ExpressionStatement[19355-19370]"
    }, {
      "left" : "this.value = value;",
      "right" : "this.value = value;",
      "info" : "ExpressionStatement[19325-19344]:ExpressionStatement[19377-19396]"
    }, {
      "left" : "this.map = map;",
      "right" : "this.map = map;",
      "info" : "ExpressionStatement[19351-19366]:ExpressionStatement[19403-19418]"
    }, {
      "left" : "this.assign = assign;",
      "right" : "this.assign = assign;",
      "info" : "ExpressionStatement[19373-19394]:ExpressionStatement[19425-19446]"
    }, {
      "left" : "this.module = module;",
      "right" : "this.module = module;",
      "info" : "ExpressionStatement[19401-19422]:ExpressionStatement[19453-19474]"
    }, {
      "left" : "@Override",
      "right" : "@Override",
      "info" : "MarkerAnnotation[19434-19443]:MarkerAnnotation[19486-19495]"
    }, {
      "left" : "public",
      "right" : "public",
      "info" : "Modifier[19448-19454]:Modifier[19500-19506]"
    }, {
      "left" : "void",
      "right" : "void",
      "info" : "PrimitiveType[19455-19459]:PrimitiveType[19507-19511]"
    }, {
      "left" : "remove",
      "right" : "remove",
      "info" : "SimpleName[19460-19466]:SimpleName[19512-19518]"
    }, {
      "left" : "{}",
      "right" : "{}",
      "info" : "Block[19469-19504]:Block[19521-19556]"
    }, {
      "left" : "map.removeChild(key);",
      "right" : "map.removeChild(key);",
      "info" : "ExpressionStatement[19477-19498]:ExpressionStatement[19529-19550]"
    }, {
      "left" : "@Override",
      "right" : "@Override",
      "info" : "MarkerAnnotation[19510-19519]:MarkerAnnotation[19562-19571]"
    }, {
      "left" : "public",
      "right" : "public",
      "info" : "Modifier[19524-19530]:Modifier[19576-19582]"
    }, {
      "left" : "Node",
      "right" : "Node",
      "info" : "SimpleType[19531-19535]:SimpleType[19583-19587]"
    }, {
      "left" : "getPrototype",
      "right" : "getPrototype",
      "info" : "SimpleName[19536-19548]:SimpleName[19588-19600]"
    }, {
      "left" : "{}",
      "right" : "{}",
      "info" : "Block[19551-19595]:Block[19603-19647]"
    }, {
      "left" : "return assign.getFirstChild();",
      "right" : "return assign.getFirstChild();",
      "info" : "ReturnStatement[19559-19589]:ReturnStatement[19611-19641]"
    }, {
      "left" : "@Override",
      "right" : "@Override",
      "info" : "MarkerAnnotation[19601-19610]:MarkerAnnotation[19653-19662]"
    }, {
      "left" : "public",
      "right" : "public",
      "info" : "Modifier[19615-19621]:Modifier[19667-19673]"
    }, {
      "left" : "Node",
      "right" : "Node",
      "info" : "SimpleType[19622-19626]:SimpleType[19674-19678]"
    }, {
      "left" : "getValue",
      "right" : "getValue",
      "info" : "SimpleName[19627-19635]:SimpleName[19679-19687]"
    }, {
      "left" : "{}",
      "right" : "{}",
      "info" : "Block[19638-19665]:Block[19690-19717]"
    }, {
      "left" : "return value;",
      "right" : "return value;",
      "info" : "ReturnStatement[19646-19659]:ReturnStatement[19698-19711]"
    }, {
      "left" : "@Override",
      "right" : "@Override",
      "info" : "MarkerAnnotation[19671-19680]:MarkerAnnotation[19723-19732]"
    }, {
      "left" : "public",
      "right" : "public",
      "info" : "Modifier[19685-19691]:Modifier[19737-19743]"
    }, {
      "left" : "JSModule",
      "right" : "JSModule",
      "info" : "SimpleType[19692-19700]:SimpleType[19744-19752]"
    }, {
      "left" : "getModule",
      "right" : "getModule",
      "info" : "SimpleName[19701-19710]:SimpleName[19753-19762]"
    }, {
      "left" : "{}",
      "right" : "{}",
      "info" : "Block[19713-19741]:Block[19765-19793]"
    }, {
      "left" : "return module;",
      "right" : "return module;",
      "info" : "ReturnStatement[19721-19735]:ReturnStatement[19773-19787]"
    }, {
      "left" : "private",
      "right" : "private",
      "info" : "Modifier[19888-19895]:Modifier[19940-19947]"
    }, {
      "left" : "class",
      "right" : "class",
      "info" : "TYPE_DECLARATION_KIND[19896-19901]:TYPE_DECLARATION_KIND[19948-19953]"
    }, {
      "left" : "NameContext",
      "right" : "NameContext",
      "info" : "SimpleName[19902-19913]:SimpleName[19954-19965]"
    }, {
      "left" : "NameContext",
      "right" : "NameContext",
      "info" : "SimpleName[19962-19973]:SimpleName[20014-20025]"
    }, {
      "left" : "NameInfo name",
      "right" : "NameInfo name",
      "info" : "SingleVariableDeclaration[19974-19987]:SingleVariableDeclaration[20026-20039]"
    }, {
      "left" : "{}",
      "right" : "{}",
      "info" : "Block[19989-20020]:Block[20041-20072]"
    }, {
      "left" : "this.name = name;",
      "right" : "this.name = name;",
      "info" : "ExpressionStatement[19997-20014]:ExpressionStatement[20049-20066]"
    }, {
      "left" : "class",
      "right" : "class",
      "info" : "TYPE_DECLARATION_KIND[20112-20117]:TYPE_DECLARATION_KIND[20164-20169]"
    }, {
      "left" : "NameInfo",
      "right" : "NameInfo",
      "info" : "SimpleName[20118-20126]:SimpleName[20170-20178]"
    }, {
      "left" : "NameInfo",
      "right" : "NameInfo",
      "info" : "SimpleName[20682-20690]:SimpleName[20734-20742]"
    }, {
      "left" : "String name",
      "right" : "String name",
      "info" : "SingleVariableDeclaration[20691-20702]:SingleVariableDeclaration[20743-20754]"
    }, {
      "left" : "{}",
      "right" : "{}",
      "info" : "Block[20704-20735]:Block[20756-20787]"
    }, {
      "left" : "this.name = name;",
      "right" : "this.name = name;",
      "info" : "ExpressionStatement[20712-20729]:ExpressionStatement[20764-20781]"
    }, {
      "left" : "@Override",
      "right" : "@Override",
      "info" : "MarkerAnnotation[20741-20750]:MarkerAnnotation[20793-20802]"
    }, {
      "left" : "public",
      "right" : "public",
      "info" : "Modifier[20751-20757]:Modifier[20803-20809]"
    }, {
      "left" : "String",
      "right" : "String",
      "info" : "SimpleType[20758-20764]:SimpleType[20810-20816]"
    }, {
      "left" : "toString",
      "right" : "toString",
      "info" : "SimpleName[20765-20773]:SimpleName[20817-20825]"
    }, {
      "left" : "{}",
      "right" : "{}",
      "info" : "Block[20776-20792]:Block[20828-20844]"
    }, {
      "left" : "return name;",
      "right" : "return name;",
      "info" : "ReturnStatement[20778-20790]:ReturnStatement[20830-20842]"
    }, {
      "left" : "boolean",
      "right" : "boolean",
      "info" : "PrimitiveType[20876-20883]:PrimitiveType[20928-20935]"
    }, {
      "left" : "isReferenced",
      "right" : "isReferenced",
      "info" : "SimpleName[20884-20896]:SimpleName[20936-20948]"
    }, {
      "left" : "{}",
      "right" : "{}",
      "info" : "Block[20899-20931]:Block[20951-20983]"
    }, {
      "left" : "return referenced;",
      "right" : "return referenced;",
      "info" : "ReturnStatement[20907-20925]:ReturnStatement[20959-20977]"
    }, {
      "left" : "boolean",
      "right" : "boolean",
      "info" : "PrimitiveType[20996-21003]:PrimitiveType[21048-21055]"
    }, {
      "left" : "readsClosureVariables",
      "right" : "readsClosureVariables",
      "info" : "SimpleName[21004-21025]:SimpleName[21056-21077]"
    }, {
      "left" : "{}",
      "right" : "{}",
      "info" : "Block[21028-21070]:Block[21080-21122]"
    }, {
      "left" : "return readClosureVariables;",
      "right" : "return readClosureVariables;",
      "info" : "ReturnStatement[21036-21064]:ReturnStatement[21088-21116]"
    }, {
      "left" : "boolean",
      "right" : "boolean",
      "info" : "PrimitiveType[21319-21326]:PrimitiveType[21371-21378]"
    }, {
      "left" : "markReference",
      "right" : "markReference",
      "info" : "SimpleName[21327-21340]:SimpleName[21379-21392]"
    }, {
      "left" : "JSModule module",
      "right" : "JSModule module",
      "info" : "SingleVariableDeclaration[21341-21356]:SingleVariableDeclaration[21393-21408]"
    }, {
      "left" : "{}",
      "right" : "{}",
      "info" : "Block[21358-21988]:Block[21410-22040]"
    }, {
      "left" : "boolean hasChanged = false;",
      "right" : "boolean hasChanged = false;",
      "info" : "VariableDeclarationStatement[21366-21393]:VariableDeclarationStatement[21418-21445]"
    }, {
      "left" : "if (!referenced)",
      "right" : "if (!referenced)",
      "info" : "IfStatement[21400-21480]:IfStatement[21452-21532]"
    }, {
      "left" : "{}",
      "right" : "{}",
      "info" : "Block[21417-21480]:Block[21469-21532]"
    }, {
      "left" : "referenced = true;",
      "right" : "referenced = true;",
      "info" : "ExpressionStatement[21427-21445]:ExpressionStatement[21479-21497]"
    }, {
      "left" : "hasChanged = true;",
      "right" : "hasChanged = true;",
      "info" : "ExpressionStatement[21454-21472]:ExpressionStatement[21506-21524]"
    }, {
      "left" : "if (moduleGraph != null)",
      "right" : "if (moduleGraph != null)",
      "info" : "IfStatement[21488-21956]:IfStatement[21540-22008]"
    }, {
      "left" : "{}",
      "right" : "{}",
      "info" : "Block[21513-21956]:Block[21565-22008]"
    }, {
      "left" : "JSModule originalDeepestCommon = deepestCommonModuleRef;",
      "right" : "JSModule originalDeepestCommon = deepestCommonModuleRef;",
      "info" : "VariableDeclarationStatement[21523-21579]:VariableDeclarationStatement[21575-21631]"
    }, {
      "left" : "if (deepestCommonModuleRef == null)",
      "right" : "if (deepestCommonModuleRef == null)",
      "info" : "IfStatement[21589-21845]:IfStatement[21641-21897]"
    }, {
      "left" : "{}",
      "right" : "{}",
      "info" : "Block[21625-21679]:Block[21677-21731]"
    }, {
      "left" : "deepestCommonModuleRef = module;",
      "right" : "deepestCommonModuleRef = module;",
      "info" : "ExpressionStatement[21637-21669]:ExpressionStatement[21689-21721]"
    }, {
      "left" : "{}",
      "right" : "{}",
      "info" : "Block[21685-21845]:Block[21737-21897]"
    }, {
      "left" : "deepestCommonModuleRef =\n              moduleGraph.getDeepestCommonDependencyInclusive(\n                  deepestCommonModuleRef, module);",
      "right" : "deepestCommonModuleRef =\n              moduleGraph.getDeepestCommonDependencyInclusive(\n                  deepestCommonModuleRef, module);",
      "info" : "ExpressionStatement[21697-21835]:ExpressionStatement[21749-21887]"
    }, {
      "left" : "if (originalDeepestCommon != deepestCommonModuleRef)",
      "right" : "if (originalDeepestCommon != deepestCommonModuleRef)",
      "info" : "IfStatement[21855-21948]:IfStatement[21907-22000]"
    }, {
      "left" : "{}",
      "right" : "{}",
      "info" : "Block[21908-21948]:Block[21960-22000]"
    }, {
      "left" : "hasChanged = true;",
      "right" : "hasChanged = true;",
      "info" : "ExpressionStatement[21920-21938]:ExpressionStatement[21972-21990]"
    }, {
      "left" : "return hasChanged;",
      "right" : "return hasChanged;",
      "info" : "ReturnStatement[21964-21982]:ReturnStatement[22016-22034]"
    }, {
      "left" : "JSModule",
      "right" : "JSModule",
      "info" : "SimpleType[22098-22106]:SimpleType[22150-22158]"
    }, {
      "left" : "getDeepestCommonModuleRef",
      "right" : "getDeepestCommonModuleRef",
      "info" : "SimpleName[22107-22132]:SimpleName[22159-22184]"
    }, {
      "left" : "{}",
      "right" : "{}",
      "info" : "Block[22135-22179]:Block[22187-22231]"
    }, {
      "left" : "return deepestCommonModuleRef;",
      "right" : "return deepestCommonModuleRef;",
      "info" : "ReturnStatement[22143-22173]:ReturnStatement[22195-22225]"
    }, {
      "left" : "Deque<Symbol>",
      "right" : "Deque<Symbol>",
      "info" : "ParameterizedType[22310-22323]:ParameterizedType[22362-22375]"
    }, {
      "left" : "getDeclarations",
      "right" : "getDeclarations",
      "info" : "SimpleName[22324-22339]:SimpleName[22376-22391]"
    }, {
      "left" : "{}",
      "right" : "{}",
      "info" : "Block[22342-22376]:Block[22394-22428]"
    }, {
      "left" : "return declarations;",
      "right" : "return declarations;",
      "info" : "ReturnStatement[22350-22370]:ReturnStatement[22402-22422]"
    } ]
  },
  "interFileMappings" : { }
}