{
  "matchedElements" : [
 {
    "left" : "class : Util",
    "right" : "class : Util",
    "info" : "TypeDeclaration[836-2126]:TypeDeclaration[836-2188]"
  }, {
    "left" : "package stripLeadingHyphens(str ) : ",
    "right" : "package stripLeadingHyphens(str ) : ",
    "info" : "MethodDeclaration[983-1512]:MethodDeclaration[983-1574]"
  }, {
    "left" : "package stripLeadingAndTrailingQuotes(str ) : ",
    "right" : "package stripLeadingAndTrailingQuotes(str ) : ",
    "info" : "MethodDeclaration[1518-2124]:MethodDeclaration[1580-2186]"
  } ],
  "mappings" : [
 {
    "left" : "class",
    "right" : "class",
    "info" : "TYPE_DECLARATION_KIND[965-970]:TYPE_DECLARATION_KIND[965-970]"
  }, {
    "left" : "static",
    "right" : "static",
    "info" : "Modifier[1220-1226]:Modifier[1220-1226]"
  }, {
    "left" : "String",
    "right" : "String",
    "info" : "SimpleType[1227-1233]:SimpleType[1227-1233]"
  }, {
    "left" : "stripLeadingHyphens",
    "right" : "stripLeadingHyphens",
    "info" : "SimpleName[1234-1253]:SimpleName[1234-1253]"
  }, {
    "left" : "String str",
    "right" : "String str",
    "info" : "SingleVariableDeclaration[1254-1264]:SingleVariableDeclaration[1254-1264]"
  }, {
    "left" : "{}",
    "right" : "{}",
    "info" : "Block[1270-1512]:Block[1270-1574]"
  }, {
    "left" : "if (str.startsWith(\"--\"))",
    "right" : "if (str.startsWith(\"--\"))",
    "info" : "IfStatement[1280-1485]:IfStatement[1342-1547]"
  }, {
    "left" : "{}",
    "right" : "{}",
    "info" : "Block[1314-1376]:Block[1376-1438]"
  }, {
    "left" : "return str.substring(2, str.length());",
    "right" : "return str.substring(2, str.length());",
    "info" : "ReturnStatement[1328-1366]:ReturnStatement[1390-1428]"
  }, {
    "left" : "if (str.startsWith(\"-\"))",
    "right" : "if (str.startsWith(\"-\"))",
    "info" : "IfStatement[1390-1485]:IfStatement[1452-1547]"
  }, {
    "left" : "{}",
    "right" : "{}",
    "info" : "Block[1423-1485]:Block[1485-1547]"
  }, {
    "left" : "return str.substring(1, str.length());",
    "right" : "return str.substring(1, str.length());",
    "info" : "ReturnStatement[1437-1475]:ReturnStatement[1499-1537]"
  }, {
    "left" : "return str;",
    "right" : "return str;",
    "info" : "ReturnStatement[1495-1506]:ReturnStatement[1557-1568]"
  }, {
    "left" : "static",
    "right" : "static",
    "info" : "Modifier[1845-1851]:Modifier[1907-1913]"
  }, {
    "left" : "String",
    "right" : "String",
    "info" : "SimpleType[1852-1858]:SimpleType[1914-1920]"
  }, {
    "left" : "stripLeadingAndTrailingQuotes",
    "right" : "stripLeadingAndTrailingQuotes",
    "info" : "SimpleName[1859-1888]:SimpleName[1921-1950]"
  }, {
    "left" : "String str",
    "right" : "String str",
    "info" : "SingleVariableDeclaration[1889-1899]:SingleVariableDeclaration[1951-1961]"
  }, {
    "left" : "{}",
    "right" : "{}",
    "info" : "Block[1905-2124]:Block[1967-2186]"
  }, {
    "left" : "if (str.startsWith(\"\\\"\"))",
    "right" : "if (str.startsWith(\"\\\"\"))",
    "info" : "IfStatement[1915-2002]:IfStatement[1977-2064]"
  }, {
    "left" : "{}",
    "right" : "{}",
    "info" : "Block[1941-2002]:Block[2003-2064]"
  }, {
    "left" : "str = str.substring(1, str.length());",
    "right" : "str = str.substring(1, str.length());",
    "info" : "ExpressionStatement[1955-1992]:ExpressionStatement[2017-2054]"
  }, {
    "left" : "if (str.endsWith(\"\\\"\"))",
    "right" : "if (str.endsWith(\"\\\"\"))",
    "info" : "IfStatement[2011-2098]:IfStatement[2073-2160]"
  }, {
    "left" : "{}",
    "right" : "{}",
    "info" : "Block[2035-2098]:Block[2097-2160]"
  }, {
    "left" : "str = str.substring(0, str.length()-1);",
    "right" : "str = str.substring(0, str.length()-1);",
    "info" : "ExpressionStatement[2049-2088]:ExpressionStatement[2111-2150]"
  }, {
    "left" : "return str;",
    "right" : "return str;",
    "info" : "ReturnStatement[2107-2118]:ReturnStatement[2169-2180]"
  } ]
}