{
  "matchedElements" : [
 {
    "left" : "class : ExternalTypeHandler",
    "right" : "class : ExternalTypeHandler",
    "info" : "TypeDeclaration[367-19130]:TypeDeclaration[367-19577]"
  }, {
    "left" : "_beanType",
    "right" : "_beanType",
    "info" : "FieldDeclaration[770-803]:FieldDeclaration[770-803]"
  }, {
    "left" : "_properties",
    "right" : "_properties",
    "info" : "FieldDeclaration[809-854]:FieldDeclaration[809-854]"
  }, {
    "left" : "_nameToPropertyIndex",
    "right" : "_nameToPropertyIndex",
    "info" : "FieldDeclaration[860-1161]:FieldDeclaration[860-1161]"
  }, {
    "left" : "_typeIds",
    "right" : "_typeIds",
    "info" : "FieldDeclaration[1167-1199]:FieldDeclaration[1167-1199]"
  }, {
    "left" : "_tokens",
    "right" : "_tokens",
    "info" : "FieldDeclaration[1204-1240]:FieldDeclaration[1204-1240]"
  }, {
    "left" : "protected ExternalTypeHandler(beanType , properties , nameToPropertyIndex , typeIds , tokens ...)",
    "right" : "protected ExternalTypeHandler(beanType , properties , nameToPropertyIndex , typeIds , tokens ...)",
    "info" : "MethodDeclaration[1246-1624]:MethodDeclaration[1246-1624]"
  }, {
    "left" : "protected ExternalTypeHandler(h )",
    "right" : "protected ExternalTypeHandler(h )",
    "info" : "MethodDeclaration[1630-1933]:MethodDeclaration[1630-1933]"
  }, {
    "left" : "public builder(beanType ) : ",
    "right" : "public builder(beanType ) : ",
    "info" : "MethodDeclaration[1939-2067]:MethodDeclaration[1939-2067]"
  }, {
    "left" : "public start() : ",
    "right" : "public start() : ",
    "info" : "MethodDeclaration[2073-2270]:MethodDeclaration[2073-2270]"
  }, {
    "left" : "public handleTypePropertyValue(p , ctxt , propName , bean ) : boolean",
    "right" : "public handleTypePropertyValue(p , ctxt , propName , bean ) : boolean",
    "info" : "MethodDeclaration[2276-3529]:MethodDeclaration[2276-3529]"
  }, {
    "left" : "private _handleTypePropertyValue(p , ctxt , propName , bean , typeId , index int) : boolean",
    "right" : "private _handleTypePropertyValue(p , ctxt , propName , bean , typeId , index int) : boolean",
    "info" : "MethodDeclaration[3535-4433]:MethodDeclaration[3535-4433]"
  }, {
    "left" : "public handlePropertyValue(p , ctxt , propName , bean ) : boolean",
    "right" : "public handlePropertyValue(p , ctxt , propName , bean ) : boolean",
    "info" : "MethodDeclaration[4439-7351]:MethodDeclaration[4439-7351]"
  }, {
    "left" : "public complete(p , ctxt , bean ) : ",
    "right" : "public complete(p , ctxt , bean ) : ",
    "info" : "MethodDeclaration[7357-9934]:MethodDeclaration[7357-9934]"
  }, {
    "left" : "public complete(p , ctxt , buffer , creator ) : ",
    "right" : "public complete(p , ctxt , buffer , creator ) : ",
    "info" : "MethodDeclaration[9940-12767]:MethodDeclaration[9940-13214]"
  }, {
    "left" : "protected _deserialize(p , ctxt , index int, typeId ) : ",
    "right" : "protected _deserialize(p , ctxt , index int, typeId ) : ",
    "info" : "MethodDeclaration[12773-13609]:MethodDeclaration[13220-14056]"
  }, {
    "left" : "protected _deserializeAndSet(p , ctxt , bean , index int, typeId ) : void",
    "right" : "protected _deserializeAndSet(p , ctxt , bean , index int, typeId ) : void",
    "info" : "MethodDeclaration[13615-14697]:MethodDeclaration[14062-15144]"
  }, {
    "left" : "class : Builder",
    "right" : "class : Builder",
    "info" : "TypeDeclaration[14873-17305]:TypeDeclaration[15320-17752]"
  }, {
    "left" : "_beanType",
    "right" : "_beanType",
    "info" : "FieldDeclaration[14915-14948]:FieldDeclaration[15362-15395]"
  }, {
    "left" : "_properties",
    "right" : "_properties",
    "info" : "FieldDeclaration[14958-15027]:FieldDeclaration[15405-15474]"
  }, {
    "left" : "_nameToPropertyIndex",
    "right" : "_nameToPropertyIndex",
    "info" : "FieldDeclaration[15036-15109]:FieldDeclaration[15483-15556]"
  }, {
    "left" : "protected Builder(t )",
    "right" : "protected Builder(t )",
    "info" : "MethodDeclaration[15119-15187]:MethodDeclaration[15566-15634]"
  }, {
    "left" : "public addExternal(property , typeDeser ) : void",
    "right" : "public addExternal(property , typeDeser ) : void",
    "info" : "MethodDeclaration[15197-15544]:MethodDeclaration[15644-15991]"
  }, {
    "left" : "private _addPropertyIndex(name , index ) : void",
    "right" : "private _addPropertyIndex(name , index ) : void",
    "info" : "MethodDeclaration[15554-16156]:MethodDeclaration[16001-16603]"
  }, {
    "left" : "public build(otherProps ...) : ",
    "right" : "public build(otherProps ...) : ",
    "info" : "MethodDeclaration[16174-17299]:MethodDeclaration[16621-17746]"
  }, {
    "left" : "class : ExtTypedProperty",
    "right" : "class : ExtTypedProperty",
    "info" : "TypeDeclaration[17311-19128]:TypeDeclaration[17758-19575]"
  }, {
    "left" : "_property",
    "right" : "_property",
    "info" : "FieldDeclaration[17369-17414]:FieldDeclaration[17816-17861]"
  }, {
    "left" : "_typeDeserializer",
    "right" : "_typeDeserializer",
    "info" : "FieldDeclaration[17423-17472]:FieldDeclaration[17870-17919]"
  }, {
    "left" : "_typePropertyName",
    "right" : "_typePropertyName",
    "info" : "FieldDeclaration[17481-17520]:FieldDeclaration[17928-17967]"
  }, {
    "left" : "_typeProperty",
    "right" : "_typeProperty",
    "info" : "FieldDeclaration[17530-17619]:FieldDeclaration[17977-18066]"
  }, {
    "left" : "public ExtTypedProperty(property , typeDeser )",
    "right" : "public ExtTypedProperty(property , typeDeser )",
    "info" : "MethodDeclaration[17629-17869]:MethodDeclaration[18076-18316]"
  }, {
    "left" : "public linkTypeProperty(p ) : void",
    "right" : "public linkTypeProperty(p ) : void",
    "info" : "MethodDeclaration[17879-18020]:MethodDeclaration[18326-18467]"
  }, {
    "left" : "public hasTypePropertyName(n ) : boolean",
    "right" : "public hasTypePropertyName(n ) : boolean",
    "info" : "MethodDeclaration[18030-18134]:MethodDeclaration[18477-18581]"
  }, {
    "left" : "public hasDefaultType() : boolean",
    "right" : "public hasDefaultType() : boolean",
    "info" : "MethodDeclaration[18144-18250]:MethodDeclaration[18591-18697]"
  }, {
    "left" : "public getDefaultTypeId() : ",
    "right" : "public getDefaultTypeId() : ",
    "info" : "MethodDeclaration[18260-18807]:MethodDeclaration[18707-19254]"
  }, {
    "left" : "public getTypePropertyName() : ",
    "right" : "public getTypePropertyName() : ",
    "info" : "MethodDeclaration[18817-18882]:MethodDeclaration[19264-19329]"
  }, {
    "left" : "public getProperty() : ",
    "right" : "public getProperty() : ",
    "info" : "MethodDeclaration[18892-18975]:MethodDeclaration[19339-19422]"
  }, {
    "left" : "public getTypeProperty() : ",
    "right" : "public getTypeProperty() : ",
    "info" : "MethodDeclaration[18985-19122]:MethodDeclaration[19432-19569]"
  } ],
  "mappings" : [
 {
    "left" : "public",
    "right" : "public",
    "info" : "Modifier[731-737]:Modifier[731-737]"
  }, {
    "left" : "class",
    "right" : "class",
    "info" : "TYPE_DECLARATION_KIND[738-743]:TYPE_DECLARATION_KIND[738-743]"
  }, {
    "left" : "protected",
    "right" : "protected",
    "info" : "Modifier[1246-1255]:Modifier[1246-1255]"
  }, {
    "left" : "ExternalTypeHandler",
    "right" : "ExternalTypeHandler",
    "info" : "SimpleName[1256-1275]:SimpleName[1256-1275]"
  }, {
    "left" : "JavaType beanType",
    "right" : "JavaType beanType",
    "info" : "SingleVariableDeclaration[1276-1293]:SingleVariableDeclaration[1276-1293]"
  }, {
    "left" : "ExtTypedProperty[] properties",
    "right" : "ExtTypedProperty[] properties",
    "info" : "SingleVariableDeclaration[1307-1336]:SingleVariableDeclaration[1307-1336]"
  }, {
    "left" : "Map<String, Object> nameToPropertyIndex",
    "right" : "Map<String, Object> nameToPropertyIndex",
    "info" : "SingleVariableDeclaration[1350-1389]:SingleVariableDeclaration[1350-1389]"
  }, {
    "left" : "String[] typeIds",
    "right" : "String[] typeIds",
    "info" : "SingleVariableDeclaration[1403-1419]:SingleVariableDeclaration[1403-1419]"
  }, {
    "left" : "TokenBuffer[] tokens",
    "right" : "TokenBuffer[] tokens",
    "info" : "SingleVariableDeclaration[1421-1441]:SingleVariableDeclaration[1421-1441]"
  }, {
    "left" : "{}",
    "right" : "{}",
    "info" : "Block[1447-1624]:Block[1447-1624]"
  }, {
    "left" : "_beanType = beanType;",
    "right" : "_beanType = beanType;",
    "info" : "ExpressionStatement[1457-1478]:ExpressionStatement[1457-1478]"
  }, {
    "left" : "_properties = properties;",
    "right" : "_properties = properties;",
    "info" : "ExpressionStatement[1487-1512]:ExpressionStatement[1487-1512]"
  }, {
    "left" : "_nameToPropertyIndex = nameToPropertyIndex;",
    "right" : "_nameToPropertyIndex = nameToPropertyIndex;",
    "info" : "ExpressionStatement[1521-1564]:ExpressionStatement[1521-1564]"
  }, {
    "left" : "_typeIds = typeIds;",
    "right" : "_typeIds = typeIds;",
    "info" : "ExpressionStatement[1573-1592]:ExpressionStatement[1573-1592]"
  }, {
    "left" : "_tokens = tokens;",
    "right" : "_tokens = tokens;",
    "info" : "ExpressionStatement[1601-1618]:ExpressionStatement[1601-1618]"
  }, {
    "left" : "protected",
    "right" : "protected",
    "info" : "Modifier[1630-1639]:Modifier[1630-1639]"
  }, {
    "left" : "ExternalTypeHandler",
    "right" : "ExternalTypeHandler",
    "info" : "SimpleName[1640-1659]:SimpleName[1640-1659]"
  }, {
    "left" : "ExternalTypeHandler h",
    "right" : "ExternalTypeHandler h",
    "info" : "SingleVariableDeclaration[1660-1681]:SingleVariableDeclaration[1660-1681]"
  }, {
    "left" : "{}",
    "right" : "{}",
    "info" : "Block[1687-1933]:Block[1687-1933]"
  }, {
    "left" : "_beanType = h._beanType;",
    "right" : "_beanType = h._beanType;",
    "info" : "ExpressionStatement[1697-1721]:ExpressionStatement[1697-1721]"
  }, {
    "left" : "_properties = h._properties;",
    "right" : "_properties = h._properties;",
    "info" : "ExpressionStatement[1730-1758]:ExpressionStatement[1730-1758]"
  }, {
    "left" : "_nameToPropertyIndex = h._nameToPropertyIndex;",
    "right" : "_nameToPropertyIndex = h._nameToPropertyIndex;",
    "info" : "ExpressionStatement[1767-1813]:ExpressionStatement[1767-1813]"
  }, {
    "left" : "int len = _properties.length;",
    "right" : "int len = _properties.length;",
    "info" : "VariableDeclarationStatement[1822-1851]:VariableDeclarationStatement[1822-1851]"
  }, {
    "left" : "_typeIds = new String[len];",
    "right" : "_typeIds = new String[len];",
    "info" : "ExpressionStatement[1860-1887]:ExpressionStatement[1860-1887]"
  }, {
    "left" : "_tokens = new TokenBuffer[len];",
    "right" : "_tokens = new TokenBuffer[len];",
    "info" : "ExpressionStatement[1896-1927]:ExpressionStatement[1896-1927]"
  }, {
    "left" : "public",
    "right" : "public",
    "info" : "Modifier[1973-1979]:Modifier[1973-1979]"
  }, {
    "left" : "static",
    "right" : "static",
    "info" : "Modifier[1980-1986]:Modifier[1980-1986]"
  }, {
    "left" : "Builder",
    "right" : "Builder",
    "info" : "SimpleType[1987-1994]:SimpleType[1987-1994]"
  }, {
    "left" : "builder",
    "right" : "builder",
    "info" : "SimpleName[1995-2002]:SimpleName[1995-2002]"
  }, {
    "left" : "JavaType beanType",
    "right" : "JavaType beanType",
    "info" : "SingleVariableDeclaration[2003-2020]:SingleVariableDeclaration[2003-2020]"
  }, {
    "left" : "{}",
    "right" : "{}",
    "info" : "Block[2022-2067]:Block[2022-2067]"
  }, {
    "left" : "return new Builder(beanType);",
    "right" : "return new Builder(beanType);",
    "info" : "ReturnStatement[2032-2061]:ReturnStatement[2032-2061]"
  }, {
    "left" : "public",
    "right" : "public",
    "info" : "Modifier[2182-2188]:Modifier[2182-2188]"
  }, {
    "left" : "ExternalTypeHandler",
    "right" : "ExternalTypeHandler",
    "info" : "SimpleType[2189-2208]:SimpleType[2189-2208]"
  }, {
    "left" : "start",
    "right" : "start",
    "info" : "SimpleName[2209-2214]:SimpleName[2209-2214]"
  }, {
    "left" : "{}",
    "right" : "{}",
    "info" : "Block[2217-2270]:Block[2217-2270]"
  }, {
    "left" : "return new ExternalTypeHandler(this);",
    "right" : "return new ExternalTypeHandler(this);",
    "info" : "ReturnStatement[2227-2264]:ReturnStatement[2227-2264]"
  }, {
    "left" : "@SuppressWarnings(\"unchecked\")",
    "right" : "@SuppressWarnings(\"unchecked\")",
    "info" : "SingleMemberAnnotation[2626-2656]:SingleMemberAnnotation[2626-2656]"
  }, {
    "left" : "public",
    "right" : "public",
    "info" : "Modifier[2661-2667]:Modifier[2661-2667]"
  }, {
    "left" : "boolean",
    "right" : "boolean",
    "info" : "PrimitiveType[2668-2675]:PrimitiveType[2668-2675]"
  }, {
    "left" : "handleTypePropertyValue",
    "right" : "handleTypePropertyValue",
    "info" : "SimpleName[2676-2699]:SimpleName[2676-2699]"
  }, {
    "left" : "JsonParser p",
    "right" : "JsonParser p",
    "info" : "SingleVariableDeclaration[2700-2712]:SingleVariableDeclaration[2700-2712]"
  }, {
    "left" : "DeserializationContext ctxt",
    "right" : "DeserializationContext ctxt",
    "info" : "SingleVariableDeclaration[2714-2741]:SingleVariableDeclaration[2714-2741]"
  }, {
    "left" : "String propName",
    "right" : "String propName",
    "info" : "SingleVariableDeclaration[2755-2770]:SingleVariableDeclaration[2755-2770]"
  }, {
    "left" : "Object bean",
    "right" : "Object bean",
    "info" : "SingleVariableDeclaration[2772-2783]:SingleVariableDeclaration[2772-2783]"
  }, {
    "left" : "IOException",
    "right" : "IOException",
    "info" : "SimpleType[2800-2811]:SimpleType[2800-2811]"
  }, {
    "left" : "{}",
    "right" : "{}",
    "info" : "Block[2816-3529]:Block[2816-3529]"
  }, {
    "left" : "Object ob = _nameToPropertyIndex.get(propName);",
    "right" : "Object ob = _nameToPropertyIndex.get(propName);",
    "info" : "VariableDeclarationStatement[2826-2873]:VariableDeclarationStatement[2826-2873]"
  }, {
    "left" : "if (ob == null)",
    "right" : "if (ob == null)",
    "info" : "IfStatement[2882-2935]:IfStatement[2882-2935]"
  }, {
    "left" : "{}",
    "right" : "{}",
    "info" : "Block[2898-2935]:Block[2898-2935]"
  }, {
    "left" : "return false;",
    "right" : "return false;",
    "info" : "ReturnStatement[2912-2925]:ReturnStatement[2912-2925]"
  }, {
    "left" : "final String typeId = p.getText();",
    "right" : "final String typeId = p.getText();",
    "info" : "VariableDeclarationStatement[2944-2978]:VariableDeclarationStatement[2944-2978]"
  }, {
    "left" : "if (ob instanceof List<?>)",
    "right" : "if (ob instanceof List<?>)",
    "info" : "IfStatement[3060-3406]:IfStatement[3060-3406]"
  }, {
    "left" : "{}",
    "right" : "{}",
    "info" : "Block[3087-3406]:Block[3087-3406]"
  }, {
    "left" : "boolean result = false;",
    "right" : "boolean result = false;",
    "info" : "VariableDeclarationStatement[3101-3124]:VariableDeclarationStatement[3101-3124]"
  }, {
    "left" : "for (Integer index : (List<Integer>) ob)",
    "right" : "for (Integer index : (List<Integer>) ob)",
    "info" : "EnhancedForStatement[3137-3369]:EnhancedForStatement[3137-3369]"
  }, {
    "left" : "{}",
    "right" : "{}",
    "info" : "Block[3178-3369]:Block[3178-3369]"
  }, {
    "left" : "if (_handleTypePropertyValue(p, ctxt, propName, bean,\n                        typeId, index.intValue()))",
    "right" : "if (_handleTypePropertyValue(p, ctxt, propName, bean,\n                        typeId, index.intValue()))",
    "info" : "IfStatement[3196-3355]:IfStatement[3196-3355]"
  }, {
    "left" : "{}",
    "right" : "{}",
    "info" : "Block[3301-3355]:Block[3301-3355]"
  }, {
    "left" : "result = true;",
    "right" : "result = true;",
    "info" : "ExpressionStatement[3323-3337]:ExpressionStatement[3323-3337]"
  }, {
    "left" : "return result;",
    "right" : "return result;",
    "info" : "ReturnStatement[3382-3396]:ReturnStatement[3382-3396]"
  }, {
    "left" : "return _handleTypePropertyValue(p, ctxt, propName, bean,\n                typeId, ((Integer) ob).intValue());",
    "right" : "return _handleTypePropertyValue(p, ctxt, propName, bean,\n                typeId, ((Integer) ob).intValue());",
    "info" : "ReturnStatement[3415-3523]:ReturnStatement[3415-3523]"
  }, {
    "left" : "private",
    "right" : "private",
    "info" : "Modifier[3535-3542]:Modifier[3535-3542]"
  }, {
    "left" : "final",
    "right" : "final",
    "info" : "Modifier[3543-3548]:Modifier[3543-3548]"
  }, {
    "left" : "boolean",
    "right" : "boolean",
    "info" : "PrimitiveType[3549-3556]:PrimitiveType[3549-3556]"
  }, {
    "left" : "_handleTypePropertyValue",
    "right" : "_handleTypePropertyValue",
    "info" : "SimpleName[3557-3581]:SimpleName[3557-3581]"
  }, {
    "left" : "JsonParser p",
    "right" : "JsonParser p",
    "info" : "SingleVariableDeclaration[3582-3594]:SingleVariableDeclaration[3582-3594]"
  }, {
    "left" : "DeserializationContext ctxt",
    "right" : "DeserializationContext ctxt",
    "info" : "SingleVariableDeclaration[3596-3623]:SingleVariableDeclaration[3596-3623]"
  }, {
    "left" : "String propName",
    "right" : "String propName",
    "info" : "SingleVariableDeclaration[3637-3652]:SingleVariableDeclaration[3637-3652]"
  }, {
    "left" : "Object bean",
    "right" : "Object bean",
    "info" : "SingleVariableDeclaration[3654-3665]:SingleVariableDeclaration[3654-3665]"
  }, {
    "left" : "String typeId",
    "right" : "String typeId",
    "info" : "SingleVariableDeclaration[3667-3680]:SingleVariableDeclaration[3667-3680]"
  }, {
    "left" : "int index",
    "right" : "int index",
    "info" : "SingleVariableDeclaration[3682-3691]:SingleVariableDeclaration[3682-3691]"
  }, {
    "left" : "IOException",
    "right" : "IOException",
    "info" : "SimpleType[3708-3719]:SimpleType[3708-3719]"
  }, {
    "left" : "{}",
    "right" : "{}",
    "info" : "Block[3724-4433]:Block[3724-4433]"
  }, {
    "left" : "ExtTypedProperty prop = _properties[index];",
    "right" : "ExtTypedProperty prop = _properties[index];",
    "info" : "VariableDeclarationStatement[3734-3777]:VariableDeclarationStatement[3734-3777]"
  }, {
    "left" : "if (!prop.hasTypePropertyName(propName))",
    "right" : "if (!prop.hasTypePropertyName(propName))",
    "info" : "IfStatement[3786-3903]:IfStatement[3786-3903]"
  }, {
    "left" : "{}",
    "right" : "{}",
    "info" : "Block[3827-3903]:Block[3827-3903]"
  }, {
    "left" : "return false;",
    "right" : "return false;",
    "info" : "ReturnStatement[3880-3893]:ReturnStatement[3880-3893]"
  }, {
    "left" : "boolean canDeserialize = (bean != null) && (_tokens[index] != null);",
    "right" : "boolean canDeserialize = (bean != null) && (_tokens[index] != null);",
    "info" : "VariableDeclarationStatement[3988-4056]:VariableDeclarationStatement[3988-4056]"
  }, {
    "left" : "if (canDeserialize)",
    "right" : "if (canDeserialize)",
    "info" : "IfStatement[4151-4406]:IfStatement[4151-4406]"
  }, {
    "left" : "{}",
    "right" : "{}",
    "info" : "Block[4171-4351]:Block[4171-4351]"
  }, {
    "left" : "_deserializeAndSet(p, ctxt, bean, index, typeId);",
    "right" : "_deserializeAndSet(p, ctxt, bean, index, typeId);",
    "info" : "ExpressionStatement[4185-4234]:ExpressionStatement[4185-4234]"
  }, {
    "left" : "_tokens[index] = null;",
    "right" : "_tokens[index] = null;",
    "info" : "ExpressionStatement[4319-4341]:ExpressionStatement[4319-4341]"
  }, {
    "left" : "{}",
    "right" : "{}",
    "info" : "Block[4357-4406]:Block[4357-4406]"
  }, {
    "left" : "_typeIds[index] = typeId;",
    "right" : "_typeIds[index] = typeId;",
    "info" : "ExpressionStatement[4371-4396]:ExpressionStatement[4371-4396]"
  }, {
    "left" : "return true;",
    "right" : "return true;",
    "info" : "ReturnStatement[4415-4427]:ReturnStatement[4415-4427]"
  }, {
    "left" : "@SuppressWarnings(\"unchecked\")",
    "right" : "@SuppressWarnings(\"unchecked\")",
    "info" : "SingleMemberAnnotation[4815-4845]:SingleMemberAnnotation[4815-4845]"
  }, {
    "left" : "public",
    "right" : "public",
    "info" : "Modifier[4850-4856]:Modifier[4850-4856]"
  }, {
    "left" : "boolean",
    "right" : "boolean",
    "info" : "PrimitiveType[4857-4864]:PrimitiveType[4857-4864]"
  }, {
    "left" : "handlePropertyValue",
    "right" : "handlePropertyValue",
    "info" : "SimpleName[4865-4884]:SimpleName[4865-4884]"
  }, {
    "left" : "JsonParser p",
    "right" : "JsonParser p",
    "info" : "SingleVariableDeclaration[4885-4897]:SingleVariableDeclaration[4885-4897]"
  }, {
    "left" : "DeserializationContext ctxt",
    "right" : "DeserializationContext ctxt",
    "info" : "SingleVariableDeclaration[4899-4926]:SingleVariableDeclaration[4899-4926]"
  }, {
    "left" : "String propName",
    "right" : "String propName",
    "info" : "SingleVariableDeclaration[4940-4955]:SingleVariableDeclaration[4940-4955]"
  }, {
    "left" : "Object bean",
    "right" : "Object bean",
    "info" : "SingleVariableDeclaration[4957-4968]:SingleVariableDeclaration[4957-4968]"
  }, {
    "left" : "IOException",
    "right" : "IOException",
    "info" : "SimpleType[4977-4988]:SimpleType[4977-4988]"
  }, {
    "left" : "{}",
    "right" : "{}",
    "info" : "Block[4993-7351]:Block[4993-7351]"
  }, {
    "left" : "Object ob = _nameToPropertyIndex.get(propName);",
    "right" : "Object ob = _nameToPropertyIndex.get(propName);",
    "info" : "VariableDeclarationStatement[5003-5050]:VariableDeclarationStatement[5003-5050]"
  }, {
    "left" : "if (ob == null)",
    "right" : "if (ob == null)",
    "info" : "IfStatement[5059-5112]:IfStatement[5059-5112]"
  }, {
    "left" : "{}",
    "right" : "{}",
    "info" : "Block[5075-5112]:Block[5075-5112]"
  }, {
    "left" : "return false;",
    "right" : "return false;",
    "info" : "ReturnStatement[5089-5102]:ReturnStatement[5089-5102]"
  }, {
    "left" : "if (ob instanceof List<?>)",
    "right" : "if (ob instanceof List<?>)",
    "info" : "IfStatement[5194-6183]:IfStatement[5194-6183]"
  }, {
    "left" : "{}",
    "right" : "{}",
    "info" : "Block[5221-6183]:Block[5221-6183]"
  }, {
    "left" : "Iterator<Integer> it = ((List<Integer>) ob).iterator();",
    "right" : "Iterator<Integer> it = ((List<Integer>) ob).iterator();",
    "info" : "VariableDeclarationStatement[5235-5290]:VariableDeclarationStatement[5235-5290]"
  }, {
    "left" : "Integer index = it.next();",
    "right" : "Integer index = it.next();",
    "info" : "VariableDeclarationStatement[5303-5329]:VariableDeclarationStatement[5303-5329]"
  }, {
    "left" : "ExtTypedProperty prop = _properties[index];",
    "right" : "ExtTypedProperty prop = _properties[index];",
    "info" : "VariableDeclarationStatement[5343-5386]:VariableDeclarationStatement[5343-5386]"
  }, {
    "left" : "if (prop.hasTypePropertyName(propName))",
    "right" : "if (prop.hasTypePropertyName(propName))",
    "info" : "IfStatement[5540-6148]:IfStatement[5540-6148]"
  }, {
    "left" : "{}",
    "right" : "{}",
    "info" : "Block[5580-5823]:Block[5580-5823]"
  }, {
    "left" : "String typeId = p.getText();",
    "right" : "String typeId = p.getText();",
    "info" : "VariableDeclarationStatement[5598-5626]:VariableDeclarationStatement[5598-5626]"
  }, {
    "left" : "p.skipChildren();",
    "right" : "p.skipChildren();",
    "info" : "ExpressionStatement[5643-5660]:ExpressionStatement[5643-5660]"
  }, {
    "left" : "_typeIds[index] = typeId;",
    "right" : "_typeIds[index] = typeId;",
    "info" : "ExpressionStatement[5677-5702]:ExpressionStatement[5677-5702]"
  }, {
    "left" : "while (it.hasNext())",
    "right" : "while (it.hasNext())",
    "info" : "WhileStatement[5719-5809]:WhileStatement[5719-5809]"
  }, {
    "left" : "{}",
    "right" : "{}",
    "info" : "Block[5740-5809]:Block[5740-5809]"
  }, {
    "left" : "_typeIds[it.next()] = typeId;",
    "right" : "_typeIds[it.next()] = typeId;",
    "info" : "ExpressionStatement[5762-5791]:ExpressionStatement[5762-5791]"
  }, {
    "left" : "{}",
    "right" : "{}",
    "info" : "Block[5829-6148]:Block[5829-6148]"
  }, {
    "left" : "@SuppressWarnings(\"resource\")\n                TokenBuffer tokens = new TokenBuffer(p, ctxt);",
    "right" : "@SuppressWarnings(\"resource\")\n                TokenBuffer tokens = new TokenBuffer(p, ctxt);",
    "info" : "VariableDeclarationStatement[5847-5939]:VariableDeclarationStatement[5847-5939]"
  }, {
    "left" : "tokens.copyCurrentStructure(p);",
    "right" : "tokens.copyCurrentStructure(p);",
    "info" : "ExpressionStatement[5956-5987]:ExpressionStatement[5956-5987]"
  }, {
    "left" : "_tokens[index] = tokens;",
    "right" : "_tokens[index] = tokens;",
    "info" : "ExpressionStatement[6004-6028]:ExpressionStatement[6004-6028]"
  }, {
    "left" : "while (it.hasNext())",
    "right" : "while (it.hasNext())",
    "info" : "WhileStatement[6045-6134]:WhileStatement[6045-6134]"
  }, {
    "left" : "{}",
    "right" : "{}",
    "info" : "Block[6066-6134]:Block[6066-6134]"
  }, {
    "left" : "_tokens[it.next()] = tokens;",
    "right" : "_tokens[it.next()] = tokens;",
    "info" : "ExpressionStatement[6088-6116]:ExpressionStatement[6088-6116]"
  }, {
    "left" : "return true;",
    "right" : "return true;",
    "info" : "ReturnStatement[6161-6173]:ReturnStatement[6161-6173]"
  }, {
    "left" : "int index = ((Integer) ob).intValue();",
    "right" : "int index = ((Integer) ob).intValue();",
    "info" : "VariableDeclarationStatement[6316-6354]:VariableDeclarationStatement[6316-6354]"
  }, {
    "left" : "ExtTypedProperty prop = _properties[index];",
    "right" : "ExtTypedProperty prop = _properties[index];",
    "info" : "VariableDeclarationStatement[6363-6406]:VariableDeclarationStatement[6363-6406]"
  }, {
    "left" : "boolean canDeserialize;",
    "right" : "boolean canDeserialize;",
    "info" : "VariableDeclarationStatement[6415-6438]:VariableDeclarationStatement[6415-6438]"
  }, {
    "left" : "if (prop.hasTypePropertyName(propName))",
    "right" : "if (prop.hasTypePropertyName(propName))",
    "info" : "IfStatement[6447-6917]:IfStatement[6447-6917]"
  }, {
    "left" : "{}",
    "right" : "{}",
    "info" : "Block[6487-6644]:Block[6487-6644]"
  }, {
    "left" : "_typeIds[index] = p.getText();",
    "right" : "_typeIds[index] = p.getText();",
    "info" : "ExpressionStatement[6501-6531]:ExpressionStatement[6501-6531]"
  }, {
    "left" : "p.skipChildren();",
    "right" : "p.skipChildren();",
    "info" : "ExpressionStatement[6544-6561]:ExpressionStatement[6544-6561]"
  }, {
    "left" : "canDeserialize = (bean != null) && (_tokens[index] != null);",
    "right" : "canDeserialize = (bean != null) && (_tokens[index] != null);",
    "info" : "ExpressionStatement[6574-6634]:ExpressionStatement[6574-6634]"
  }, {
    "left" : "{}",
    "right" : "{}",
    "info" : "Block[6650-6917]:Block[6650-6917]"
  }, {
    "left" : "@SuppressWarnings(\"resource\")\n            TokenBuffer tokens = new TokenBuffer(p, ctxt);",
    "right" : "@SuppressWarnings(\"resource\")\n            TokenBuffer tokens = new TokenBuffer(p, ctxt);",
    "info" : "VariableDeclarationStatement[6664-6752]:VariableDeclarationStatement[6664-6752]"
  }, {
    "left" : "tokens.copyCurrentStructure(p);",
    "right" : "tokens.copyCurrentStructure(p);",
    "info" : "ExpressionStatement[6765-6796]:ExpressionStatement[6765-6796]"
  }, {
    "left" : "_tokens[index] = tokens;",
    "right" : "_tokens[index] = tokens;",
    "info" : "ExpressionStatement[6809-6833]:ExpressionStatement[6809-6833]"
  }, {
    "left" : "canDeserialize = (bean != null) && (_typeIds[index] != null);",
    "right" : "canDeserialize = (bean != null) && (_typeIds[index] != null);",
    "info" : "ExpressionStatement[6846-6907]:ExpressionStatement[6846-6907]"
  }, {
    "left" : "if (canDeserialize)",
    "right" : "if (canDeserialize)",
    "info" : "IfStatement[7043-7324]:IfStatement[7043-7324]"
  }, {
    "left" : "{}",
    "right" : "{}",
    "info" : "Block[7063-7324]:Block[7063-7324]"
  }, {
    "left" : "String typeId = _typeIds[index];",
    "right" : "String typeId = _typeIds[index];",
    "info" : "VariableDeclarationStatement[7077-7109]:VariableDeclarationStatement[7077-7109]"
  }, {
    "left" : "_typeIds[index] = null;",
    "right" : "_typeIds[index] = null;",
    "info" : "ExpressionStatement[7194-7217]:ExpressionStatement[7194-7217]"
  }, {
    "left" : "_deserializeAndSet(p, ctxt, bean, index, typeId);",
    "right" : "_deserializeAndSet(p, ctxt, bean, index, typeId);",
    "info" : "ExpressionStatement[7230-7279]:ExpressionStatement[7230-7279]"
  }, {
    "left" : "_tokens[index] = null;",
    "right" : "_tokens[index] = null;",
    "info" : "ExpressionStatement[7292-7314]:ExpressionStatement[7292-7314]"
  }, {
    "left" : "return true;",
    "right" : "return true;",
    "info" : "ReturnStatement[7333-7345]:ReturnStatement[7333-7345]"
  }, {
    "left" : "@SuppressWarnings(\"resource\")",
    "right" : "@SuppressWarnings(\"resource\")",
    "info" : "SingleMemberAnnotation[7491-7520]:SingleMemberAnnotation[7491-7520]"
  }, {
    "left" : "public",
    "right" : "public",
    "info" : "Modifier[7525-7531]:Modifier[7525-7531]"
  }, {
    "left" : "Object",
    "right" : "Object",
    "info" : "SimpleType[7532-7538]:SimpleType[7532-7538]"
  }, {
    "left" : "complete",
    "right" : "complete",
    "info" : "SimpleName[7539-7547]:SimpleName[7539-7547]"
  }, {
    "left" : "JsonParser p",
    "right" : "JsonParser p",
    "info" : "SingleVariableDeclaration[7548-7560]:SingleVariableDeclaration[7548-7560]"
  }, {
    "left" : "DeserializationContext ctxt",
    "right" : "DeserializationContext ctxt",
    "info" : "SingleVariableDeclaration[7562-7589]:SingleVariableDeclaration[7562-7589]"
  }, {
    "left" : "Object bean",
    "right" : "Object bean",
    "info" : "SingleVariableDeclaration[7591-7602]:SingleVariableDeclaration[7591-7602]"
  }, {
    "left" : "IOException",
    "right" : "IOException",
    "info" : "SimpleType[7619-7630]:SimpleType[7619-7630]"
  }, {
    "left" : "{}",
    "right" : "{}",
    "info" : "Block[7635-9934]:Block[7635-9934]"
  }, {
    "left" : "for (int i = 0, len = _properties.length; i < len; ++i)",
    "right" : "for (int i = 0, len = _properties.length; i < len; ++i)",
    "info" : "ForStatement[7645-9907]:ForStatement[7645-9907]"
  }, {
    "left" : "{}",
    "right" : "{}",
    "info" : "Block[7701-9907]:Block[7701-9907]"
  }, {
    "left" : "String typeId = _typeIds[i];",
    "right" : "String typeId = _typeIds[i];",
    "info" : "VariableDeclarationStatement[7715-7743]:VariableDeclarationStatement[7715-7743]"
  }, {
    "left" : "if (typeId == null)",
    "right" : "if (typeId == null)",
    "info" : "IfStatement[7756-9839]:IfStatement[7756-9839]"
  }, {
    "left" : "{}",
    "right" : "{}",
    "info" : "Block[7776-9300]:Block[7776-9300]"
  }, {
    "left" : "TokenBuffer tokens = _tokens[i];",
    "right" : "TokenBuffer tokens = _tokens[i];",
    "info" : "VariableDeclarationStatement[7794-7826]:VariableDeclarationStatement[7794-7826]"
  }, {
    "left" : "if (tokens == null)",
    "right" : "if (tokens == null)",
    "info" : "IfStatement[7974-8043]:IfStatement[7974-8043]"
  }, {
    "left" : "{}",
    "right" : "{}",
    "info" : "Block[7994-8043]:Block[7994-8043]"
  }, {
    "left" : "continue;",
    "right" : "continue;",
    "info" : "ContinueStatement[8016-8025]:ContinueStatement[8016-8025]"
  }, {
    "left" : "JsonToken t = tokens.firstToken();",
    "right" : "JsonToken t = tokens.firstToken();",
    "info" : "VariableDeclarationStatement[8181-8215]:VariableDeclarationStatement[8181-8215]"
  }, {
    "left" : "if (t.isScalarValue())",
    "right" : "if (t.isScalarValue())",
    "info" : "IfStatement[8232-9286]:IfStatement[8232-9286]"
  }, {
    "left" : "{}",
    "right" : "{}",
    "info" : "Block[8255-9286]:Block[8255-9286]"
  }, {
    "left" : "JsonParser buffered = tokens.asParser(p);",
    "right" : "JsonParser buffered = tokens.asParser(p);",
    "info" : "VariableDeclarationStatement[8326-8367]:VariableDeclarationStatement[8326-8367]"
  }, {
    "left" : "buffered.nextToken();",
    "right" : "buffered.nextToken();",
    "info" : "ExpressionStatement[8388-8409]:ExpressionStatement[8388-8409]"
  }, {
    "left" : "SettableBeanProperty extProp = _properties[i].getProperty();",
    "right" : "SettableBeanProperty extProp = _properties[i].getProperty();",
    "info" : "VariableDeclarationStatement[8430-8490]:VariableDeclarationStatement[8430-8490]"
  }, {
    "left" : "Object result = TypeDeserializer.deserializeIfNatural(buffered, ctxt, extProp.getType());",
    "right" : "Object result = TypeDeserializer.deserializeIfNatural(buffered, ctxt, extProp.getType());",
    "info" : "VariableDeclarationStatement[8511-8600]:VariableDeclarationStatement[8511-8600]"
  }, {
    "left" : "if (result != null)",
    "right" : "if (result != null)",
    "info" : "IfStatement[8621-8749]:IfStatement[8621-8749]"
  }, {
    "left" : "{}",
    "right" : "{}",
    "info" : "Block[8641-8749]:Block[8641-8749]"
  }, {
    "left" : "extProp.set(bean, result);",
    "right" : "extProp.set(bean, result);",
    "info" : "ExpressionStatement[8667-8693]:ExpressionStatement[8667-8693]"
  }, {
    "left" : "continue;",
    "right" : "continue;",
    "info" : "ContinueStatement[8718-8727]:ContinueStatement[8718-8727]"
  }, {
    "left" : "if (!_properties[i].hasDefaultType())",
    "right" : "if (!_properties[i].hasDefaultType())",
    "info" : "IfStatement[8866-9268]:IfStatement[8866-9268]"
  }, {
    "left" : "{}",
    "right" : "{}",
    "info" : "Block[8904-9170]:Block[8904-9170]"
  }, {
    "left" : "ctxt.reportInputMismatch(bean.getClass(),\n                                \"Missing external type id property '%s'\",\n                                _properties[i].getTypePropertyName());",
    "right" : "ctxt.reportInputMismatch(bean.getClass(),\n                                \"Missing external type id property '%s'\",\n                                _properties[i].getTypePropertyName());",
    "info" : "ExpressionStatement[8930-9116]:ExpressionStatement[8930-9116]"
  }, {
    "left" : "{}",
    "right" : "{}",
    "info" : "Block[9177-9268]:Block[9177-9268]"
  }, {
    "left" : "typeId = _properties[i].getDefaultTypeId();",
    "right" : "typeId = _properties[i].getDefaultTypeId();",
    "info" : "ExpressionStatement[9203-9246]:ExpressionStatement[9203-9246]"
  }, {
    "left" : "if (_tokens[i] == null)",
    "right" : "if (_tokens[i] == null)",
    "info" : "IfStatement[9306-9839]:IfStatement[9306-9839]"
  }, {
    "left" : "{}",
    "right" : "{}",
    "info" : "Block[9330-9839]:Block[9330-9839]"
  }, {
    "left" : "SettableBeanProperty prop = _properties[i].getProperty();",
    "right" : "SettableBeanProperty prop = _properties[i].getProperty();",
    "info" : "VariableDeclarationStatement[9348-9405]:VariableDeclarationStatement[9348-9405]"
  }, {
    "left" : "if(prop.isRequired() ||\n                        ctxt.isEnabled(DeserializationFeature.FAIL_ON_MISSING_EXTERNAL_TYPE_ID_PROPERTY))",
    "right" : "if(prop.isRequired() ||\n                        ctxt.isEnabled(DeserializationFeature.FAIL_ON_MISSING_EXTERNAL_TYPE_ID_PROPERTY))",
    "info" : "IfStatement[9423-9796]:IfStatement[9423-9796]"
  }, {
    "left" : "{}",
    "right" : "{}",
    "info" : "Block[9553-9796]:Block[9553-9796]"
  }, {
    "left" : "ctxt.reportInputMismatch(bean.getClass(),\n                            \"Missing property '%s' for external type id '%s'\",\n                            prop.getName(), _properties[i].getTypePropertyName());",
    "right" : "ctxt.reportInputMismatch(bean.getClass(),\n                            \"Missing property '%s' for external type id '%s'\",\n                            prop.getName(), _properties[i].getTypePropertyName());",
    "info" : "ExpressionStatement[9575-9778]:ExpressionStatement[9575-9778]"
  }, {
    "left" : "return bean;",
    "right" : "return bean;",
    "info" : "ReturnStatement[9813-9825]:ReturnStatement[9813-9825]"
  }, {
    "left" : "_deserializeAndSet(p, ctxt, bean, i, typeId);",
    "right" : "_deserializeAndSet(p, ctxt, bean, i, typeId);",
    "info" : "ExpressionStatement[9852-9897]:ExpressionStatement[9852-9897]"
  }, {
    "left" : "return bean;",
    "right" : "return bean;",
    "info" : "ReturnStatement[9916-9928]:ReturnStatement[9916-9928]"
  }, {
    "left" : "public",
    "right" : "public",
    "info" : "Modifier[10087-10093]:Modifier[10087-10093]"
  }, {
    "left" : "Object",
    "right" : "Object",
    "info" : "SimpleType[10094-10100]:SimpleType[10094-10100]"
  }, {
    "left" : "complete",
    "right" : "complete",
    "info" : "SimpleName[10101-10109]:SimpleName[10101-10109]"
  }, {
    "left" : "JsonParser p",
    "right" : "JsonParser p",
    "info" : "SingleVariableDeclaration[10110-10122]:SingleVariableDeclaration[10110-10122]"
  }, {
    "left" : "DeserializationContext ctxt",
    "right" : "DeserializationContext ctxt",
    "info" : "SingleVariableDeclaration[10124-10151]:SingleVariableDeclaration[10124-10151]"
  }, {
    "left" : "PropertyValueBuffer buffer",
    "right" : "PropertyValueBuffer buffer",
    "info" : "SingleVariableDeclaration[10165-10191]:SingleVariableDeclaration[10165-10191]"
  }, {
    "left" : "PropertyBasedCreator creator",
    "right" : "PropertyBasedCreator creator",
    "info" : "SingleVariableDeclaration[10193-10221]:SingleVariableDeclaration[10193-10221]"
  }, {
    "left" : "IOException",
    "right" : "IOException",
    "info" : "SimpleType[10238-10249]:SimpleType[10238-10249]"
  }, {
    "left" : "{}",
    "right" : "{}",
    "info" : "Block[10254-12767]:Block[10254-13214]"
  }, {
    "left" : "final int len = _properties.length;",
    "right" : "final int len = _properties.length;",
    "info" : "VariableDeclarationStatement[10326-10361]:VariableDeclarationStatement[10326-10361]"
  }, {
    "left" : "Object[] values = new Object[len];",
    "right" : "Object[] values = new Object[len];",
    "info" : "VariableDeclarationStatement[10370-10404]:VariableDeclarationStatement[10370-10404]"
  }, {
    "left" : "for (int i = 0; i < len; ++i)",
    "right" : "for (int i = 0; i < len; ++i)",
    "info" : "ForStatement[10413-12418]:ForStatement[10413-12865]"
  }, {
    "left" : "{}",
    "right" : "{}",
    "info" : "Block[10443-12418]:Block[10443-12865]"
  }, {
    "left" : "String typeId = _typeIds[i];",
    "right" : "String typeId = _typeIds[i];",
    "info" : "VariableDeclarationStatement[10457-10485]:VariableDeclarationStatement[10457-10485]"
  }, {
    "left" : "final ExtTypedProperty extProp = _properties[i];",
    "right" : "final ExtTypedProperty extProp = _properties[i];",
    "info" : "VariableDeclarationStatement[10498-10546]:VariableDeclarationStatement[10498-10546]"
  }, {
    "left" : "if (typeId == null)",
    "right" : "if (typeId == null)",
    "info" : "IfStatement[10559-11560]:IfStatement[10559-11560]"
  }, {
    "left" : "{}",
    "right" : "{}",
    "info" : "Block[10579-11242]:Block[10579-11242]"
  }, {
    "left" : "if (_tokens[i] == null)",
    "right" : "if (_tokens[i] == null)",
    "info" : "IfStatement[10692-10765]:IfStatement[10692-10765]"
  }, {
    "left" : "{}",
    "right" : "{}",
    "info" : "Block[10716-10765]:Block[10716-10765]"
  }, {
    "left" : "continue;",
    "right" : "continue;",
    "info" : "ContinueStatement[10738-10747]:ContinueStatement[10738-10747]"
  }, {
    "left" : "if (!extProp.hasDefaultType())",
    "right" : "if (!extProp.hasDefaultType())",
    "info" : "IfStatement[10910-11228]:IfStatement[10910-11228]"
  }, {
    "left" : "{}",
    "right" : "{}",
    "info" : "Block[10941-11146]:Block[10941-11146]"
  }, {
    "left" : "ctxt.reportInputMismatch(_beanType,\n                            \"Missing external type id property '%s'\",\n                            extProp.getTypePropertyName());",
    "right" : "ctxt.reportInputMismatch(_beanType,\n                            \"Missing external type id property '%s'\",\n                            extProp.getTypePropertyName());",
    "info" : "ExpressionStatement[10963-11128]:ExpressionStatement[10963-11128]"
  }, {
    "left" : "{}",
    "right" : "{}",
    "info" : "Block[11152-11228]:Block[11152-11228]"
  }, {
    "left" : "typeId = extProp.getDefaultTypeId();",
    "right" : "typeId = extProp.getDefaultTypeId();",
    "info" : "ExpressionStatement[11174-11210]:ExpressionStatement[11174-11210]"
  }, {
    "left" : "if (_tokens[i] == null)",
    "right" : "if (_tokens[i] == null)",
    "info" : "IfStatement[11248-11560]:IfStatement[11248-11560]"
  }, {
    "left" : "{}",
    "right" : "{}",
    "info" : "Block[11272-11560]:Block[11272-11560]"
  }, {
    "left" : "SettableBeanProperty prop = extProp.getProperty();",
    "right" : "SettableBeanProperty prop = extProp.getProperty();",
    "info" : "VariableDeclarationStatement[11290-11340]:VariableDeclarationStatement[11290-11340]"
  }, {
    "left" : "ctxt.reportInputMismatch(_beanType,\n                        \"Missing property '%s' for external type id '%s'\",\n                        prop.getName(), _properties[i].getTypePropertyName());",
    "right" : "ctxt.reportInputMismatch(_beanType,\n                        \"Missing property '%s' for external type id '%s'\",\n                        prop.getName(), _properties[i].getTypePropertyName());",
    "info" : "ExpressionStatement[11357-11546]:ExpressionStatement[11357-11546]"
  }, {
    "left" : "values[i] = _deserialize(p, ctxt, i, typeId);",
    "right" : "values[i] = _deserialize(p, ctxt, i, typeId);",
    "info" : "ExpressionStatement[11573-11618]:ExpressionStatement[11573-11618]"
  }, {
    "left" : "final SettableBeanProperty prop = extProp.getProperty();",
    "right" : "final SettableBeanProperty prop = extProp.getProperty();",
    "info" : "VariableDeclarationStatement[11632-11688]:VariableDeclarationStatement[11632-11688]"
  }, {
    "left" : "if (prop.getCreatorIndex() >= 0)",
    "right" : "if (prop.getCreatorIndex() >= 0)",
    "info" : "IfStatement[11752-12408]:IfStatement[11752-12855]"
  }, {
    "left" : "{}",
    "right" : "{}",
    "info" : "Block[11785-12408]:Block[11785-12855]"
  }, {
    "left" : "buffer.assignParameter(prop, values[i]);",
    "right" : "buffer.assignParameter(prop, values[i]);",
    "info" : "ExpressionStatement[11803-11843]:ExpressionStatement[11803-11843]"
  }, {
    "left" : "SettableBeanProperty typeProp = extProp.getTypeProperty();",
    "right" : "SettableBeanProperty typeProp = extProp.getTypeProperty();",
    "info" : "VariableDeclarationStatement[11947-12005]:VariableDeclarationStatement[11947-12005]"
  }, {
    "left" : "if ((typeProp != null) && (typeProp.getCreatorIndex() >= 0))",
    "right" : "if ((typeProp != null) && (typeProp.getCreatorIndex() >= 0))",
    "info" : "IfStatement[12100-12394]:IfStatement[12100-12841]"
  }, {
    "left" : "{}",
    "right" : "{}",
    "info" : "Block[12161-12394]:Block[12161-12841]"
  }, {
    "left" : "buffer.assignParameter(typeProp, typeId);",
    "right" : "buffer.assignParameter(typeProp, v);",
    "info" : "ExpressionStatement[12335-12376]:ExpressionStatement[12787-12823]"
  }, {
    "left" : "typeId",
    "right" : "v",
    "info" : "SimpleName[12368-12374]:SimpleName[12820-12821]"
  }, {
    "left" : "Object bean = creator.build(ctxt, buffer);",
    "right" : "Object bean = creator.build(ctxt, buffer);",
    "info" : "VariableDeclarationStatement[12427-12469]:VariableDeclarationStatement[12874-12916]"
  }, {
    "left" : "for (int i = 0; i < len; ++i)",
    "right" : "for (int i = 0; i < len; ++i)",
    "info" : "ForStatement[12526-12740]:ForStatement[12973-13187]"
  }, {
    "left" : "{}",
    "right" : "{}",
    "info" : "Block[12556-12740]:Block[13003-13187]"
  }, {
    "left" : "SettableBeanProperty prop = _properties[i].getProperty();",
    "right" : "SettableBeanProperty prop = _properties[i].getProperty();",
    "info" : "VariableDeclarationStatement[12570-12627]:VariableDeclarationStatement[13017-13074]"
  }, {
    "left" : "if (prop.getCreatorIndex() < 0)",
    "right" : "if (prop.getCreatorIndex() < 0)",
    "info" : "IfStatement[12640-12730]:IfStatement[13087-13177]"
  }, {
    "left" : "{}",
    "right" : "{}",
    "info" : "Block[12672-12730]:Block[13119-13177]"
  }, {
    "left" : "prop.set(bean, values[i]);",
    "right" : "prop.set(bean, values[i]);",
    "info" : "ExpressionStatement[12690-12716]:ExpressionStatement[13137-13163]"
  }, {
    "left" : "return bean;",
    "right" : "return bean;",
    "info" : "ReturnStatement[12749-12761]:ReturnStatement[13196-13208]"
  }, {
    "left" : "@SuppressWarnings(\"resource\")",
    "right" : "@SuppressWarnings(\"resource\")",
    "info" : "SingleMemberAnnotation[12773-12802]:SingleMemberAnnotation[13220-13249]"
  }, {
    "left" : "protected",
    "right" : "protected",
    "info" : "Modifier[12807-12816]:Modifier[13254-13263]"
  }, {
    "left" : "final",
    "right" : "final",
    "info" : "Modifier[12817-12822]:Modifier[13264-13269]"
  }, {
    "left" : "Object",
    "right" : "Object",
    "info" : "SimpleType[12823-12829]:SimpleType[13270-13276]"
  }, {
    "left" : "_deserialize",
    "right" : "_deserialize",
    "info" : "SimpleName[12830-12842]:SimpleName[13277-13289]"
  }, {
    "left" : "JsonParser p",
    "right" : "JsonParser p",
    "info" : "SingleVariableDeclaration[12843-12855]:SingleVariableDeclaration[13290-13302]"
  }, {
    "left" : "DeserializationContext ctxt",
    "right" : "DeserializationContext ctxt",
    "info" : "SingleVariableDeclaration[12857-12884]:SingleVariableDeclaration[13304-13331]"
  }, {
    "left" : "int index",
    "right" : "int index",
    "info" : "SingleVariableDeclaration[12898-12907]:SingleVariableDeclaration[13345-13354]"
  }, {
    "left" : "String typeId",
    "right" : "String typeId",
    "info" : "SingleVariableDeclaration[12909-12922]:SingleVariableDeclaration[13356-13369]"
  }, {
    "left" : "IOException",
    "right" : "IOException",
    "info" : "SimpleType[12931-12942]:SimpleType[13378-13389]"
  }, {
    "left" : "{}",
    "right" : "{}",
    "info" : "Block[12947-13609]:Block[13394-14056]"
  }, {
    "left" : "JsonParser p2 = _tokens[index].asParser(p);",
    "right" : "JsonParser p2 = _tokens[index].asParser(p);",
    "info" : "VariableDeclarationStatement[12957-13000]:VariableDeclarationStatement[13404-13447]"
  }, {
    "left" : "JsonToken t = p2.nextToken();",
    "right" : "JsonToken t = p2.nextToken();",
    "info" : "VariableDeclarationStatement[13009-13038]:VariableDeclarationStatement[13456-13485]"
  }, {
    "left" : "if (t == JsonToken.VALUE_NULL)",
    "right" : "if (t == JsonToken.VALUE_NULL)",
    "info" : "IfStatement[13127-13194]:IfStatement[13574-13641]"
  }, {
    "left" : "{}",
    "right" : "{}",
    "info" : "Block[13158-13194]:Block[13605-13641]"
  }, {
    "left" : "return null;",
    "right" : "return null;",
    "info" : "ReturnStatement[13172-13184]:ReturnStatement[13619-13631]"
  }, {
    "left" : "TokenBuffer merged = new TokenBuffer(p, ctxt);",
    "right" : "TokenBuffer merged = new TokenBuffer(p, ctxt);",
    "info" : "VariableDeclarationStatement[13203-13249]:VariableDeclarationStatement[13650-13696]"
  }, {
    "left" : "merged.writeStartArray();",
    "right" : "merged.writeStartArray();",
    "info" : "ExpressionStatement[13258-13283]:ExpressionStatement[13705-13730]"
  }, {
    "left" : "merged.writeString(typeId);",
    "right" : "merged.writeString(typeId);",
    "info" : "ExpressionStatement[13292-13319]:ExpressionStatement[13739-13766]"
  }, {
    "left" : "merged.copyCurrentStructure(p2);",
    "right" : "merged.copyCurrentStructure(p2);",
    "info" : "ExpressionStatement[13328-13360]:ExpressionStatement[13775-13807]"
  }, {
    "left" : "merged.writeEndArray();",
    "right" : "merged.writeEndArray();",
    "info" : "ExpressionStatement[13369-13392]:ExpressionStatement[13816-13839]"
  }, {
    "left" : "JsonParser mp = merged.asParser(p);",
    "right" : "JsonParser mp = merged.asParser(p);",
    "info" : "VariableDeclarationStatement[13473-13508]:VariableDeclarationStatement[13920-13955]"
  }, {
    "left" : "mp.nextToken();",
    "right" : "mp.nextToken();",
    "info" : "ExpressionStatement[13517-13532]:ExpressionStatement[13964-13979]"
  }, {
    "left" : "return _properties[index].getProperty().deserialize(mp, ctxt);",
    "right" : "return _properties[index].getProperty().deserialize(mp, ctxt);",
    "info" : "ReturnStatement[13541-13603]:ReturnStatement[13988-14050]"
  }, {
    "left" : "@SuppressWarnings(\"resource\")",
    "right" : "@SuppressWarnings(\"resource\")",
    "info" : "SingleMemberAnnotation[13615-13644]:SingleMemberAnnotation[14062-14091]"
  }, {
    "left" : "protected",
    "right" : "protected",
    "info" : "Modifier[13649-13658]:Modifier[14096-14105]"
  }, {
    "left" : "final",
    "right" : "final",
    "info" : "Modifier[13659-13664]:Modifier[14106-14111]"
  }, {
    "left" : "void",
    "right" : "void",
    "info" : "PrimitiveType[13665-13669]:PrimitiveType[14112-14116]"
  }, {
    "left" : "_deserializeAndSet",
    "right" : "_deserializeAndSet",
    "info" : "SimpleName[13670-13688]:SimpleName[14117-14135]"
  }, {
    "left" : "JsonParser p",
    "right" : "JsonParser p",
    "info" : "SingleVariableDeclaration[13689-13701]:SingleVariableDeclaration[14136-14148]"
  }, {
    "left" : "DeserializationContext ctxt",
    "right" : "DeserializationContext ctxt",
    "info" : "SingleVariableDeclaration[13703-13730]:SingleVariableDeclaration[14150-14177]"
  }, {
    "left" : "Object bean",
    "right" : "Object bean",
    "info" : "SingleVariableDeclaration[13744-13755]:SingleVariableDeclaration[14191-14202]"
  }, {
    "left" : "int index",
    "right" : "int index",
    "info" : "SingleVariableDeclaration[13757-13766]:SingleVariableDeclaration[14204-14213]"
  }, {
    "left" : "String typeId",
    "right" : "String typeId",
    "info" : "SingleVariableDeclaration[13768-13781]:SingleVariableDeclaration[14215-14228]"
  }, {
    "left" : "IOException",
    "right" : "IOException",
    "info" : "SimpleType[13790-13801]:SimpleType[14237-14248]"
  }, {
    "left" : "{}",
    "right" : "{}",
    "info" : "Block[13806-14697]:Block[14253-15144]"
  }, {
    "left" : "JsonParser p2 = _tokens[index].asParser(p);",
    "right" : "JsonParser p2 = _tokens[index].asParser(p);",
    "info" : "VariableDeclarationStatement[13983-14026]:VariableDeclarationStatement[14430-14473]"
  }, {
    "left" : "JsonToken t = p2.nextToken();",
    "right" : "JsonToken t = p2.nextToken();",
    "info" : "VariableDeclarationStatement[14035-14064]:VariableDeclarationStatement[14482-14511]"
  }, {
    "left" : "if (t == JsonToken.VALUE_NULL)",
    "right" : "if (t == JsonToken.VALUE_NULL)",
    "info" : "IfStatement[14153-14277]:IfStatement[14600-14724]"
  }, {
    "left" : "{}",
    "right" : "{}",
    "info" : "Block[14184-14277]:Block[14631-14724]"
  }, {
    "left" : "_properties[index].getProperty().set(bean, null);",
    "right" : "_properties[index].getProperty().set(bean, null);",
    "info" : "ExpressionStatement[14198-14247]:ExpressionStatement[14645-14694]"
  }, {
    "left" : "return;",
    "right" : "return;",
    "info" : "ReturnStatement[14260-14267]:ReturnStatement[14707-14714]"
  }, {
    "left" : "TokenBuffer merged = new TokenBuffer(p, ctxt);",
    "right" : "TokenBuffer merged = new TokenBuffer(p, ctxt);",
    "info" : "VariableDeclarationStatement[14286-14332]:VariableDeclarationStatement[14733-14779]"
  }, {
    "left" : "merged.writeStartArray();",
    "right" : "merged.writeStartArray();",
    "info" : "ExpressionStatement[14341-14366]:ExpressionStatement[14788-14813]"
  }, {
    "left" : "merged.writeString(typeId);",
    "right" : "merged.writeString(typeId);",
    "info" : "ExpressionStatement[14375-14402]:ExpressionStatement[14822-14849]"
  }, {
    "left" : "merged.copyCurrentStructure(p2);",
    "right" : "merged.copyCurrentStructure(p2);",
    "info" : "ExpressionStatement[14412-14444]:ExpressionStatement[14859-14891]"
  }, {
    "left" : "merged.writeEndArray();",
    "right" : "merged.writeEndArray();",
    "info" : "ExpressionStatement[14453-14476]:ExpressionStatement[14900-14923]"
  }, {
    "left" : "JsonParser mp = merged.asParser(p);",
    "right" : "JsonParser mp = merged.asParser(p);",
    "info" : "VariableDeclarationStatement[14556-14591]:VariableDeclarationStatement[15003-15038]"
  }, {
    "left" : "mp.nextToken();",
    "right" : "mp.nextToken();",
    "info" : "ExpressionStatement[14600-14615]:ExpressionStatement[15047-15062]"
  }, {
    "left" : "_properties[index].getProperty().deserializeAndSet(mp, ctxt, bean);",
    "right" : "_properties[index].getProperty().deserializeAndSet(mp, ctxt, bean);",
    "info" : "ExpressionStatement[14624-14691]:ExpressionStatement[15071-15138]"
  }, {
    "left" : "public",
    "right" : "public",
    "info" : "Modifier[14873-14879]:Modifier[15320-15326]"
  }, {
    "left" : "static",
    "right" : "static",
    "info" : "Modifier[14880-14886]:Modifier[15327-15333]"
  }, {
    "left" : "class",
    "right" : "class",
    "info" : "TYPE_DECLARATION_KIND[14887-14892]:TYPE_DECLARATION_KIND[15334-15339]"
  }, {
    "left" : "protected",
    "right" : "protected",
    "info" : "Modifier[15119-15128]:Modifier[15566-15575]"
  }, {
    "left" : "Builder",
    "right" : "Builder",
    "info" : "SimpleName[15129-15136]:SimpleName[15576-15583]"
  }, {
    "left" : "JavaType t",
    "right" : "JavaType t",
    "info" : "SingleVariableDeclaration[15137-15147]:SingleVariableDeclaration[15584-15594]"
  }, {
    "left" : "{}",
    "right" : "{}",
    "info" : "Block[15149-15187]:Block[15596-15634]"
  }, {
    "left" : "_beanType = t;",
    "right" : "_beanType = t;",
    "info" : "ExpressionStatement[15163-15177]:ExpressionStatement[15610-15624]"
  }, {
    "left" : "public",
    "right" : "public",
    "info" : "Modifier[15197-15203]:Modifier[15644-15650]"
  }, {
    "left" : "void",
    "right" : "void",
    "info" : "PrimitiveType[15204-15208]:PrimitiveType[15651-15655]"
  }, {
    "left" : "addExternal",
    "right" : "addExternal",
    "info" : "SimpleName[15209-15220]:SimpleName[15656-15667]"
  }, {
    "left" : "SettableBeanProperty property",
    "right" : "SettableBeanProperty property",
    "info" : "SingleVariableDeclaration[15221-15250]:SingleVariableDeclaration[15668-15697]"
  }, {
    "left" : "TypeDeserializer typeDeser",
    "right" : "TypeDeserializer typeDeser",
    "info" : "SingleVariableDeclaration[15252-15278]:SingleVariableDeclaration[15699-15725]"
  }, {
    "left" : "{}",
    "right" : "{}",
    "info" : "Block[15288-15544]:Block[15735-15991]"
  }, {
    "left" : "Integer index = _properties.size();",
    "right" : "Integer index = _properties.size();",
    "info" : "VariableDeclarationStatement[15302-15337]:VariableDeclarationStatement[15749-15784]"
  }, {
    "left" : "_properties.add(new ExtTypedProperty(property, typeDeser));",
    "right" : "_properties.add(new ExtTypedProperty(property, typeDeser));",
    "info" : "ExpressionStatement[15350-15409]:ExpressionStatement[15797-15856]"
  }, {
    "left" : "_addPropertyIndex(property.getName(), index);",
    "right" : "_addPropertyIndex(property.getName(), index);",
    "info" : "ExpressionStatement[15422-15467]:ExpressionStatement[15869-15914]"
  }, {
    "left" : "_addPropertyIndex(typeDeser.getPropertyName(), index);",
    "right" : "_addPropertyIndex(typeDeser.getPropertyName(), index);",
    "info" : "ExpressionStatement[15480-15534]:ExpressionStatement[15927-15981]"
  }, {
    "left" : "private",
    "right" : "private",
    "info" : "Modifier[15554-15561]:Modifier[16001-16008]"
  }, {
    "left" : "void",
    "right" : "void",
    "info" : "PrimitiveType[15562-15566]:PrimitiveType[16009-16013]"
  }, {
    "left" : "_addPropertyIndex",
    "right" : "_addPropertyIndex",
    "info" : "SimpleName[15567-15584]:SimpleName[16014-16031]"
  }, {
    "left" : "String name",
    "right" : "String name",
    "info" : "SingleVariableDeclaration[15585-15596]:SingleVariableDeclaration[16032-16043]"
  }, {
    "left" : "Integer index",
    "right" : "Integer index",
    "info" : "SingleVariableDeclaration[15598-15611]:SingleVariableDeclaration[16045-16058]"
  }, {
    "left" : "{}",
    "right" : "{}",
    "info" : "Block[15613-16156]:Block[16060-16603]"
  }, {
    "left" : "Object ob = _nameToPropertyIndex.get(name);",
    "right" : "Object ob = _nameToPropertyIndex.get(name);",
    "info" : "VariableDeclarationStatement[15627-15670]:VariableDeclarationStatement[16074-16117]"
  }, {
    "left" : "if (ob == null)",
    "right" : "if (ob == null)",
    "info" : "IfStatement[15683-16146]:IfStatement[16130-16593]"
  }, {
    "left" : "{}",
    "right" : "{}",
    "info" : "Block[15699-15769]:Block[16146-16216]"
  }, {
    "left" : "_nameToPropertyIndex.put(name, index);",
    "right" : "_nameToPropertyIndex.put(name, index);",
    "info" : "ExpressionStatement[15717-15755]:ExpressionStatement[16164-16202]"
  }, {
    "left" : "if (ob instanceof List<?>)",
    "right" : "if (ob instanceof List<?>)",
    "info" : "IfStatement[15775-16146]:IfStatement[16222-16593]"
  }, {
    "left" : "{}",
    "right" : "{}",
    "info" : "Block[15802-15952]:Block[16249-16399]"
  }, {
    "left" : "@SuppressWarnings(\"unchecked\")\n                List<Object> list = (List<Object>) ob;",
    "right" : "@SuppressWarnings(\"unchecked\")\n                List<Object> list = (List<Object>) ob;",
    "info" : "VariableDeclarationStatement[15820-15905]:VariableDeclarationStatement[16267-16352]"
  }, {
    "left" : "list.add(index);",
    "right" : "list.add(index);",
    "info" : "ExpressionStatement[15922-15938]:ExpressionStatement[16369-16385]"
  }, {
    "left" : "{}",
    "right" : "{}",
    "info" : "Block[15958-16146]:Block[16405-16593]"
  }, {
    "left" : "List<Object> list = new LinkedList<>();",
    "right" : "List<Object> list = new LinkedList<>();",
    "info" : "VariableDeclarationStatement[15976-16015]:VariableDeclarationStatement[16423-16462]"
  }, {
    "left" : "list.add(ob);",
    "right" : "list.add(ob);",
    "info" : "ExpressionStatement[16032-16045]:ExpressionStatement[16479-16492]"
  }, {
    "left" : "list.add(index);",
    "right" : "list.add(index);",
    "info" : "ExpressionStatement[16062-16078]:ExpressionStatement[16509-16525]"
  }, {
    "left" : "_nameToPropertyIndex.put(name, list);",
    "right" : "_nameToPropertyIndex.put(name, list);",
    "info" : "ExpressionStatement[16095-16132]:ExpressionStatement[16542-16579]"
  }, {
    "left" : "public",
    "right" : "public",
    "info" : "Modifier[16477-16483]:Modifier[16924-16930]"
  }, {
    "left" : "ExternalTypeHandler",
    "right" : "ExternalTypeHandler",
    "info" : "SimpleType[16484-16503]:SimpleType[16931-16950]"
  }, {
    "left" : "build",
    "right" : "build",
    "info" : "SimpleName[16504-16509]:SimpleName[16951-16956]"
  }, {
    "left" : "BeanPropertyMap otherProps",
    "right" : "BeanPropertyMap otherProps",
    "info" : "SingleVariableDeclaration[16510-16536]:SingleVariableDeclaration[16957-16983]"
  }, {
    "left" : "{}",
    "right" : "{}",
    "info" : "Block[16538-17299]:Block[16985-17746]"
  }, {
    "left" : "final int len = _properties.size();",
    "right" : "final int len = _properties.size();",
    "info" : "VariableDeclarationStatement[16648-16683]:VariableDeclarationStatement[17095-17130]"
  }, {
    "left" : "ExtTypedProperty[] extProps = new ExtTypedProperty[len];",
    "right" : "ExtTypedProperty[] extProps = new ExtTypedProperty[len];",
    "info" : "VariableDeclarationStatement[16696-16752]:VariableDeclarationStatement[17143-17199]"
  }, {
    "left" : "for (int i = 0; i < len; ++i)",
    "right" : "for (int i = 0; i < len; ++i)",
    "info" : "ForStatement[16765-17170]:ForStatement[17212-17617]"
  }, {
    "left" : "{}",
    "right" : "{}",
    "info" : "Block[16795-17170]:Block[17242-17617]"
  }, {
    "left" : "ExtTypedProperty extProp = _properties.get(i);",
    "right" : "ExtTypedProperty extProp = _properties.get(i);",
    "info" : "VariableDeclarationStatement[16813-16859]:VariableDeclarationStatement[17260-17306]"
  }, {
    "left" : "String typePropId = extProp.getTypePropertyName();",
    "right" : "String typePropId = extProp.getTypePropertyName();",
    "info" : "VariableDeclarationStatement[16876-16926]:VariableDeclarationStatement[17323-17373]"
  }, {
    "left" : "SettableBeanProperty typeProp = otherProps.find(typePropId);",
    "right" : "SettableBeanProperty typeProp = otherProps.find(typePropId);",
    "info" : "VariableDeclarationStatement[16943-17003]:VariableDeclarationStatement[17390-17450]"
  }, {
    "left" : "if (typeProp != null)",
    "right" : "if (typeProp != null)",
    "info" : "IfStatement[17020-17117]:IfStatement[17467-17564]"
  }, {
    "left" : "{}",
    "right" : "{}",
    "info" : "Block[17042-17117]:Block[17489-17564]"
  }, {
    "left" : "extProp.linkTypeProperty(typeProp);",
    "right" : "extProp.linkTypeProperty(typeProp);",
    "info" : "ExpressionStatement[17064-17099]:ExpressionStatement[17511-17546]"
  }, {
    "left" : "extProps[i] = extProp;",
    "right" : "extProps[i] = extProp;",
    "info" : "ExpressionStatement[17134-17156]:ExpressionStatement[17581-17603]"
  }, {
    "left" : "return new ExternalTypeHandler(_beanType, extProps, _nameToPropertyIndex,\n                    null, null);",
    "right" : "return new ExternalTypeHandler(_beanType, extProps, _nameToPropertyIndex,\n                    null, null);",
    "info" : "ReturnStatement[17183-17289]:ReturnStatement[17630-17736]"
  }, {
    "left" : "private",
    "right" : "private",
    "info" : "Modifier[17311-17318]:Modifier[17758-17765]"
  }, {
    "left" : "final",
    "right" : "final",
    "info" : "Modifier[17319-17324]:Modifier[17766-17771]"
  }, {
    "left" : "static",
    "right" : "static",
    "info" : "Modifier[17325-17331]:Modifier[17772-17778]"
  }, {
    "left" : "class",
    "right" : "class",
    "info" : "TYPE_DECLARATION_KIND[17332-17337]:TYPE_DECLARATION_KIND[17779-17784]"
  }, {
    "left" : "public",
    "right" : "public",
    "info" : "Modifier[17629-17635]:Modifier[18076-18082]"
  }, {
    "left" : "ExtTypedProperty",
    "right" : "ExtTypedProperty",
    "info" : "SimpleName[17636-17652]:SimpleName[18083-18099]"
  }, {
    "left" : "SettableBeanProperty property",
    "right" : "SettableBeanProperty property",
    "info" : "SingleVariableDeclaration[17653-17682]:SingleVariableDeclaration[18100-18129]"
  }, {
    "left" : "TypeDeserializer typeDeser",
    "right" : "TypeDeserializer typeDeser",
    "info" : "SingleVariableDeclaration[17684-17710]:SingleVariableDeclaration[18131-18157]"
  }, {
    "left" : "{}",
    "right" : "{}",
    "info" : "Block[17720-17869]:Block[18167-18316]"
  }, {
    "left" : "_property = property;",
    "right" : "_property = property;",
    "info" : "ExpressionStatement[17734-17755]:ExpressionStatement[18181-18202]"
  }, {
    "left" : "_typeDeserializer = typeDeser;",
    "right" : "_typeDeserializer = typeDeser;",
    "info" : "ExpressionStatement[17768-17798]:ExpressionStatement[18215-18245]"
  }, {
    "left" : "_typePropertyName = typeDeser.getPropertyName();",
    "right" : "_typePropertyName = typeDeser.getPropertyName();",
    "info" : "ExpressionStatement[17811-17859]:ExpressionStatement[18258-18306]"
  }, {
    "left" : "public",
    "right" : "public",
    "info" : "Modifier[17925-17931]:Modifier[18372-18378]"
  }, {
    "left" : "void",
    "right" : "void",
    "info" : "PrimitiveType[17932-17936]:PrimitiveType[18379-18383]"
  }, {
    "left" : "linkTypeProperty",
    "right" : "linkTypeProperty",
    "info" : "SimpleName[17937-17953]:SimpleName[18384-18400]"
  }, {
    "left" : "SettableBeanProperty p",
    "right" : "SettableBeanProperty p",
    "info" : "SingleVariableDeclaration[17954-17976]:SingleVariableDeclaration[18401-18423]"
  }, {
    "left" : "{}",
    "right" : "{}",
    "info" : "Block[17978-18020]:Block[18425-18467]"
  }, {
    "left" : "_typeProperty = p;",
    "right" : "_typeProperty = p;",
    "info" : "ExpressionStatement[17992-18010]:ExpressionStatement[18439-18457]"
  }, {
    "left" : "public",
    "right" : "public",
    "info" : "Modifier[18030-18036]:Modifier[18477-18483]"
  }, {
    "left" : "boolean",
    "right" : "boolean",
    "info" : "PrimitiveType[18037-18044]:PrimitiveType[18484-18491]"
  }, {
    "left" : "hasTypePropertyName",
    "right" : "hasTypePropertyName",
    "info" : "SimpleName[18045-18064]:SimpleName[18492-18511]"
  }, {
    "left" : "String n",
    "right" : "String n",
    "info" : "SingleVariableDeclaration[18065-18073]:SingleVariableDeclaration[18512-18520]"
  }, {
    "left" : "{}",
    "right" : "{}",
    "info" : "Block[18075-18134]:Block[18522-18581]"
  }, {
    "left" : "return n.equals(_typePropertyName);",
    "right" : "return n.equals(_typePropertyName);",
    "info" : "ReturnStatement[18089-18124]:ReturnStatement[18536-18571]"
  }, {
    "left" : "public",
    "right" : "public",
    "info" : "Modifier[18144-18150]:Modifier[18591-18597]"
  }, {
    "left" : "boolean",
    "right" : "boolean",
    "info" : "PrimitiveType[18151-18158]:PrimitiveType[18598-18605]"
  }, {
    "left" : "hasDefaultType",
    "right" : "hasDefaultType",
    "info" : "SimpleName[18159-18173]:SimpleName[18606-18620]"
  }, {
    "left" : "{}",
    "right" : "{}",
    "info" : "Block[18176-18250]:Block[18623-18697]"
  }, {
    "left" : "return _typeDeserializer.getDefaultImpl() != null;",
    "right" : "return _typeDeserializer.getDefaultImpl() != null;",
    "info" : "ReturnStatement[18190-18240]:ReturnStatement[18637-18687]"
  }, {
    "left" : "public",
    "right" : "public",
    "info" : "Modifier[18514-18520]:Modifier[18961-18967]"
  }, {
    "left" : "String",
    "right" : "String",
    "info" : "SimpleType[18521-18527]:SimpleType[18968-18974]"
  }, {
    "left" : "getDefaultTypeId",
    "right" : "getDefaultTypeId",
    "info" : "SimpleName[18528-18544]:SimpleName[18975-18991]"
  }, {
    "left" : "{}",
    "right" : "{}",
    "info" : "Block[18547-18807]:Block[18994-19254]"
  }, {
    "left" : "Class<?> defaultType = _typeDeserializer.getDefaultImpl();",
    "right" : "Class<?> defaultType = _typeDeserializer.getDefaultImpl();",
    "info" : "VariableDeclarationStatement[18561-18619]:VariableDeclarationStatement[19008-19066]"
  }, {
    "left" : "if (defaultType == null)",
    "right" : "if (defaultType == null)",
    "info" : "IfStatement[18632-18701]:IfStatement[19079-19148]"
  }, {
    "left" : "{}",
    "right" : "{}",
    "info" : "Block[18657-18701]:Block[19104-19148]"
  }, {
    "left" : "return null;",
    "right" : "return null;",
    "info" : "ReturnStatement[18675-18687]:ReturnStatement[19122-19134]"
  }, {
    "left" : "return _typeDeserializer.getTypeIdResolver().idFromValueAndType(null, defaultType);",
    "right" : "return _typeDeserializer.getTypeIdResolver().idFromValueAndType(null, defaultType);",
    "info" : "ReturnStatement[18714-18797]:ReturnStatement[19161-19244]"
  }, {
    "left" : "public",
    "right" : "public",
    "info" : "Modifier[18817-18823]:Modifier[19264-19270]"
  }, {
    "left" : "String",
    "right" : "String",
    "info" : "SimpleType[18824-18830]:SimpleType[19271-19277]"
  }, {
    "left" : "getTypePropertyName",
    "right" : "getTypePropertyName",
    "info" : "SimpleName[18831-18850]:SimpleName[19278-19297]"
  }, {
    "left" : "{}",
    "right" : "{}",
    "info" : "Block[18853-18882]:Block[19300-19329]"
  }, {
    "left" : "return _typePropertyName;",
    "right" : "return _typePropertyName;",
    "info" : "ReturnStatement[18855-18880]:ReturnStatement[19302-19327]"
  }, {
    "left" : "public",
    "right" : "public",
    "info" : "Modifier[18892-18898]:Modifier[19339-19345]"
  }, {
    "left" : "SettableBeanProperty",
    "right" : "SettableBeanProperty",
    "info" : "SimpleType[18899-18919]:SimpleType[19346-19366]"
  }, {
    "left" : "getProperty",
    "right" : "getProperty",
    "info" : "SimpleName[18920-18931]:SimpleName[19367-19378]"
  }, {
    "left" : "{}",
    "right" : "{}",
    "info" : "Block[18934-18975]:Block[19381-19422]"
  }, {
    "left" : "return _property;",
    "right" : "return _property;",
    "info" : "ReturnStatement[18948-18965]:ReturnStatement[19395-19412]"
  }, {
    "left" : "public",
    "right" : "public",
    "info" : "Modifier[19031-19037]:Modifier[19478-19484]"
  }, {
    "left" : "SettableBeanProperty",
    "right" : "SettableBeanProperty",
    "info" : "SimpleType[19038-19058]:SimpleType[19485-19505]"
  }, {
    "left" : "getTypeProperty",
    "right" : "getTypeProperty",
    "info" : "SimpleName[19059-19074]:SimpleName[19506-19521]"
  }, {
    "left" : "{}",
    "right" : "{}",
    "info" : "Block[19077-19122]:Block[19524-19569]"
  }, {
    "left" : "return _typeProperty;",
    "right" : "return _typeProperty;",
    "info" : "ReturnStatement[19091-19112]:ReturnStatement[19538-19559]"
  } ]
}