{
  "matchedElements" : [
 {
    "left" : "class : ObjectIdValueProperty",
    "right" : "class : ObjectIdValueProperty",
    "info" : "TypeDeclaration[322-3823]:TypeDeclaration[367-3890]"
  }, {
    "left" : "serialVersionUID",
    "right" : "serialVersionUID",
    "info" : "FieldDeclaration[577-625]:FieldDeclaration[622-670]"
  }, {
    "left" : "_objectIdReader",
    "right" : "_objectIdReader",
    "info" : "FieldDeclaration[631-678]:FieldDeclaration[676-723]"
  }, {
    "left" : "public ObjectIdValueProperty(objectIdReader , metadata )",
    "right" : "public ObjectIdValueProperty(objectIdReader , metadata )",
    "info" : "MethodDeclaration[684-968]:MethodDeclaration[729-1013]"
  }, {
    "left" : "protected ObjectIdValueProperty(src , deser )",
    "right" : "protected ObjectIdValueProperty(src , deser )",
    "info" : "MethodDeclaration[974-1145]:MethodDeclaration[1019-1190]"
  }, {
    "left" : "protected ObjectIdValueProperty(src , newName )",
    "right" : "protected ObjectIdValueProperty(src , newName )",
    "info" : "MethodDeclaration[1151-1315]:MethodDeclaration[1196-1360]"
  }, {
    "left" : "public withName(newName ) : ",
    "right" : "public withName(newName ) : ",
    "info" : "MethodDeclaration[1321-1459]:MethodDeclaration[1366-1504]"
  }, {
    "left" : "public withValueDeserializer(deser ) : ",
    "right" : "public withValueDeserializer(deser ) : ",
    "info" : "MethodDeclaration[1465-1619]:MethodDeclaration[1510-1664]"
  }, {
    "left" : "public getAnnotation(acls ...) : ",
    "right" : "public getAnnotation(acls ...) : ",
    "info" : "MethodDeclaration[1665-1768]:MethodDeclaration[1710-1813]"
  }, {
    "left" : "public getMember() : ",
    "right" : "public getMember() : ",
    "info" : "MethodDeclaration[1774-1836]:MethodDeclaration[1819-1881]"
  }, {
    "left" : "public deserializeAndSet(p , ctxt , instance ) : void",
    "right" : "public deserializeAndSet(p , ctxt , instance ) : void",
    "info" : "MethodDeclaration[2017-2215]:MethodDeclaration[2062-2260]"
  }, {
    "left" : "public deserializeSetAndReturn(p , ctxt , instance ) : ",
    "right" : "public deserializeSetAndReturn(p , ctxt , instance ) : ",
    "info" : "MethodDeclaration[2221-3270]:MethodDeclaration[2266-3337]"
  }, {
    "left" : "public set(instance , value ) : void",
    "right" : "public set(instance , value ) : void",
    "info" : "MethodDeclaration[3276-3402]:MethodDeclaration[3343-3469]"
  }, {
    "left" : "public setAndReturn(instance , value ) : ",
    "right" : "public setAndReturn(instance , value ) : ",
    "info" : "MethodDeclaration[3408-3821]:MethodDeclaration[3475-3888]"
  } ],
  "mappings" : [
 {
    "left" : "public",
    "right" : "public",
    "info" : "Modifier[497-503]:Modifier[542-548]"
  }, {
    "left" : "final",
    "right" : "final",
    "info" : "Modifier[504-509]:Modifier[549-554]"
  }, {
    "left" : "class",
    "right" : "class",
    "info" : "TYPE_DECLARATION_KIND[510-515]:TYPE_DECLARATION_KIND[555-560]"
  }, {
    "left" : "public",
    "right" : "public",
    "info" : "Modifier[684-690]:Modifier[729-735]"
  }, {
    "left" : "ObjectIdValueProperty",
    "right" : "ObjectIdValueProperty",
    "info" : "SimpleName[691-712]:SimpleName[736-757]"
  }, {
    "left" : "ObjectIdReader objectIdReader",
    "right" : "ObjectIdReader objectIdReader",
    "info" : "SingleVariableDeclaration[713-742]:SingleVariableDeclaration[758-787]"
  }, {
    "left" : "PropertyMetadata metadata",
    "right" : "PropertyMetadata metadata",
    "info" : "SingleVariableDeclaration[756-781]:SingleVariableDeclaration[801-826]"
  }, {
    "left" : "{}",
    "right" : "{}",
    "info" : "Block[787-968]:Block[832-1013]"
  }, {
    "left" : "super(objectIdReader.propertyName, objectIdReader.getIdType(), metadata,\n                objectIdReader.getDeserializer());",
    "right" : "super(objectIdReader.propertyName, objectIdReader.getIdType(), metadata,\n                objectIdReader.getDeserializer());",
    "info" : "SuperConstructorInvocation[797-920]:SuperConstructorInvocation[842-965]"
  }, {
    "left" : "_objectIdReader = objectIdReader;",
    "right" : "_objectIdReader = objectIdReader;",
    "info" : "ExpressionStatement[929-962]:ExpressionStatement[974-1007]"
  }, {
    "left" : "protected",
    "right" : "protected",
    "info" : "Modifier[974-983]:Modifier[1019-1028]"
  }, {
    "left" : "ObjectIdValueProperty",
    "right" : "ObjectIdValueProperty",
    "info" : "SimpleName[984-1005]:SimpleName[1029-1050]"
  }, {
    "left" : "ObjectIdValueProperty src",
    "right" : "ObjectIdValueProperty src",
    "info" : "SingleVariableDeclaration[1006-1031]:SingleVariableDeclaration[1051-1076]"
  }, {
    "left" : "JsonDeserializer<?> deser",
    "right" : "JsonDeserializer<?> deser",
    "info" : "SingleVariableDeclaration[1033-1058]:SingleVariableDeclaration[1078-1103]"
  }, {
    "left" : "{}",
    "right" : "{}",
    "info" : "Block[1064-1145]:Block[1109-1190]"
  }, {
    "left" : "super(src, deser);",
    "right" : "super(src, deser);",
    "info" : "SuperConstructorInvocation[1074-1092]:SuperConstructorInvocation[1119-1137]"
  }, {
    "left" : "_objectIdReader = src._objectIdReader;",
    "right" : "_objectIdReader = src._objectIdReader;",
    "info" : "ExpressionStatement[1101-1139]:ExpressionStatement[1146-1184]"
  }, {
    "left" : "protected",
    "right" : "protected",
    "info" : "Modifier[1151-1160]:Modifier[1196-1205]"
  }, {
    "left" : "ObjectIdValueProperty",
    "right" : "ObjectIdValueProperty",
    "info" : "SimpleName[1161-1182]:SimpleName[1206-1227]"
  }, {
    "left" : "ObjectIdValueProperty src",
    "right" : "ObjectIdValueProperty src",
    "info" : "SingleVariableDeclaration[1183-1208]:SingleVariableDeclaration[1228-1253]"
  }, {
    "left" : "PropertyName newName",
    "right" : "PropertyName newName",
    "info" : "SingleVariableDeclaration[1210-1230]:SingleVariableDeclaration[1255-1275]"
  }, {
    "left" : "{}",
    "right" : "{}",
    "info" : "Block[1232-1315]:Block[1277-1360]"
  }, {
    "left" : "super(src, newName);",
    "right" : "super(src, newName);",
    "info" : "SuperConstructorInvocation[1242-1262]:SuperConstructorInvocation[1287-1307]"
  }, {
    "left" : "_objectIdReader = src._objectIdReader;",
    "right" : "_objectIdReader = src._objectIdReader;",
    "info" : "ExpressionStatement[1271-1309]:ExpressionStatement[1316-1354]"
  }, {
    "left" : "@Override",
    "right" : "@Override",
    "info" : "MarkerAnnotation[1321-1330]:MarkerAnnotation[1366-1375]"
  }, {
    "left" : "public",
    "right" : "public",
    "info" : "Modifier[1335-1341]:Modifier[1380-1386]"
  }, {
    "left" : "ObjectIdValueProperty",
    "right" : "ObjectIdValueProperty",
    "info" : "SimpleType[1342-1363]:SimpleType[1387-1408]"
  }, {
    "left" : "withName",
    "right" : "withName",
    "info" : "SimpleName[1364-1372]:SimpleName[1409-1417]"
  }, {
    "left" : "PropertyName newName",
    "right" : "PropertyName newName",
    "info" : "SingleVariableDeclaration[1373-1393]:SingleVariableDeclaration[1418-1438]"
  }, {
    "left" : "{}",
    "right" : "{}",
    "info" : "Block[1395-1459]:Block[1440-1504]"
  }, {
    "left" : "return new ObjectIdValueProperty(this, newName);",
    "right" : "return new ObjectIdValueProperty(this, newName);",
    "info" : "ReturnStatement[1405-1453]:ReturnStatement[1450-1498]"
  }, {
    "left" : "@Override",
    "right" : "@Override",
    "info" : "MarkerAnnotation[1465-1474]:MarkerAnnotation[1510-1519]"
  }, {
    "left" : "public",
    "right" : "public",
    "info" : "Modifier[1479-1485]:Modifier[1524-1530]"
  }, {
    "left" : "ObjectIdValueProperty",
    "right" : "ObjectIdValueProperty",
    "info" : "SimpleType[1486-1507]:SimpleType[1531-1552]"
  }, {
    "left" : "withValueDeserializer",
    "right" : "withValueDeserializer",
    "info" : "SimpleName[1508-1529]:SimpleName[1553-1574]"
  }, {
    "left" : "JsonDeserializer<?> deser",
    "right" : "JsonDeserializer<?> deser",
    "info" : "SingleVariableDeclaration[1530-1555]:SingleVariableDeclaration[1575-1600]"
  }, {
    "left" : "{}",
    "right" : "{}",
    "info" : "Block[1557-1619]:Block[1602-1664]"
  }, {
    "left" : "return new ObjectIdValueProperty(this, deser);",
    "right" : "return new ObjectIdValueProperty(this, deser);",
    "info" : "ReturnStatement[1567-1613]:ReturnStatement[1612-1658]"
  }, {
    "left" : "@Override",
    "right" : "@Override",
    "info" : "MarkerAnnotation[1665-1674]:MarkerAnnotation[1710-1719]"
  }, {
    "left" : "public",
    "right" : "public",
    "info" : "Modifier[1679-1685]:Modifier[1724-1730]"
  }, {
    "left" : "A extends Annotation",
    "right" : "A extends Annotation",
    "info" : "TypeParameter[1687-1707]:TypeParameter[1732-1752]"
  }, {
    "left" : "A",
    "right" : "A",
    "info" : "SimpleType[1709-1710]:SimpleType[1754-1755]"
  }, {
    "left" : "getAnnotation",
    "right" : "getAnnotation",
    "info" : "SimpleName[1711-1724]:SimpleName[1756-1769]"
  }, {
    "left" : "Class<A> acls",
    "right" : "Class<A> acls",
    "info" : "SingleVariableDeclaration[1725-1738]:SingleVariableDeclaration[1770-1783]"
  }, {
    "left" : "{}",
    "right" : "{}",
    "info" : "Block[1740-1768]:Block[1785-1813]"
  }, {
    "left" : "return null;",
    "right" : "return null;",
    "info" : "ReturnStatement[1750-1762]:ReturnStatement[1795-1807]"
  }, {
    "left" : "@Override",
    "right" : "@Override",
    "info" : "MarkerAnnotation[1774-1783]:MarkerAnnotation[1819-1828]"
  }, {
    "left" : "public",
    "right" : "public",
    "info" : "Modifier[1784-1790]:Modifier[1829-1835]"
  }, {
    "left" : "AnnotatedMember",
    "right" : "AnnotatedMember",
    "info" : "SimpleType[1791-1806]:SimpleType[1836-1851]"
  }, {
    "left" : "getMember",
    "right" : "getMember",
    "info" : "SimpleName[1807-1816]:SimpleName[1852-1861]"
  }, {
    "left" : "{}",
    "right" : "{}",
    "info" : "Block[1819-1836]:Block[1864-1881]"
  }, {
    "left" : "return null;",
    "right" : "return null;",
    "info" : "ReturnStatement[1822-1834]:ReturnStatement[1867-1879]"
  }, {
    "left" : "@Override",
    "right" : "@Override",
    "info" : "MarkerAnnotation[2017-2026]:MarkerAnnotation[2062-2071]"
  }, {
    "left" : "public",
    "right" : "public",
    "info" : "Modifier[2031-2037]:Modifier[2076-2082]"
  }, {
    "left" : "void",
    "right" : "void",
    "info" : "PrimitiveType[2038-2042]:PrimitiveType[2083-2087]"
  }, {
    "left" : "deserializeAndSet",
    "right" : "deserializeAndSet",
    "info" : "SimpleName[2043-2060]:SimpleName[2088-2105]"
  }, {
    "left" : "JsonParser p",
    "right" : "JsonParser p",
    "info" : "SingleVariableDeclaration[2061-2073]:SingleVariableDeclaration[2106-2118]"
  }, {
    "left" : "DeserializationContext ctxt",
    "right" : "DeserializationContext ctxt",
    "info" : "SingleVariableDeclaration[2075-2102]:SingleVariableDeclaration[2120-2147]"
  }, {
    "left" : "Object instance",
    "right" : "Object instance",
    "info" : "SingleVariableDeclaration[2116-2131]:SingleVariableDeclaration[2161-2176]"
  }, {
    "left" : "IOException",
    "right" : "IOException",
    "info" : "SimpleType[2140-2151]:SimpleType[2185-2196]"
  }, {
    "left" : "{}",
    "right" : "{}",
    "info" : "Block[2156-2215]:Block[2201-2260]"
  }, {
    "left" : "deserializeSetAndReturn(p, ctxt, instance);",
    "right" : "deserializeSetAndReturn(p, ctxt, instance);",
    "info" : "ExpressionStatement[2166-2209]:ExpressionStatement[2211-2254]"
  }, {
    "left" : "@Override",
    "right" : "@Override",
    "info" : "MarkerAnnotation[2221-2230]:MarkerAnnotation[2266-2275]"
  }, {
    "left" : "public",
    "right" : "public",
    "info" : "Modifier[2235-2241]:Modifier[2280-2286]"
  }, {
    "left" : "Object",
    "right" : "Object",
    "info" : "SimpleType[2242-2248]:SimpleType[2287-2293]"
  }, {
    "left" : "deserializeSetAndReturn",
    "right" : "deserializeSetAndReturn",
    "info" : "SimpleName[2249-2272]:SimpleName[2294-2317]"
  }, {
    "left" : "JsonParser p",
    "right" : "JsonParser p",
    "info" : "SingleVariableDeclaration[2273-2285]:SingleVariableDeclaration[2318-2330]"
  }, {
    "left" : "DeserializationContext ctxt",
    "right" : "DeserializationContext ctxt",
    "info" : "SingleVariableDeclaration[2293-2320]:SingleVariableDeclaration[2338-2365]"
  }, {
    "left" : "Object instance",
    "right" : "Object instance",
    "info" : "SingleVariableDeclaration[2322-2337]:SingleVariableDeclaration[2367-2382]"
  }, {
    "left" : "IOException",
    "right" : "IOException",
    "info" : "SimpleType[2346-2357]:SimpleType[2391-2402]"
  }, {
    "left" : "{}",
    "right" : "{}",
    "info" : "Block[2362-3270]:Block[2407-3337]"
  }, {
    "left" : "Object id = _valueDeserializer.deserialize(p, ctxt);",
    "right" : "Object id = _valueDeserializer.deserialize(p, ctxt);",
    "info" : "VariableDeclarationStatement[2372-2424]:VariableDeclarationStatement[2895-2947]"
  }, {
    "left" : "if (id == null)",
    "right" : "if (p.hasToken(JsonToken.VALUE_NULL))",
    "info" : "IfStatement[2828-2880]:IfStatement[2812-2886]"
  }, {
    "left" : "{}",
    "right" : "{}",
    "info" : "Block[2844-2880]:Block[2850-2886]"
  }, {
    "left" : "return null;",
    "right" : "return null;",
    "info" : "ReturnStatement[2858-2870]:ReturnStatement[2864-2876]"
  }, {
    "left" : "ReadableObjectId roid = ctxt.findObjectId(id, _objectIdReader.generator, _objectIdReader.resolver);",
    "right" : "ReadableObjectId roid = ctxt.findObjectId(id, _objectIdReader.generator, _objectIdReader.resolver);",
    "info" : "VariableDeclarationStatement[2889-2988]:VariableDeclarationStatement[2956-3055]"
  }, {
    "left" : "roid.bindItem(instance);",
    "right" : "roid.bindItem(instance);",
    "info" : "ExpressionStatement[2997-3021]:ExpressionStatement[3064-3088]"
  }, {
    "left" : "SettableBeanProperty idProp = _objectIdReader.idProperty;",
    "right" : "SettableBeanProperty idProp = _objectIdReader.idProperty;",
    "info" : "VariableDeclarationStatement[3088-3145]:VariableDeclarationStatement[3155-3212]"
  }, {
    "left" : "if (idProp != null)",
    "right" : "if (idProp != null)",
    "info" : "IfStatement[3154-3239]:IfStatement[3221-3306]"
  }, {
    "left" : "{}",
    "right" : "{}",
    "info" : "Block[3174-3239]:Block[3241-3306]"
  }, {
    "left" : "return idProp.setAndReturn(instance, id);",
    "right" : "return idProp.setAndReturn(instance, id);",
    "info" : "ReturnStatement[3188-3229]:ReturnStatement[3255-3296]"
  }, {
    "left" : "return instance;",
    "right" : "return instance;",
    "info" : "ReturnStatement[3248-3264]:ReturnStatement[3315-3331]"
  }, {
    "left" : "@Override",
    "right" : "@Override",
    "info" : "MarkerAnnotation[3276-3285]:MarkerAnnotation[3343-3352]"
  }, {
    "left" : "public",
    "right" : "public",
    "info" : "Modifier[3290-3296]:Modifier[3357-3363]"
  }, {
    "left" : "void",
    "right" : "void",
    "info" : "PrimitiveType[3297-3301]:PrimitiveType[3364-3368]"
  }, {
    "left" : "set",
    "right" : "set",
    "info" : "SimpleName[3302-3305]:SimpleName[3369-3372]"
  }, {
    "left" : "Object instance",
    "right" : "Object instance",
    "info" : "SingleVariableDeclaration[3306-3321]:SingleVariableDeclaration[3373-3388]"
  }, {
    "left" : "Object value",
    "right" : "Object value",
    "info" : "SingleVariableDeclaration[3323-3335]:SingleVariableDeclaration[3390-3402]"
  }, {
    "left" : "IOException",
    "right" : "IOException",
    "info" : "SimpleType[3344-3355]:SimpleType[3411-3422]"
  }, {
    "left" : "{}",
    "right" : "{}",
    "info" : "Block[3356-3402]:Block[3423-3469]"
  }, {
    "left" : "setAndReturn(instance, value);",
    "right" : "setAndReturn(instance, value);",
    "info" : "ExpressionStatement[3366-3396]:ExpressionStatement[3433-3463]"
  }, {
    "left" : "@Override",
    "right" : "@Override",
    "info" : "MarkerAnnotation[3408-3417]:MarkerAnnotation[3475-3484]"
  }, {
    "left" : "public",
    "right" : "public",
    "info" : "Modifier[3422-3428]:Modifier[3489-3495]"
  }, {
    "left" : "Object",
    "right" : "Object",
    "info" : "SimpleType[3429-3435]:SimpleType[3496-3502]"
  }, {
    "left" : "setAndReturn",
    "right" : "setAndReturn",
    "info" : "SimpleName[3436-3448]:SimpleName[3503-3515]"
  }, {
    "left" : "Object instance",
    "right" : "Object instance",
    "info" : "SingleVariableDeclaration[3449-3464]:SingleVariableDeclaration[3516-3531]"
  }, {
    "left" : "Object value",
    "right" : "Object value",
    "info" : "SingleVariableDeclaration[3466-3478]:SingleVariableDeclaration[3533-3545]"
  }, {
    "left" : "IOException",
    "right" : "IOException",
    "info" : "SimpleType[3487-3498]:SimpleType[3554-3565]"
  }, {
    "left" : "{}",
    "right" : "{}",
    "info" : "Block[3503-3821]:Block[3570-3888]"
  }, {
    "left" : "SettableBeanProperty idProp = _objectIdReader.idProperty;",
    "right" : "SettableBeanProperty idProp = _objectIdReader.idProperty;",
    "info" : "VariableDeclarationStatement[3513-3570]:VariableDeclarationStatement[3580-3637]"
  }, {
    "left" : "if (idProp == null)",
    "right" : "if (idProp == null)",
    "info" : "IfStatement[3579-3762]:IfStatement[3646-3829]"
  }, {
    "left" : "{}",
    "right" : "{}",
    "info" : "Block[3599-3762]:Block[3666-3829]"
  }, {
    "left" : "throw new UnsupportedOperationException(\n                    \"Should not call set() on ObjectIdProperty that has no SettableBeanProperty\");",
    "right" : "throw new UnsupportedOperationException(\n                    \"Should not call set() on ObjectIdProperty that has no SettableBeanProperty\");",
    "info" : "ThrowStatement[3613-3752]:ThrowStatement[3680-3819]"
  }, {
    "left" : "return idProp.setAndReturn(instance, value);",
    "right" : "return idProp.setAndReturn(instance, value);",
    "info" : "ReturnStatement[3771-3815]:ReturnStatement[3838-3882]"
  } ]
}