{
  "matchedElements" : [
 {
    "left" : "class : ListPopulation",
    "right" : "class : ListPopulation",
    "info" : "TypeDeclaration[1318-8283]:TypeDeclaration[1318-8288]"
  }, {
    "left" : "chromosomes",
    "right" : "chromosomes",
    "info" : "FieldDeclaration[1486-1554]:FieldDeclaration[1486-1554]"
  }, {
    "left" : "populationLimit",
    "right" : "populationLimit",
    "info" : "FieldDeclaration[1560-1630]:FieldDeclaration[1560-1630]"
  }, {
    "left" : "public ListPopulation(populationLimit int)",
    "right" : "public ListPopulation(populationLimit int)",
    "info" : "MethodDeclaration[1636-2027]:MethodDeclaration[1636-2027]"
  }, {
    "left" : "public ListPopulation(chromosomes , populationLimit int)",
    "right" : "public ListPopulation(chromosomes , populationLimit int)",
    "info" : "MethodDeclaration[2033-3363]:MethodDeclaration[2033-3363]"
  }, {
    "left" : "public setChromosomes(chromosomes ...) : void",
    "right" : "public setChromosomes(chromosomes ...) : void",
    "info" : "MethodDeclaration[3369-4383]:MethodDeclaration[3369-4383]"
  }, {
    "left" : "public addChromosomes(chromosomeColl ) : void",
    "right" : "public addChromosomes(chromosomeColl ) : void",
    "info" : "MethodDeclaration[4389-5094]:MethodDeclaration[4389-5094]"
  }, {
    "left" : "public getChromosomes() : ",
    "right" : "public getChromosomes() : ",
    "info" : "MethodDeclaration[5100-5349]:MethodDeclaration[5100-5349]"
  }, {
    "left" : "protected getChromosomeList() : ",
    "right" : "protected getChromosomeList() : ",
    "info" : "MethodDeclaration[5355-5531]:MethodDeclaration[5355-5531]"
  }, {
    "left" : "public addChromosome(chromosome ) : void",
    "right" : "public addChromosome(chromosome ) : void",
    "info" : "MethodDeclaration[5537-6162]:MethodDeclaration[5537-6162]"
  }, {
    "left" : "public getFittestChromosome() : ",
    "right" : "public getFittestChromosome() : ",
    "info" : "MethodDeclaration[6168-6672]:MethodDeclaration[6168-6672]"
  }, {
    "left" : "public getPopulationLimit() : int",
    "right" : "public getPopulationLimit() : int",
    "info" : "MethodDeclaration[6678-6857]:MethodDeclaration[6678-6857]"
  }, {
    "left" : "public setPopulationLimit(populationLimit int) : void",
    "right" : "public setPopulationLimit(populationLimit int) : void",
    "info" : "MethodDeclaration[6863-7634]:MethodDeclaration[6863-7634]"
  }, {
    "left" : "public getPopulationSize() : int",
    "right" : "public getPopulationSize() : int",
    "info" : "MethodDeclaration[7640-7821]:MethodDeclaration[7640-7821]"
  }, {
    "left" : "public toString() : ",
    "right" : "public toString() : ",
    "info" : "MethodDeclaration[7827-7954]:MethodDeclaration[7827-7954]"
  }, {
    "left" : "public iterator() : ",
    "right" : "public iterator() : ",
    "info" : "MethodDeclaration[7960-8281]:MethodDeclaration[7960-8286]"
  } ],
  "mappings" : [
 {
    "left" : "public",
    "right" : "public",
    "info" : "Modifier[1420-1426]:Modifier[1420-1426]"
  }, {
    "left" : "abstract",
    "right" : "abstract",
    "info" : "Modifier[1427-1435]:Modifier[1427-1435]"
  }, {
    "left" : "class",
    "right" : "class",
    "info" : "TYPE_DECLARATION_KIND[1436-1441]:TYPE_DECLARATION_KIND[1436-1441]"
  }, {
    "left" : "public",
    "right" : "public",
    "info" : "Modifier[1902-1908]:Modifier[1902-1908]"
  }, {
    "left" : "ListPopulation",
    "right" : "ListPopulation",
    "info" : "SimpleName[1909-1923]:SimpleName[1909-1923]"
  }, {
    "left" : "final int populationLimit",
    "right" : "final int populationLimit",
    "info" : "SingleVariableDeclaration[1924-1949]:SingleVariableDeclaration[1924-1949]"
  }, {
    "left" : "{}",
    "right" : "{}",
    "info" : "Block[1951-2027]:Block[1951-2027]"
  }, {
    "left" : "this(Collections.<Chromosome> emptyList(), populationLimit);",
    "right" : "this(Collections.<Chromosome> emptyList(), populationLimit);",
    "info" : "ConstructorInvocation[1961-2021]:ConstructorInvocation[1961-2021]"
  }, {
    "left" : "public",
    "right" : "public",
    "info" : "Modifier[2590-2596]:Modifier[2590-2596]"
  }, {
    "left" : "ListPopulation",
    "right" : "ListPopulation",
    "info" : "SimpleName[2597-2611]:SimpleName[2597-2611]"
  }, {
    "left" : "final List<Chromosome> chromosomes",
    "right" : "final List<Chromosome> chromosomes",
    "info" : "SingleVariableDeclaration[2612-2646]:SingleVariableDeclaration[2612-2646]"
  }, {
    "left" : "final int populationLimit",
    "right" : "final int populationLimit",
    "info" : "SingleVariableDeclaration[2648-2673]:SingleVariableDeclaration[2648-2673]"
  }, {
    "left" : "{}",
    "right" : "{}",
    "info" : "Block[2675-3363]:Block[2675-3363]"
  }, {
    "left" : "if (chromosomes == null)",
    "right" : "if (chromosomes == null)",
    "info" : "IfStatement[2685-2768]:IfStatement[2685-2768]"
  }, {
    "left" : "{}",
    "right" : "{}",
    "info" : "Block[2710-2768]:Block[2710-2768]"
  }, {
    "left" : "throw new NullArgumentException();",
    "right" : "throw new NullArgumentException();",
    "info" : "ThrowStatement[2724-2758]:ThrowStatement[2724-2758]"
  }, {
    "left" : "if (populationLimit <= 0)",
    "right" : "if (populationLimit <= 0)",
    "info" : "IfStatement[2777-2923]:IfStatement[2777-2923]"
  }, {
    "left" : "{}",
    "right" : "{}",
    "info" : "Block[2803-2923]:Block[2803-2923]"
  }, {
    "left" : "throw new NotPositiveException(LocalizedFormats.POPULATION_LIMIT_NOT_POSITIVE, populationLimit);",
    "right" : "throw new NotPositiveException(LocalizedFormats.POPULATION_LIMIT_NOT_POSITIVE, populationLimit);",
    "info" : "ThrowStatement[2817-2913]:ThrowStatement[2817-2913]"
  }, {
    "left" : "if (chromosomes.size() > populationLimit)",
    "right" : "if (chromosomes.size() > populationLimit)",
    "info" : "IfStatement[2932-3192]:IfStatement[2932-3192]"
  }, {
    "left" : "{}",
    "right" : "{}",
    "info" : "Block[2974-3192]:Block[2974-3192]"
  }, {
    "left" : "throw new NumberIsTooLargeException(LocalizedFormats.LIST_OF_CHROMOSOMES_BIGGER_THAN_POPULATION_SIZE,\n                                                chromosomes.size(), populationLimit, false);",
    "right" : "throw new NumberIsTooLargeException(LocalizedFormats.LIST_OF_CHROMOSOMES_BIGGER_THAN_POPULATION_SIZE,\n                                                chromosomes.size(), populationLimit, false);",
    "info" : "ThrowStatement[2988-3182]:ThrowStatement[2988-3182]"
  }, {
    "left" : "this.populationLimit = populationLimit;",
    "right" : "this.populationLimit = populationLimit;",
    "info" : "ExpressionStatement[3201-3240]:ExpressionStatement[3201-3240]"
  }, {
    "left" : "this.chromosomes = new ArrayList<Chromosome>(populationLimit);",
    "right" : "this.chromosomes = new ArrayList<Chromosome>(populationLimit);",
    "info" : "ExpressionStatement[3249-3311]:ExpressionStatement[3249-3311]"
  }, {
    "left" : "this.chromosomes.addAll(chromosomes);",
    "right" : "this.chromosomes.addAll(chromosomes);",
    "info" : "ExpressionStatement[3320-3357]:ExpressionStatement[3320-3357]"
  }, {
    "left" : "public",
    "right" : "public",
    "info" : "Modifier[3872-3878]:Modifier[3872-3878]"
  }, {
    "left" : "void",
    "right" : "void",
    "info" : "PrimitiveType[3879-3883]:PrimitiveType[3879-3883]"
  }, {
    "left" : "setChromosomes",
    "right" : "setChromosomes",
    "info" : "SimpleName[3884-3898]:SimpleName[3884-3898]"
  }, {
    "left" : "final List<Chromosome> chromosomes",
    "right" : "final List<Chromosome> chromosomes",
    "info" : "SingleVariableDeclaration[3899-3933]:SingleVariableDeclaration[3899-3933]"
  }, {
    "left" : "{}",
    "right" : "{}",
    "info" : "Block[3935-4383]:Block[3935-4383]"
  }, {
    "left" : "if (chromosomes == null)",
    "right" : "if (chromosomes == null)",
    "info" : "IfStatement[3945-4028]:IfStatement[3945-4028]"
  }, {
    "left" : "{}",
    "right" : "{}",
    "info" : "Block[3970-4028]:Block[3970-4028]"
  }, {
    "left" : "throw new NullArgumentException();",
    "right" : "throw new NullArgumentException();",
    "info" : "ThrowStatement[3984-4018]:ThrowStatement[3984-4018]"
  }, {
    "left" : "if (chromosomes.size() > populationLimit)",
    "right" : "if (chromosomes.size() > populationLimit)",
    "info" : "IfStatement[4037-4297]:IfStatement[4037-4297]"
  }, {
    "left" : "{}",
    "right" : "{}",
    "info" : "Block[4079-4297]:Block[4079-4297]"
  }, {
    "left" : "throw new NumberIsTooLargeException(LocalizedFormats.LIST_OF_CHROMOSOMES_BIGGER_THAN_POPULATION_SIZE,\n                                                chromosomes.size(), populationLimit, false);",
    "right" : "throw new NumberIsTooLargeException(LocalizedFormats.LIST_OF_CHROMOSOMES_BIGGER_THAN_POPULATION_SIZE,\n                                                chromosomes.size(), populationLimit, false);",
    "info" : "ThrowStatement[4093-4287]:ThrowStatement[4093-4287]"
  }, {
    "left" : "this.chromosomes.clear();",
    "right" : "this.chromosomes.clear();",
    "info" : "ExpressionStatement[4306-4331]:ExpressionStatement[4306-4331]"
  }, {
    "left" : "this.chromosomes.addAll(chromosomes);",
    "right" : "this.chromosomes.addAll(chromosomes);",
    "info" : "ExpressionStatement[4340-4377]:ExpressionStatement[4340-4377]"
  }, {
    "left" : "public",
    "right" : "public",
    "info" : "Modifier[4673-4679]:Modifier[4673-4679]"
  }, {
    "left" : "void",
    "right" : "void",
    "info" : "PrimitiveType[4680-4684]:PrimitiveType[4680-4684]"
  }, {
    "left" : "addChromosomes",
    "right" : "addChromosomes",
    "info" : "SimpleName[4685-4699]:SimpleName[4685-4699]"
  }, {
    "left" : "final Collection<Chromosome> chromosomeColl",
    "right" : "final Collection<Chromosome> chromosomeColl",
    "info" : "SingleVariableDeclaration[4700-4743]:SingleVariableDeclaration[4700-4743]"
  }, {
    "left" : "{}",
    "right" : "{}",
    "info" : "Block[4745-5094]:Block[4745-5094]"
  }, {
    "left" : "if (chromosomes.size() + chromosomeColl.size() > populationLimit)",
    "right" : "if (chromosomes.size() + chromosomeColl.size() > populationLimit)",
    "info" : "IfStatement[4755-5039]:IfStatement[4755-5039]"
  }, {
    "left" : "{}",
    "right" : "{}",
    "info" : "Block[4821-5039]:Block[4821-5039]"
  }, {
    "left" : "throw new NumberIsTooLargeException(LocalizedFormats.LIST_OF_CHROMOSOMES_BIGGER_THAN_POPULATION_SIZE,\n                                                chromosomes.size(), populationLimit, false);",
    "right" : "throw new NumberIsTooLargeException(LocalizedFormats.LIST_OF_CHROMOSOMES_BIGGER_THAN_POPULATION_SIZE,\n                                                chromosomes.size(), populationLimit, false);",
    "info" : "ThrowStatement[4835-5029]:ThrowStatement[4835-5029]"
  }, {
    "left" : "this.chromosomes.addAll(chromosomeColl);",
    "right" : "this.chromosomes.addAll(chromosomeColl);",
    "info" : "ExpressionStatement[5048-5088]:ExpressionStatement[5048-5088]"
  }, {
    "left" : "public",
    "right" : "public",
    "info" : "Modifier[5243-5249]:Modifier[5243-5249]"
  }, {
    "left" : "List<Chromosome>",
    "right" : "List<Chromosome>",
    "info" : "ParameterizedType[5250-5266]:ParameterizedType[5250-5266]"
  }, {
    "left" : "getChromosomes",
    "right" : "getChromosomes",
    "info" : "SimpleName[5267-5281]:SimpleName[5267-5281]"
  }, {
    "left" : "{}",
    "right" : "{}",
    "info" : "Block[5284-5349]:Block[5284-5349]"
  }, {
    "left" : "return Collections.unmodifiableList(chromosomes);",
    "right" : "return Collections.unmodifiableList(chromosomes);",
    "info" : "ReturnStatement[5294-5343]:ReturnStatement[5294-5343]"
  }, {
    "left" : "protected",
    "right" : "protected",
    "info" : "Modifier[5449-5458]:Modifier[5449-5458]"
  }, {
    "left" : "List<Chromosome>",
    "right" : "List<Chromosome>",
    "info" : "ParameterizedType[5459-5475]:ParameterizedType[5459-5475]"
  }, {
    "left" : "getChromosomeList",
    "right" : "getChromosomeList",
    "info" : "SimpleName[5476-5493]:SimpleName[5476-5493]"
  }, {
    "left" : "{}",
    "right" : "{}",
    "info" : "Block[5496-5531]:Block[5496-5531]"
  }, {
    "left" : "return chromosomes;",
    "right" : "return chromosomes;",
    "info" : "ReturnStatement[5506-5525]:ReturnStatement[5506-5525]"
  }, {
    "left" : "public",
    "right" : "public",
    "info" : "Modifier[5788-5794]:Modifier[5788-5794]"
  }, {
    "left" : "void",
    "right" : "void",
    "info" : "PrimitiveType[5795-5799]:PrimitiveType[5795-5799]"
  }, {
    "left" : "addChromosome",
    "right" : "addChromosome",
    "info" : "SimpleName[5800-5813]:SimpleName[5800-5813]"
  }, {
    "left" : "final Chromosome chromosome",
    "right" : "final Chromosome chromosome",
    "info" : "SingleVariableDeclaration[5814-5841]:SingleVariableDeclaration[5814-5841]"
  }, {
    "left" : "{}",
    "right" : "{}",
    "info" : "Block[5843-6162]:Block[5843-6162]"
  }, {
    "left" : "if (chromosomes.size() >= populationLimit)",
    "right" : "if (chromosomes.size() >= populationLimit)",
    "info" : "IfStatement[5853-6114]:IfStatement[5853-6114]"
  }, {
    "left" : "{}",
    "right" : "{}",
    "info" : "Block[5896-6114]:Block[5896-6114]"
  }, {
    "left" : "throw new NumberIsTooLargeException(LocalizedFormats.LIST_OF_CHROMOSOMES_BIGGER_THAN_POPULATION_SIZE,\n                                                chromosomes.size(), populationLimit, false);",
    "right" : "throw new NumberIsTooLargeException(LocalizedFormats.LIST_OF_CHROMOSOMES_BIGGER_THAN_POPULATION_SIZE,\n                                                chromosomes.size(), populationLimit, false);",
    "info" : "ThrowStatement[5910-6104]:ThrowStatement[5910-6104]"
  }, {
    "left" : "this.chromosomes.add(chromosome);",
    "right" : "this.chromosomes.add(chromosome);",
    "info" : "ExpressionStatement[6123-6156]:ExpressionStatement[6123-6156]"
  }, {
    "left" : "public",
    "right" : "public",
    "info" : "Modifier[6280-6286]:Modifier[6280-6286]"
  }, {
    "left" : "Chromosome",
    "right" : "Chromosome",
    "info" : "SimpleType[6287-6297]:SimpleType[6287-6297]"
  }, {
    "left" : "getFittestChromosome",
    "right" : "getFittestChromosome",
    "info" : "SimpleName[6298-6318]:SimpleName[6298-6318]"
  }, {
    "left" : "{}",
    "right" : "{}",
    "info" : "Block[6321-6672]:Block[6321-6672]"
  }, {
    "left" : "Chromosome bestChromosome = this.chromosomes.get(0);",
    "right" : "Chromosome bestChromosome = this.chromosomes.get(0);",
    "info" : "VariableDeclarationStatement[6354-6406]:VariableDeclarationStatement[6354-6406]"
  }, {
    "left" : "for (Chromosome chromosome : this.chromosomes)",
    "right" : "for (Chromosome chromosome : this.chromosomes)",
    "info" : "EnhancedForStatement[6415-6635]:EnhancedForStatement[6415-6635]"
  }, {
    "left" : "{}",
    "right" : "{}",
    "info" : "Block[6462-6635]:Block[6462-6635]"
  }, {
    "left" : "if (chromosome.compareTo(bestChromosome) > 0)",
    "right" : "if (chromosome.compareTo(bestChromosome) > 0)",
    "info" : "IfStatement[6476-6625]:IfStatement[6476-6625]"
  }, {
    "left" : "{}",
    "right" : "{}",
    "info" : "Block[6522-6625]:Block[6522-6625]"
  }, {
    "left" : "bestChromosome = chromosome;",
    "right" : "bestChromosome = chromosome;",
    "info" : "ExpressionStatement[6583-6611]:ExpressionStatement[6583-6611]"
  }, {
    "left" : "return bestChromosome;",
    "right" : "return bestChromosome;",
    "info" : "ReturnStatement[6644-6666]:ReturnStatement[6644-6666]"
  }, {
    "left" : "public",
    "right" : "public",
    "info" : "Modifier[6781-6787]:Modifier[6781-6787]"
  }, {
    "left" : "int",
    "right" : "int",
    "info" : "PrimitiveType[6788-6791]:PrimitiveType[6788-6791]"
  }, {
    "left" : "getPopulationLimit",
    "right" : "getPopulationLimit",
    "info" : "SimpleName[6792-6810]:SimpleName[6792-6810]"
  }, {
    "left" : "{}",
    "right" : "{}",
    "info" : "Block[6813-6857]:Block[6813-6857]"
  }, {
    "left" : "return this.populationLimit;",
    "right" : "return this.populationLimit;",
    "info" : "ReturnStatement[6823-6851]:ReturnStatement[6823-6851]"
  }, {
    "left" : "public",
    "right" : "public",
    "info" : "Modifier[7212-7218]:Modifier[7212-7218]"
  }, {
    "left" : "void",
    "right" : "void",
    "info" : "PrimitiveType[7219-7223]:PrimitiveType[7219-7223]"
  }, {
    "left" : "setPopulationLimit",
    "right" : "setPopulationLimit",
    "info" : "SimpleName[7224-7242]:SimpleName[7224-7242]"
  }, {
    "left" : "final int populationLimit",
    "right" : "final int populationLimit",
    "info" : "SingleVariableDeclaration[7243-7268]:SingleVariableDeclaration[7243-7268]"
  }, {
    "left" : "{}",
    "right" : "{}",
    "info" : "Block[7270-7634]:Block[7270-7634]"
  }, {
    "left" : "if (populationLimit <= 0)",
    "right" : "if (populationLimit <= 0)",
    "info" : "IfStatement[7280-7426]:IfStatement[7280-7426]"
  }, {
    "left" : "{}",
    "right" : "{}",
    "info" : "Block[7306-7426]:Block[7306-7426]"
  }, {
    "left" : "throw new NotPositiveException(LocalizedFormats.POPULATION_LIMIT_NOT_POSITIVE, populationLimit);",
    "right" : "throw new NotPositiveException(LocalizedFormats.POPULATION_LIMIT_NOT_POSITIVE, populationLimit);",
    "info" : "ThrowStatement[7320-7416]:ThrowStatement[7320-7416]"
  }, {
    "left" : "if (populationLimit < chromosomes.size())",
    "right" : "if (populationLimit < chromosomes.size())",
    "info" : "IfStatement[7435-7580]:IfStatement[7435-7580]"
  }, {
    "left" : "{}",
    "right" : "{}",
    "info" : "Block[7477-7580]:Block[7477-7580]"
  }, {
    "left" : "throw new NumberIsTooSmallException(populationLimit, chromosomes.size(), true);",
    "right" : "throw new NumberIsTooSmallException(populationLimit, chromosomes.size(), true);",
    "info" : "ThrowStatement[7491-7570]:ThrowStatement[7491-7570]"
  }, {
    "left" : "this.populationLimit = populationLimit;",
    "right" : "this.populationLimit = populationLimit;",
    "info" : "ExpressionStatement[7589-7628]:ExpressionStatement[7589-7628]"
  }, {
    "left" : "public",
    "right" : "public",
    "info" : "Modifier[7743-7749]:Modifier[7743-7749]"
  }, {
    "left" : "int",
    "right" : "int",
    "info" : "PrimitiveType[7750-7753]:PrimitiveType[7750-7753]"
  }, {
    "left" : "getPopulationSize",
    "right" : "getPopulationSize",
    "info" : "SimpleName[7754-7771]:SimpleName[7754-7771]"
  }, {
    "left" : "{}",
    "right" : "{}",
    "info" : "Block[7774-7821]:Block[7774-7821]"
  }, {
    "left" : "return this.chromosomes.size();",
    "right" : "return this.chromosomes.size();",
    "info" : "ReturnStatement[7784-7815]:ReturnStatement[7784-7815]"
  }, {
    "left" : "@Override",
    "right" : "@Override",
    "info" : "MarkerAnnotation[7864-7873]:MarkerAnnotation[7864-7873]"
  }, {
    "left" : "public",
    "right" : "public",
    "info" : "Modifier[7878-7884]:Modifier[7878-7884]"
  }, {
    "left" : "String",
    "right" : "String",
    "info" : "SimpleType[7885-7891]:SimpleType[7885-7891]"
  }, {
    "left" : "toString",
    "right" : "toString",
    "info" : "SimpleName[7892-7900]:SimpleName[7892-7900]"
  }, {
    "left" : "{}",
    "right" : "{}",
    "info" : "Block[7903-7954]:Block[7903-7954]"
  }, {
    "left" : "return this.chromosomes.toString();",
    "right" : "return this.chromosomes.toString();",
    "info" : "ReturnStatement[7913-7948]:ReturnStatement[7913-7948]"
  }, {
    "left" : "public",
    "right" : "public",
    "info" : "Modifier[8196-8202]:Modifier[8196-8202]"
  }, {
    "left" : "Iterator<Chromosome>",
    "right" : "Iterator<Chromosome>",
    "info" : "ParameterizedType[8203-8223]:ParameterizedType[8203-8223]"
  }, {
    "left" : "iterator",
    "right" : "iterator",
    "info" : "SimpleName[8224-8232]:SimpleName[8224-8232]"
  }, {
    "left" : "{}",
    "right" : "{}",
    "info" : "Block[8235-8281]:Block[8235-8286]"
  }, {
    "left" : "return chromosomes.iterator();",
    "right" : "return getChromosomes().iterator();",
    "info" : "ReturnStatement[8245-8275]:ReturnStatement[8245-8280]"
  } ]
}