{
  "matchedElements" : [
 {
    "left" : "class : FieldProperty",
    "right" : "class : FieldProperty",
    "info" : "TypeDeclaration[795-7002]:TypeDeclaration[795-7087]"
  }, {
    "left" : "serialVersionUID",
    "right" : "serialVersionUID",
    "info" : "FieldDeclaration[968-1016]:FieldDeclaration[968-1016]"
  }, {
    "left" : "_annotated",
    "right" : "_annotated",
    "info" : "FieldDeclaration[1022-1064]:FieldDeclaration[1022-1064]"
  }, {
    "left" : "_field",
    "right" : "_field",
    "info" : "FieldDeclaration[1070-1289]:FieldDeclaration[1070-1289]"
  }, {
    "left" : "_skipNulls",
    "right" : "_skipNulls",
    "info" : "FieldDeclaration[1295-1364]:FieldDeclaration[1295-1364]"
  }, {
    "left" : "public FieldProperty(propDef , type , typeDeser , contextAnnotations , field )",
    "right" : "public FieldProperty(propDef , type , typeDeser , contextAnnotations , field )",
    "info" : "MethodDeclaration[1370-1740]:MethodDeclaration[1370-1740]"
  }, {
    "left" : "protected FieldProperty(src , deser , nva )",
    "right" : "protected FieldProperty(src , deser , nva )",
    "info" : "MethodDeclaration[1746-2015]:MethodDeclaration[1746-2015]"
  }, {
    "left" : "protected FieldProperty(src , newName )",
    "right" : "protected FieldProperty(src , newName )",
    "info" : "MethodDeclaration[2021-2225]:MethodDeclaration[2021-2225]"
  }, {
    "left" : "protected FieldProperty(src )",
    "right" : "protected FieldProperty(src )",
    "info" : "MethodDeclaration[2231-2668]:MethodDeclaration[2231-2668]"
  }, {
    "left" : "public withName(newName ) : ",
    "right" : "public withName(newName ) : ",
    "info" : "MethodDeclaration[2674-2803]:MethodDeclaration[2674-2803]"
  }, {
    "left" : "public withValueDeserializer(deser ) : ",
    "right" : "public withValueDeserializer(deser ) : ",
    "info" : "MethodDeclaration[2809-3139]:MethodDeclaration[2809-3224]"
  }, {
    "left" : "public withNullProvider(nva ) : ",
    "right" : "public withNullProvider(nva ) : ",
    "info" : "MethodDeclaration[3145-3299]:MethodDeclaration[3230-3384]"
  }, {
    "left" : "public fixAccess(config ) : void",
    "right" : "public fixAccess(config ) : void",
    "info" : "MethodDeclaration[3305-3505]:MethodDeclaration[3390-3590]"
  }, {
    "left" : "public getAnnotation(acls ...) : ",
    "right" : "public getAnnotation(acls ...) : ",
    "info" : "MethodDeclaration[3684-3843]:MethodDeclaration[3769-3928]"
  }, {
    "left" : "public getMember() : ",
    "right" : "public getMember() : ",
    "info" : "MethodDeclaration[3849-3917]:MethodDeclaration[3934-4002]"
  }, {
    "left" : "public deserializeAndSet(p , ctxt , instance ) : void",
    "right" : "public deserializeAndSet(p , ctxt , instance ) : void",
    "info" : "MethodDeclaration[4093-5073]:MethodDeclaration[4178-5158]"
  }, {
    "left" : "public deserializeSetAndReturn(p , ctxt , instance ) : ",
    "right" : "public deserializeSetAndReturn(p , ctxt , instance ) : ",
    "info" : "MethodDeclaration[5079-6110]:MethodDeclaration[5164-6195]"
  }, {
    "left" : "public set(instance , value ) : void",
    "right" : "public set(instance , value ) : void",
    "info" : "MethodDeclaration[6116-6411]:MethodDeclaration[6201-6496]"
  }, {
    "left" : "public setAndReturn(instance , value ) : ",
    "right" : "public setAndReturn(instance , value ) : ",
    "info" : "MethodDeclaration[6417-6748]:MethodDeclaration[6502-6833]"
  }, {
    "left" : "package readResolve() : ",
    "right" : "package readResolve() : ",
    "info" : "MethodDeclaration[6932-7000]:MethodDeclaration[7017-7085]"
  } ],
  "mappings" : [
 {
    "left" : "public",
    "right" : "public",
    "info" : "Modifier[896-902]:Modifier[896-902]"
  }, {
    "left" : "final",
    "right" : "final",
    "info" : "Modifier[903-908]:Modifier[903-908]"
  }, {
    "left" : "class",
    "right" : "class",
    "info" : "TYPE_DECLARATION_KIND[909-914]:TYPE_DECLARATION_KIND[909-914]"
  }, {
    "left" : "public",
    "right" : "public",
    "info" : "Modifier[1370-1376]:Modifier[1370-1376]"
  }, {
    "left" : "FieldProperty",
    "right" : "FieldProperty",
    "info" : "SimpleName[1377-1390]:SimpleName[1377-1390]"
  }, {
    "left" : "BeanPropertyDefinition propDef",
    "right" : "BeanPropertyDefinition propDef",
    "info" : "SingleVariableDeclaration[1391-1421]:SingleVariableDeclaration[1391-1421]"
  }, {
    "left" : "JavaType type",
    "right" : "JavaType type",
    "info" : "SingleVariableDeclaration[1423-1436]:SingleVariableDeclaration[1423-1436]"
  }, {
    "left" : "TypeDeserializer typeDeser",
    "right" : "TypeDeserializer typeDeser",
    "info" : "SingleVariableDeclaration[1450-1476]:SingleVariableDeclaration[1450-1476]"
  }, {
    "left" : "Annotations contextAnnotations",
    "right" : "Annotations contextAnnotations",
    "info" : "SingleVariableDeclaration[1478-1508]:SingleVariableDeclaration[1478-1508]"
  }, {
    "left" : "AnnotatedField field",
    "right" : "AnnotatedField field",
    "info" : "SingleVariableDeclaration[1510-1530]:SingleVariableDeclaration[1510-1530]"
  }, {
    "left" : "{}",
    "right" : "{}",
    "info" : "Block[1536-1740]:Block[1536-1740]"
  }, {
    "left" : "super(propDef, type, typeDeser, contextAnnotations);",
    "right" : "super(propDef, type, typeDeser, contextAnnotations);",
    "info" : "SuperConstructorInvocation[1546-1598]:SuperConstructorInvocation[1546-1598]"
  }, {
    "left" : "_annotated = field;",
    "right" : "_annotated = field;",
    "info" : "ExpressionStatement[1607-1626]:ExpressionStatement[1607-1626]"
  }, {
    "left" : "_field = field.getAnnotated();",
    "right" : "_field = field.getAnnotated();",
    "info" : "ExpressionStatement[1635-1665]:ExpressionStatement[1635-1665]"
  }, {
    "left" : "_skipNulls = NullsConstantProvider.isSkipper(_nullProvider);",
    "right" : "_skipNulls = NullsConstantProvider.isSkipper(_nullProvider);",
    "info" : "ExpressionStatement[1674-1734]:ExpressionStatement[1674-1734]"
  }, {
    "left" : "protected",
    "right" : "protected",
    "info" : "Modifier[1746-1755]:Modifier[1746-1755]"
  }, {
    "left" : "FieldProperty",
    "right" : "FieldProperty",
    "info" : "SimpleName[1756-1769]:SimpleName[1756-1769]"
  }, {
    "left" : "FieldProperty src",
    "right" : "FieldProperty src",
    "info" : "SingleVariableDeclaration[1770-1787]:SingleVariableDeclaration[1770-1787]"
  }, {
    "left" : "JsonDeserializer<?> deser",
    "right" : "JsonDeserializer<?> deser",
    "info" : "SingleVariableDeclaration[1789-1814]:SingleVariableDeclaration[1789-1814]"
  }, {
    "left" : "NullValueProvider nva",
    "right" : "NullValueProvider nva",
    "info" : "SingleVariableDeclaration[1828-1849]:SingleVariableDeclaration[1828-1849]"
  }, {
    "left" : "{}",
    "right" : "{}",
    "info" : "Block[1851-2015]:Block[1851-2015]"
  }, {
    "left" : "super(src, deser, nva);",
    "right" : "super(src, deser, nva);",
    "info" : "SuperConstructorInvocation[1861-1884]:SuperConstructorInvocation[1861-1884]"
  }, {
    "left" : "_annotated = src._annotated;",
    "right" : "_annotated = src._annotated;",
    "info" : "ExpressionStatement[1893-1921]:ExpressionStatement[1893-1921]"
  }, {
    "left" : "_field = src._field;",
    "right" : "_field = src._field;",
    "info" : "ExpressionStatement[1930-1950]:ExpressionStatement[1930-1950]"
  }, {
    "left" : "_skipNulls = NullsConstantProvider.isSkipper(nva);",
    "right" : "_skipNulls = NullsConstantProvider.isSkipper(nva);",
    "info" : "ExpressionStatement[1959-2009]:ExpressionStatement[1959-2009]"
  }, {
    "left" : "protected",
    "right" : "protected",
    "info" : "Modifier[2021-2030]:Modifier[2021-2030]"
  }, {
    "left" : "FieldProperty",
    "right" : "FieldProperty",
    "info" : "SimpleName[2031-2044]:SimpleName[2031-2044]"
  }, {
    "left" : "FieldProperty src",
    "right" : "FieldProperty src",
    "info" : "SingleVariableDeclaration[2045-2062]:SingleVariableDeclaration[2045-2062]"
  }, {
    "left" : "PropertyName newName",
    "right" : "PropertyName newName",
    "info" : "SingleVariableDeclaration[2064-2084]:SingleVariableDeclaration[2064-2084]"
  }, {
    "left" : "{}",
    "right" : "{}",
    "info" : "Block[2086-2225]:Block[2086-2225]"
  }, {
    "left" : "super(src, newName);",
    "right" : "super(src, newName);",
    "info" : "SuperConstructorInvocation[2096-2116]:SuperConstructorInvocation[2096-2116]"
  }, {
    "left" : "_annotated = src._annotated;",
    "right" : "_annotated = src._annotated;",
    "info" : "ExpressionStatement[2125-2153]:ExpressionStatement[2125-2153]"
  }, {
    "left" : "_field = src._field;",
    "right" : "_field = src._field;",
    "info" : "ExpressionStatement[2162-2182]:ExpressionStatement[2162-2182]"
  }, {
    "left" : "_skipNulls = src._skipNulls;",
    "right" : "_skipNulls = src._skipNulls;",
    "info" : "ExpressionStatement[2191-2219]:ExpressionStatement[2191-2219]"
  }, {
    "left" : "protected",
    "right" : "protected",
    "info" : "Modifier[2323-2332]:Modifier[2323-2332]"
  }, {
    "left" : "FieldProperty",
    "right" : "FieldProperty",
    "info" : "SimpleName[2333-2346]:SimpleName[2333-2346]"
  }, {
    "left" : "FieldProperty src",
    "right" : "FieldProperty src",
    "info" : "SingleVariableDeclaration[2347-2364]:SingleVariableDeclaration[2347-2364]"
  }, {
    "left" : "{}",
    "right" : "{}",
    "info" : "Block[2370-2668]:Block[2370-2668]"
  }, {
    "left" : "super(src);",
    "right" : "super(src);",
    "info" : "SuperConstructorInvocation[2380-2391]:SuperConstructorInvocation[2380-2391]"
  }, {
    "left" : "_annotated = src._annotated;",
    "right" : "_annotated = src._annotated;",
    "info" : "ExpressionStatement[2400-2428]:ExpressionStatement[2400-2428]"
  }, {
    "left" : "Field f = _annotated.getAnnotated();",
    "right" : "Field f = _annotated.getAnnotated();",
    "info" : "VariableDeclarationStatement[2437-2473]:VariableDeclarationStatement[2437-2473]"
  }, {
    "left" : "if (f == null)",
    "right" : "if (f == null)",
    "info" : "IfStatement[2482-2605]:IfStatement[2482-2605]"
  }, {
    "left" : "{}",
    "right" : "{}",
    "info" : "Block[2497-2605]:Block[2497-2605]"
  }, {
    "left" : "throw new IllegalArgumentException(\"Missing field (broken JDK (de)serialization?)\");",
    "right" : "throw new IllegalArgumentException(\"Missing field (broken JDK (de)serialization?)\");",
    "info" : "ThrowStatement[2511-2595]:ThrowStatement[2511-2595]"
  }, {
    "left" : "_field = f;",
    "right" : "_field = f;",
    "info" : "ExpressionStatement[2614-2625]:ExpressionStatement[2614-2625]"
  }, {
    "left" : "_skipNulls = src._skipNulls;",
    "right" : "_skipNulls = src._skipNulls;",
    "info" : "ExpressionStatement[2634-2662]:ExpressionStatement[2634-2662]"
  }, {
    "left" : "@Override",
    "right" : "@Override",
    "info" : "MarkerAnnotation[2674-2683]:MarkerAnnotation[2674-2683]"
  }, {
    "left" : "public",
    "right" : "public",
    "info" : "Modifier[2688-2694]:Modifier[2688-2694]"
  }, {
    "left" : "SettableBeanProperty",
    "right" : "SettableBeanProperty",
    "info" : "SimpleType[2695-2715]:SimpleType[2695-2715]"
  }, {
    "left" : "withName",
    "right" : "withName",
    "info" : "SimpleName[2716-2724]:SimpleName[2716-2724]"
  }, {
    "left" : "PropertyName newName",
    "right" : "PropertyName newName",
    "info" : "SingleVariableDeclaration[2725-2745]:SingleVariableDeclaration[2725-2745]"
  }, {
    "left" : "{}",
    "right" : "{}",
    "info" : "Block[2747-2803]:Block[2747-2803]"
  }, {
    "left" : "return new FieldProperty(this, newName);",
    "right" : "return new FieldProperty(this, newName);",
    "info" : "ReturnStatement[2757-2797]:ReturnStatement[2757-2797]"
  }, {
    "left" : "@Override",
    "right" : "@Override",
    "info" : "MarkerAnnotation[2809-2818]:MarkerAnnotation[2809-2818]"
  }, {
    "left" : "public",
    "right" : "public",
    "info" : "Modifier[2823-2829]:Modifier[2823-2829]"
  }, {
    "left" : "SettableBeanProperty",
    "right" : "SettableBeanProperty",
    "info" : "SimpleType[2830-2850]:SimpleType[2830-2850]"
  }, {
    "left" : "withValueDeserializer",
    "right" : "withValueDeserializer",
    "info" : "SimpleName[2851-2872]:SimpleName[2851-2872]"
  }, {
    "left" : "JsonDeserializer<?> deser",
    "right" : "JsonDeserializer<?> deser",
    "info" : "SingleVariableDeclaration[2873-2898]:SingleVariableDeclaration[2873-2898]"
  }, {
    "left" : "{}",
    "right" : "{}",
    "info" : "Block[2900-3139]:Block[2900-3224]"
  }, {
    "left" : "if (_valueDeserializer == deser)",
    "right" : "if (_valueDeserializer == deser)",
    "info" : "IfStatement[2910-2979]:IfStatement[2910-2979]"
  }, {
    "left" : "{}",
    "right" : "{}",
    "info" : "Block[2943-2979]:Block[2943-2979]"
  }, {
    "left" : "return this;",
    "right" : "return this;",
    "info" : "ReturnStatement[2957-2969]:ReturnStatement[2957-2969]"
  }, {
    "left" : "return new FieldProperty(this, deser, _nullProvider);",
    "right" : "return new FieldProperty(this, deser, nvp);",
    "info" : "ReturnStatement[3080-3133]:ReturnStatement[3175-3218]"
  }, {
    "left" : "_nullProvider",
    "right" : "nvp",
    "info" : "SimpleName[3118-3131]:SimpleName[3213-3216]"
  }, {
    "left" : "@Override",
    "right" : "@Override",
    "info" : "MarkerAnnotation[3145-3154]:MarkerAnnotation[3230-3239]"
  }, {
    "left" : "public",
    "right" : "public",
    "info" : "Modifier[3159-3165]:Modifier[3244-3250]"
  }, {
    "left" : "SettableBeanProperty",
    "right" : "SettableBeanProperty",
    "info" : "SimpleType[3166-3186]:SimpleType[3251-3271]"
  }, {
    "left" : "withNullProvider",
    "right" : "withNullProvider",
    "info" : "SimpleName[3187-3203]:SimpleName[3272-3288]"
  }, {
    "left" : "NullValueProvider nva",
    "right" : "NullValueProvider nva",
    "info" : "SingleVariableDeclaration[3204-3225]:SingleVariableDeclaration[3289-3310]"
  }, {
    "left" : "{}",
    "right" : "{}",
    "info" : "Block[3227-3299]:Block[3312-3384]"
  }, {
    "left" : "return new FieldProperty(this, _valueDeserializer, nva);",
    "right" : "return new FieldProperty(this, _valueDeserializer, nva);",
    "info" : "ReturnStatement[3237-3293]:ReturnStatement[3322-3378]"
  }, {
    "left" : "@Override",
    "right" : "@Override",
    "info" : "MarkerAnnotation[3305-3314]:MarkerAnnotation[3390-3399]"
  }, {
    "left" : "public",
    "right" : "public",
    "info" : "Modifier[3319-3325]:Modifier[3404-3410]"
  }, {
    "left" : "void",
    "right" : "void",
    "info" : "PrimitiveType[3326-3330]:PrimitiveType[3411-3415]"
  }, {
    "left" : "fixAccess",
    "right" : "fixAccess",
    "info" : "SimpleName[3331-3340]:SimpleName[3416-3425]"
  }, {
    "left" : "DeserializationConfig config",
    "right" : "DeserializationConfig config",
    "info" : "SingleVariableDeclaration[3341-3369]:SingleVariableDeclaration[3426-3454]"
  }, {
    "left" : "{}",
    "right" : "{}",
    "info" : "Block[3371-3505]:Block[3456-3590]"
  }, {
    "left" : "ClassUtil.checkAndFixAccess(_field,\n                config.isEnabled(MapperFeature.OVERRIDE_PUBLIC_ACCESS_MODIFIERS));",
    "right" : "ClassUtil.checkAndFixAccess(_field,\n                config.isEnabled(MapperFeature.OVERRIDE_PUBLIC_ACCESS_MODIFIERS));",
    "info" : "ExpressionStatement[3381-3499]:ExpressionStatement[3466-3584]"
  }, {
    "left" : "@Override",
    "right" : "@Override",
    "info" : "MarkerAnnotation[3684-3693]:MarkerAnnotation[3769-3778]"
  }, {
    "left" : "public",
    "right" : "public",
    "info" : "Modifier[3698-3704]:Modifier[3783-3789]"
  }, {
    "left" : "A extends Annotation",
    "right" : "A extends Annotation",
    "info" : "TypeParameter[3706-3726]:TypeParameter[3791-3811]"
  }, {
    "left" : "A",
    "right" : "A",
    "info" : "SimpleType[3728-3729]:SimpleType[3813-3814]"
  }, {
    "left" : "getAnnotation",
    "right" : "getAnnotation",
    "info" : "SimpleName[3730-3743]:SimpleName[3815-3828]"
  }, {
    "left" : "Class<A> acls",
    "right" : "Class<A> acls",
    "info" : "SingleVariableDeclaration[3744-3757]:SingleVariableDeclaration[3829-3842]"
  }, {
    "left" : "{}",
    "right" : "{}",
    "info" : "Block[3759-3843]:Block[3844-3928]"
  }, {
    "left" : "return (_annotated == null) ? null : _annotated.getAnnotation(acls);",
    "right" : "return (_annotated == null) ? null : _annotated.getAnnotation(acls);",
    "info" : "ReturnStatement[3769-3837]:ReturnStatement[3854-3922]"
  }, {
    "left" : "@Override",
    "right" : "@Override",
    "info" : "MarkerAnnotation[3849-3858]:MarkerAnnotation[3934-3943]"
  }, {
    "left" : "public",
    "right" : "public",
    "info" : "Modifier[3859-3865]:Modifier[3944-3950]"
  }, {
    "left" : "AnnotatedMember",
    "right" : "AnnotatedMember",
    "info" : "SimpleType[3866-3881]:SimpleType[3951-3966]"
  }, {
    "left" : "getMember",
    "right" : "getMember",
    "info" : "SimpleName[3882-3891]:SimpleName[3967-3976]"
  }, {
    "left" : "{}",
    "right" : "{}",
    "info" : "Block[3894-3917]:Block[3979-4002]"
  }, {
    "left" : "return _annotated;",
    "right" : "return _annotated;",
    "info" : "ReturnStatement[3897-3915]:ReturnStatement[3982-4000]"
  }, {
    "left" : "@Override",
    "right" : "@Override",
    "info" : "MarkerAnnotation[4093-4102]:MarkerAnnotation[4178-4187]"
  }, {
    "left" : "public",
    "right" : "public",
    "info" : "Modifier[4107-4113]:Modifier[4192-4198]"
  }, {
    "left" : "void",
    "right" : "void",
    "info" : "PrimitiveType[4114-4118]:PrimitiveType[4199-4203]"
  }, {
    "left" : "deserializeAndSet",
    "right" : "deserializeAndSet",
    "info" : "SimpleName[4119-4136]:SimpleName[4204-4221]"
  }, {
    "left" : "JsonParser p",
    "right" : "JsonParser p",
    "info" : "SingleVariableDeclaration[4137-4149]:SingleVariableDeclaration[4222-4234]"
  }, {
    "left" : "DeserializationContext ctxt",
    "right" : "DeserializationContext ctxt",
    "info" : "SingleVariableDeclaration[4157-4184]:SingleVariableDeclaration[4242-4269]"
  }, {
    "left" : "Object instance",
    "right" : "Object instance",
    "info" : "SingleVariableDeclaration[4186-4201]:SingleVariableDeclaration[4271-4286]"
  }, {
    "left" : "IOException",
    "right" : "IOException",
    "info" : "SimpleType[4210-4221]:SimpleType[4295-4306]"
  }, {
    "left" : "{}",
    "right" : "{}",
    "info" : "Block[4226-5073]:Block[4311-5158]"
  }, {
    "left" : "Object value;",
    "right" : "Object value;",
    "info" : "VariableDeclarationStatement[4236-4249]:VariableDeclarationStatement[4321-4334]"
  }, {
    "left" : "if (p.hasToken(JsonToken.VALUE_NULL))",
    "right" : "if (p.hasToken(JsonToken.VALUE_NULL))",
    "info" : "IfStatement[4258-4932]:IfStatement[4343-5017]"
  }, {
    "left" : "{}",
    "right" : "{}",
    "info" : "Block[4296-4429]:Block[4381-4514]"
  }, {
    "left" : "if (_skipNulls)",
    "right" : "if (_skipNulls)",
    "info" : "IfStatement[4310-4365]:IfStatement[4395-4450]"
  }, {
    "left" : "{}",
    "right" : "{}",
    "info" : "Block[4326-4365]:Block[4411-4450]"
  }, {
    "left" : "return;",
    "right" : "return;",
    "info" : "ReturnStatement[4344-4351]:ReturnStatement[4429-4436]"
  }, {
    "left" : "value = _nullProvider.getNullValue(ctxt);",
    "right" : "value = _nullProvider.getNullValue(ctxt);",
    "info" : "ExpressionStatement[4378-4419]:ExpressionStatement[4463-4504]"
  }, {
    "left" : "if (_valueTypeDeserializer == null)",
    "right" : "if (_valueTypeDeserializer == null)",
    "info" : "IfStatement[4435-4932]:IfStatement[4520-5017]"
  }, {
    "left" : "{}",
    "right" : "{}",
    "info" : "Block[4471-4822]:Block[4556-4907]"
  }, {
    "left" : "value = _valueDeserializer.deserialize(p, ctxt);",
    "right" : "value = _valueDeserializer.deserialize(p, ctxt);",
    "info" : "ExpressionStatement[4485-4533]:ExpressionStatement[4570-4618]"
  }, {
    "left" : "if (value == null)",
    "right" : "if (value == null)",
    "info" : "IfStatement[4640-4812]:IfStatement[4725-4897]"
  }, {
    "left" : "{}",
    "right" : "{}",
    "info" : "Block[4659-4812]:Block[4744-4897]"
  }, {
    "left" : "if (_skipNulls)",
    "right" : "if (_skipNulls)",
    "info" : "IfStatement[4677-4740]:IfStatement[4762-4825]"
  }, {
    "left" : "{}",
    "right" : "{}",
    "info" : "Block[4693-4740]:Block[4778-4825]"
  }, {
    "left" : "return;",
    "right" : "return;",
    "info" : "ReturnStatement[4715-4722]:ReturnStatement[4800-4807]"
  }, {
    "left" : "value = _nullProvider.getNullValue(ctxt);",
    "right" : "value = _nullProvider.getNullValue(ctxt);",
    "info" : "ExpressionStatement[4757-4798]:ExpressionStatement[4842-4883]"
  }, {
    "left" : "{}",
    "right" : "{}",
    "info" : "Block[4828-4932]:Block[4913-5017]"
  }, {
    "left" : "value = _valueDeserializer.deserializeWithType(p, ctxt, _valueTypeDeserializer);",
    "right" : "value = _valueDeserializer.deserializeWithType(p, ctxt, _valueTypeDeserializer);",
    "info" : "ExpressionStatement[4842-4922]:ExpressionStatement[4927-5007]"
  }, {
    "left" : "try{...}",
    "right" : "try{...}",
    "info" : "TryStatement[4941-5067]:TryStatement[5026-5152]"
  }, {
    "left" : "{}",
    "right" : "{}",
    "info" : "Block[4945-4997]:Block[5030-5082]"
  }, {
    "left" : "_field.set(instance, value);",
    "right" : "_field.set(instance, value);",
    "info" : "ExpressionStatement[4959-4987]:ExpressionStatement[5044-5072]"
  }, {
    "left" : "{}",
    "right" : "{}",
    "info" : "Block[5018-5067]:Block[5103-5152]"
  }, {
    "left" : "_throwAsIOE(p, e, value);",
    "right" : "_throwAsIOE(p, e, value);",
    "info" : "ExpressionStatement[5032-5057]:ExpressionStatement[5117-5142]"
  }, {
    "left" : "@Override",
    "right" : "@Override",
    "info" : "MarkerAnnotation[5079-5088]:MarkerAnnotation[5164-5173]"
  }, {
    "left" : "public",
    "right" : "public",
    "info" : "Modifier[5093-5099]:Modifier[5178-5184]"
  }, {
    "left" : "Object",
    "right" : "Object",
    "info" : "SimpleType[5100-5106]:SimpleType[5185-5191]"
  }, {
    "left" : "deserializeSetAndReturn",
    "right" : "deserializeSetAndReturn",
    "info" : "SimpleName[5107-5130]:SimpleName[5192-5215]"
  }, {
    "left" : "JsonParser p",
    "right" : "JsonParser p",
    "info" : "SingleVariableDeclaration[5131-5143]:SingleVariableDeclaration[5216-5228]"
  }, {
    "left" : "DeserializationContext ctxt",
    "right" : "DeserializationContext ctxt",
    "info" : "SingleVariableDeclaration[5151-5178]:SingleVariableDeclaration[5236-5263]"
  }, {
    "left" : "Object instance",
    "right" : "Object instance",
    "info" : "SingleVariableDeclaration[5180-5195]:SingleVariableDeclaration[5265-5280]"
  }, {
    "left" : "IOException",
    "right" : "IOException",
    "info" : "SimpleType[5204-5215]:SimpleType[5289-5300]"
  }, {
    "left" : "{}",
    "right" : "{}",
    "info" : "Block[5220-6110]:Block[5305-6195]"
  }, {
    "left" : "Object value;",
    "right" : "Object value;",
    "info" : "VariableDeclarationStatement[5230-5243]:VariableDeclarationStatement[5315-5328]"
  }, {
    "left" : "if (p.hasToken(JsonToken.VALUE_NULL))",
    "right" : "if (p.hasToken(JsonToken.VALUE_NULL))",
    "info" : "IfStatement[5252-5944]:IfStatement[5337-6029]"
  }, {
    "left" : "{}",
    "right" : "{}",
    "info" : "Block[5290-5432]:Block[5375-5517]"
  }, {
    "left" : "if (_skipNulls)",
    "right" : "if (_skipNulls)",
    "info" : "IfStatement[5304-5368]:IfStatement[5389-5453]"
  }, {
    "left" : "{}",
    "right" : "{}",
    "info" : "Block[5320-5368]:Block[5405-5453]"
  }, {
    "left" : "return instance;",
    "right" : "return instance;",
    "info" : "ReturnStatement[5338-5354]:ReturnStatement[5423-5439]"
  }, {
    "left" : "value = _nullProvider.getNullValue(ctxt);",
    "right" : "value = _nullProvider.getNullValue(ctxt);",
    "info" : "ExpressionStatement[5381-5422]:ExpressionStatement[5466-5507]"
  }, {
    "left" : "if (_valueTypeDeserializer == null)",
    "right" : "if (_valueTypeDeserializer == null)",
    "info" : "IfStatement[5438-5944]:IfStatement[5523-6029]"
  }, {
    "left" : "{}",
    "right" : "{}",
    "info" : "Block[5474-5834]:Block[5559-5919]"
  }, {
    "left" : "value = _valueDeserializer.deserialize(p, ctxt);",
    "right" : "value = _valueDeserializer.deserialize(p, ctxt);",
    "info" : "ExpressionStatement[5488-5536]:ExpressionStatement[5573-5621]"
  }, {
    "left" : "if (value == null)",
    "right" : "if (value == null)",
    "info" : "IfStatement[5643-5824]:IfStatement[5728-5909]"
  }, {
    "left" : "{}",
    "right" : "{}",
    "info" : "Block[5662-5824]:Block[5747-5909]"
  }, {
    "left" : "if (_skipNulls)",
    "right" : "if (_skipNulls)",
    "info" : "IfStatement[5680-5752]:IfStatement[5765-5837]"
  }, {
    "left" : "{}",
    "right" : "{}",
    "info" : "Block[5696-5752]:Block[5781-5837]"
  }, {
    "left" : "return instance;",
    "right" : "return instance;",
    "info" : "ReturnStatement[5718-5734]:ReturnStatement[5803-5819]"
  }, {
    "left" : "value = _nullProvider.getNullValue(ctxt);",
    "right" : "value = _nullProvider.getNullValue(ctxt);",
    "info" : "ExpressionStatement[5769-5810]:ExpressionStatement[5854-5895]"
  }, {
    "left" : "{}",
    "right" : "{}",
    "info" : "Block[5840-5944]:Block[5925-6029]"
  }, {
    "left" : "value = _valueDeserializer.deserializeWithType(p, ctxt, _valueTypeDeserializer);",
    "right" : "value = _valueDeserializer.deserializeWithType(p, ctxt, _valueTypeDeserializer);",
    "info" : "ExpressionStatement[5854-5934]:ExpressionStatement[5939-6019]"
  }, {
    "left" : "try{...}",
    "right" : "try{...}",
    "info" : "TryStatement[5953-6079]:TryStatement[6038-6164]"
  }, {
    "left" : "{}",
    "right" : "{}",
    "info" : "Block[5957-6009]:Block[6042-6094]"
  }, {
    "left" : "_field.set(instance, value);",
    "right" : "_field.set(instance, value);",
    "info" : "ExpressionStatement[5971-5999]:ExpressionStatement[6056-6084]"
  }, {
    "left" : "{}",
    "right" : "{}",
    "info" : "Block[6030-6079]:Block[6115-6164]"
  }, {
    "left" : "_throwAsIOE(p, e, value);",
    "right" : "_throwAsIOE(p, e, value);",
    "info" : "ExpressionStatement[6044-6069]:ExpressionStatement[6129-6154]"
  }, {
    "left" : "return instance;",
    "right" : "return instance;",
    "info" : "ReturnStatement[6088-6104]:ReturnStatement[6173-6189]"
  }, {
    "left" : "@Override",
    "right" : "@Override",
    "info" : "MarkerAnnotation[6116-6125]:MarkerAnnotation[6201-6210]"
  }, {
    "left" : "public",
    "right" : "public",
    "info" : "Modifier[6130-6136]:Modifier[6215-6221]"
  }, {
    "left" : "void",
    "right" : "void",
    "info" : "PrimitiveType[6137-6141]:PrimitiveType[6222-6226]"
  }, {
    "left" : "set",
    "right" : "set",
    "info" : "SimpleName[6142-6145]:SimpleName[6227-6230]"
  }, {
    "left" : "Object instance",
    "right" : "Object instance",
    "info" : "SingleVariableDeclaration[6146-6161]:SingleVariableDeclaration[6231-6246]"
  }, {
    "left" : "Object value",
    "right" : "Object value",
    "info" : "SingleVariableDeclaration[6163-6175]:SingleVariableDeclaration[6248-6260]"
  }, {
    "left" : "IOException",
    "right" : "IOException",
    "info" : "SimpleType[6184-6195]:SimpleType[6269-6280]"
  }, {
    "left" : "{}",
    "right" : "{}",
    "info" : "Block[6200-6411]:Block[6285-6496]"
  }, {
    "left" : "try{...}",
    "right" : "try{...}",
    "info" : "TryStatement[6210-6405]:TryStatement[6295-6490]"
  }, {
    "left" : "{}",
    "right" : "{}",
    "info" : "Block[6214-6266]:Block[6299-6351]"
  }, {
    "left" : "_field.set(instance, value);",
    "right" : "_field.set(instance, value);",
    "info" : "ExpressionStatement[6228-6256]:ExpressionStatement[6313-6341]"
  }, {
    "left" : "{}",
    "right" : "{}",
    "info" : "Block[6287-6405]:Block[6372-6490]"
  }, {
    "left" : "_throwAsIOE(e, value);",
    "right" : "_throwAsIOE(e, value);",
    "info" : "ExpressionStatement[6373-6395]:ExpressionStatement[6458-6480]"
  }, {
    "left" : "@Override",
    "right" : "@Override",
    "info" : "MarkerAnnotation[6417-6426]:MarkerAnnotation[6502-6511]"
  }, {
    "left" : "public",
    "right" : "public",
    "info" : "Modifier[6431-6437]:Modifier[6516-6522]"
  }, {
    "left" : "Object",
    "right" : "Object",
    "info" : "SimpleType[6438-6444]:SimpleType[6523-6529]"
  }, {
    "left" : "setAndReturn",
    "right" : "setAndReturn",
    "info" : "SimpleName[6445-6457]:SimpleName[6530-6542]"
  }, {
    "left" : "Object instance",
    "right" : "Object instance",
    "info" : "SingleVariableDeclaration[6458-6473]:SingleVariableDeclaration[6543-6558]"
  }, {
    "left" : "Object value",
    "right" : "Object value",
    "info" : "SingleVariableDeclaration[6475-6487]:SingleVariableDeclaration[6560-6572]"
  }, {
    "left" : "IOException",
    "right" : "IOException",
    "info" : "SimpleType[6496-6507]:SimpleType[6581-6592]"
  }, {
    "left" : "{}",
    "right" : "{}",
    "info" : "Block[6512-6748]:Block[6597-6833]"
  }, {
    "left" : "try{...}",
    "right" : "try{...}",
    "info" : "TryStatement[6522-6717]:TryStatement[6607-6802]"
  }, {
    "left" : "{}",
    "right" : "{}",
    "info" : "Block[6526-6578]:Block[6611-6663]"
  }, {
    "left" : "_field.set(instance, value);",
    "right" : "_field.set(instance, value);",
    "info" : "ExpressionStatement[6540-6568]:ExpressionStatement[6625-6653]"
  }, {
    "left" : "{}",
    "right" : "{}",
    "info" : "Block[6599-6717]:Block[6684-6802]"
  }, {
    "left" : "_throwAsIOE(e, value);",
    "right" : "_throwAsIOE(e, value);",
    "info" : "ExpressionStatement[6685-6707]:ExpressionStatement[6770-6792]"
  }, {
    "left" : "return instance;",
    "right" : "return instance;",
    "info" : "ReturnStatement[6726-6742]:ReturnStatement[6811-6827]"
  }, {
    "left" : "Object",
    "right" : "Object",
    "info" : "SimpleType[6932-6938]:SimpleType[7017-7023]"
  }, {
    "left" : "readResolve",
    "right" : "readResolve",
    "info" : "SimpleName[6939-6950]:SimpleName[7024-7035]"
  }, {
    "left" : "{}",
    "right" : "{}",
    "info" : "Block[6953-7000]:Block[7038-7085]"
  }, {
    "left" : "return new FieldProperty(this);",
    "right" : "return new FieldProperty(this);",
    "info" : "ReturnStatement[6963-6994]:ReturnStatement[7048-7079]"
  } ]
}