{
  "matchedElements" : [
 {
    "left" : "class : ObjectIdValueProperty",
    "right" : "class : ObjectIdValueProperty",
    "info" : "TypeDeclaration[367-4277]:TypeDeclaration[367-4362]"
  }, {
    "left" : "serialVersionUID",
    "right" : "serialVersionUID",
    "info" : "FieldDeclaration[622-670]:FieldDeclaration[622-670]"
  }, {
    "left" : "_objectIdReader",
    "right" : "_objectIdReader",
    "info" : "FieldDeclaration[676-723]:FieldDeclaration[676-723]"
  }, {
    "left" : "public ObjectIdValueProperty(objectIdReader , metadata )",
    "right" : "public ObjectIdValueProperty(objectIdReader , metadata )",
    "info" : "MethodDeclaration[729-1013]:MethodDeclaration[729-1013]"
  }, {
    "left" : "protected ObjectIdValueProperty(src , deser , nva )",
    "right" : "protected ObjectIdValueProperty(src , deser , nva )",
    "info" : "MethodDeclaration[1019-1230]:MethodDeclaration[1019-1230]"
  }, {
    "left" : "protected ObjectIdValueProperty(src , newName )",
    "right" : "protected ObjectIdValueProperty(src , newName )",
    "info" : "MethodDeclaration[1236-1400]:MethodDeclaration[1236-1400]"
  }, {
    "left" : "public withName(newName ) : ",
    "right" : "public withName(newName ) : ",
    "info" : "MethodDeclaration[1406-1543]:MethodDeclaration[1406-1543]"
  }, {
    "left" : "public withValueDeserializer(deser ) : ",
    "right" : "public withValueDeserializer(deser ) : ",
    "info" : "MethodDeclaration[1549-1887]:MethodDeclaration[1549-1972]"
  }, {
    "left" : "public withNullProvider(nva ) : ",
    "right" : "public withNullProvider(nva ) : ",
    "info" : "MethodDeclaration[1893-2055]:MethodDeclaration[1978-2140]"
  }, {
    "left" : "public getAnnotation(acls ...) : ",
    "right" : "public getAnnotation(acls ...) : ",
    "info" : "MethodDeclaration[2097-2200]:MethodDeclaration[2182-2285]"
  }, {
    "left" : "public getMember() : ",
    "right" : "public getMember() : ",
    "info" : "MethodDeclaration[2206-2268]:MethodDeclaration[2291-2353]"
  }, {
    "left" : "public deserializeAndSet(p , ctxt , instance ) : void",
    "right" : "public deserializeAndSet(p , ctxt , instance ) : void",
    "info" : "MethodDeclaration[2449-2647]:MethodDeclaration[2534-2732]"
  }, {
    "left" : "public deserializeSetAndReturn(p , ctxt , instance ) : ",
    "right" : "public deserializeSetAndReturn(p , ctxt , instance ) : ",
    "info" : "MethodDeclaration[2653-3724]:MethodDeclaration[2738-3809]"
  }, {
    "left" : "public set(instance , value ) : void",
    "right" : "public set(instance , value ) : void",
    "info" : "MethodDeclaration[3730-3856]:MethodDeclaration[3815-3941]"
  }, {
    "left" : "public setAndReturn(instance , value ) : ",
    "right" : "public setAndReturn(instance , value ) : ",
    "info" : "MethodDeclaration[3862-4275]:MethodDeclaration[3947-4360]"
  } ],
  "mappings" : [
 {
    "left" : "public",
    "right" : "public",
    "info" : "Modifier[542-548]:Modifier[542-548]"
  }, {
    "left" : "final",
    "right" : "final",
    "info" : "Modifier[549-554]:Modifier[549-554]"
  }, {
    "left" : "class",
    "right" : "class",
    "info" : "TYPE_DECLARATION_KIND[555-560]:TYPE_DECLARATION_KIND[555-560]"
  }, {
    "left" : "public",
    "right" : "public",
    "info" : "Modifier[729-735]:Modifier[729-735]"
  }, {
    "left" : "ObjectIdValueProperty",
    "right" : "ObjectIdValueProperty",
    "info" : "SimpleName[736-757]:SimpleName[736-757]"
  }, {
    "left" : "ObjectIdReader objectIdReader",
    "right" : "ObjectIdReader objectIdReader",
    "info" : "SingleVariableDeclaration[758-787]:SingleVariableDeclaration[758-787]"
  }, {
    "left" : "PropertyMetadata metadata",
    "right" : "PropertyMetadata metadata",
    "info" : "SingleVariableDeclaration[801-826]:SingleVariableDeclaration[801-826]"
  }, {
    "left" : "{}",
    "right" : "{}",
    "info" : "Block[832-1013]:Block[832-1013]"
  }, {
    "left" : "super(objectIdReader.propertyName, objectIdReader.getIdType(), metadata,\n                objectIdReader.getDeserializer());",
    "right" : "super(objectIdReader.propertyName, objectIdReader.getIdType(), metadata,\n                objectIdReader.getDeserializer());",
    "info" : "SuperConstructorInvocation[842-965]:SuperConstructorInvocation[842-965]"
  }, {
    "left" : "_objectIdReader = objectIdReader;",
    "right" : "_objectIdReader = objectIdReader;",
    "info" : "ExpressionStatement[974-1007]:ExpressionStatement[974-1007]"
  }, {
    "left" : "protected",
    "right" : "protected",
    "info" : "Modifier[1019-1028]:Modifier[1019-1028]"
  }, {
    "left" : "ObjectIdValueProperty",
    "right" : "ObjectIdValueProperty",
    "info" : "SimpleName[1029-1050]:SimpleName[1029-1050]"
  }, {
    "left" : "ObjectIdValueProperty src",
    "right" : "ObjectIdValueProperty src",
    "info" : "SingleVariableDeclaration[1051-1076]:SingleVariableDeclaration[1051-1076]"
  }, {
    "left" : "JsonDeserializer<?> deser",
    "right" : "JsonDeserializer<?> deser",
    "info" : "SingleVariableDeclaration[1078-1103]:SingleVariableDeclaration[1078-1103]"
  }, {
    "left" : "NullValueProvider nva",
    "right" : "NullValueProvider nva",
    "info" : "SingleVariableDeclaration[1117-1138]:SingleVariableDeclaration[1117-1138]"
  }, {
    "left" : "{}",
    "right" : "{}",
    "info" : "Block[1144-1230]:Block[1144-1230]"
  }, {
    "left" : "super(src, deser, nva);",
    "right" : "super(src, deser, nva);",
    "info" : "SuperConstructorInvocation[1154-1177]:SuperConstructorInvocation[1154-1177]"
  }, {
    "left" : "_objectIdReader = src._objectIdReader;",
    "right" : "_objectIdReader = src._objectIdReader;",
    "info" : "ExpressionStatement[1186-1224]:ExpressionStatement[1186-1224]"
  }, {
    "left" : "protected",
    "right" : "protected",
    "info" : "Modifier[1236-1245]:Modifier[1236-1245]"
  }, {
    "left" : "ObjectIdValueProperty",
    "right" : "ObjectIdValueProperty",
    "info" : "SimpleName[1246-1267]:SimpleName[1246-1267]"
  }, {
    "left" : "ObjectIdValueProperty src",
    "right" : "ObjectIdValueProperty src",
    "info" : "SingleVariableDeclaration[1268-1293]:SingleVariableDeclaration[1268-1293]"
  }, {
    "left" : "PropertyName newName",
    "right" : "PropertyName newName",
    "info" : "SingleVariableDeclaration[1295-1315]:SingleVariableDeclaration[1295-1315]"
  }, {
    "left" : "{}",
    "right" : "{}",
    "info" : "Block[1317-1400]:Block[1317-1400]"
  }, {
    "left" : "super(src, newName);",
    "right" : "super(src, newName);",
    "info" : "SuperConstructorInvocation[1327-1347]:SuperConstructorInvocation[1327-1347]"
  }, {
    "left" : "_objectIdReader = src._objectIdReader;",
    "right" : "_objectIdReader = src._objectIdReader;",
    "info" : "ExpressionStatement[1356-1394]:ExpressionStatement[1356-1394]"
  }, {
    "left" : "@Override",
    "right" : "@Override",
    "info" : "MarkerAnnotation[1406-1415]:MarkerAnnotation[1406-1415]"
  }, {
    "left" : "public",
    "right" : "public",
    "info" : "Modifier[1420-1426]:Modifier[1420-1426]"
  }, {
    "left" : "SettableBeanProperty",
    "right" : "SettableBeanProperty",
    "info" : "SimpleType[1427-1447]:SimpleType[1427-1447]"
  }, {
    "left" : "withName",
    "right" : "withName",
    "info" : "SimpleName[1448-1456]:SimpleName[1448-1456]"
  }, {
    "left" : "PropertyName newName",
    "right" : "PropertyName newName",
    "info" : "SingleVariableDeclaration[1457-1477]:SingleVariableDeclaration[1457-1477]"
  }, {
    "left" : "{}",
    "right" : "{}",
    "info" : "Block[1479-1543]:Block[1479-1543]"
  }, {
    "left" : "return new ObjectIdValueProperty(this, newName);",
    "right" : "return new ObjectIdValueProperty(this, newName);",
    "info" : "ReturnStatement[1489-1537]:ReturnStatement[1489-1537]"
  }, {
    "left" : "@Override",
    "right" : "@Override",
    "info" : "MarkerAnnotation[1549-1558]:MarkerAnnotation[1549-1558]"
  }, {
    "left" : "public",
    "right" : "public",
    "info" : "Modifier[1563-1569]:Modifier[1563-1569]"
  }, {
    "left" : "SettableBeanProperty",
    "right" : "SettableBeanProperty",
    "info" : "SimpleType[1570-1590]:SimpleType[1570-1590]"
  }, {
    "left" : "withValueDeserializer",
    "right" : "withValueDeserializer",
    "info" : "SimpleName[1591-1612]:SimpleName[1591-1612]"
  }, {
    "left" : "JsonDeserializer<?> deser",
    "right" : "JsonDeserializer<?> deser",
    "info" : "SingleVariableDeclaration[1613-1638]:SingleVariableDeclaration[1613-1638]"
  }, {
    "left" : "{}",
    "right" : "{}",
    "info" : "Block[1640-1887]:Block[1640-1972]"
  }, {
    "left" : "if (_valueDeserializer == deser)",
    "right" : "if (_valueDeserializer == deser)",
    "info" : "IfStatement[1650-1719]:IfStatement[1650-1719]"
  }, {
    "left" : "{}",
    "right" : "{}",
    "info" : "Block[1683-1719]:Block[1683-1719]"
  }, {
    "left" : "return this;",
    "right" : "return this;",
    "info" : "ReturnStatement[1697-1709]:ReturnStatement[1697-1709]"
  }, {
    "left" : "return new ObjectIdValueProperty(this, deser, _nullProvider);",
    "right" : "return new ObjectIdValueProperty(this, deser, nvp);",
    "info" : "ReturnStatement[1820-1881]:ReturnStatement[1915-1966]"
  }, {
    "left" : "_nullProvider",
    "right" : "nvp",
    "info" : "SimpleName[1866-1879]:SimpleName[1961-1964]"
  }, {
    "left" : "@Override",
    "right" : "@Override",
    "info" : "MarkerAnnotation[1893-1902]:MarkerAnnotation[1978-1987]"
  }, {
    "left" : "public",
    "right" : "public",
    "info" : "Modifier[1907-1913]:Modifier[1992-1998]"
  }, {
    "left" : "SettableBeanProperty",
    "right" : "SettableBeanProperty",
    "info" : "SimpleType[1914-1934]:SimpleType[1999-2019]"
  }, {
    "left" : "withNullProvider",
    "right" : "withNullProvider",
    "info" : "SimpleName[1935-1951]:SimpleName[2020-2036]"
  }, {
    "left" : "NullValueProvider nva",
    "right" : "NullValueProvider nva",
    "info" : "SingleVariableDeclaration[1952-1973]:SingleVariableDeclaration[2037-2058]"
  }, {
    "left" : "{}",
    "right" : "{}",
    "info" : "Block[1975-2055]:Block[2060-2140]"
  }, {
    "left" : "return new ObjectIdValueProperty(this, _valueDeserializer, nva);",
    "right" : "return new ObjectIdValueProperty(this, _valueDeserializer, nva);",
    "info" : "ReturnStatement[1985-2049]:ReturnStatement[2070-2134]"
  }, {
    "left" : "@Override",
    "right" : "@Override",
    "info" : "MarkerAnnotation[2097-2106]:MarkerAnnotation[2182-2191]"
  }, {
    "left" : "public",
    "right" : "public",
    "info" : "Modifier[2111-2117]:Modifier[2196-2202]"
  }, {
    "left" : "A extends Annotation",
    "right" : "A extends Annotation",
    "info" : "TypeParameter[2119-2139]:TypeParameter[2204-2224]"
  }, {
    "left" : "A",
    "right" : "A",
    "info" : "SimpleType[2141-2142]:SimpleType[2226-2227]"
  }, {
    "left" : "getAnnotation",
    "right" : "getAnnotation",
    "info" : "SimpleName[2143-2156]:SimpleName[2228-2241]"
  }, {
    "left" : "Class<A> acls",
    "right" : "Class<A> acls",
    "info" : "SingleVariableDeclaration[2157-2170]:SingleVariableDeclaration[2242-2255]"
  }, {
    "left" : "{}",
    "right" : "{}",
    "info" : "Block[2172-2200]:Block[2257-2285]"
  }, {
    "left" : "return null;",
    "right" : "return null;",
    "info" : "ReturnStatement[2182-2194]:ReturnStatement[2267-2279]"
  }, {
    "left" : "@Override",
    "right" : "@Override",
    "info" : "MarkerAnnotation[2206-2215]:MarkerAnnotation[2291-2300]"
  }, {
    "left" : "public",
    "right" : "public",
    "info" : "Modifier[2216-2222]:Modifier[2301-2307]"
  }, {
    "left" : "AnnotatedMember",
    "right" : "AnnotatedMember",
    "info" : "SimpleType[2223-2238]:SimpleType[2308-2323]"
  }, {
    "left" : "getMember",
    "right" : "getMember",
    "info" : "SimpleName[2239-2248]:SimpleName[2324-2333]"
  }, {
    "left" : "{}",
    "right" : "{}",
    "info" : "Block[2251-2268]:Block[2336-2353]"
  }, {
    "left" : "return null;",
    "right" : "return null;",
    "info" : "ReturnStatement[2254-2266]:ReturnStatement[2339-2351]"
  }, {
    "left" : "@Override",
    "right" : "@Override",
    "info" : "MarkerAnnotation[2449-2458]:MarkerAnnotation[2534-2543]"
  }, {
    "left" : "public",
    "right" : "public",
    "info" : "Modifier[2463-2469]:Modifier[2548-2554]"
  }, {
    "left" : "void",
    "right" : "void",
    "info" : "PrimitiveType[2470-2474]:PrimitiveType[2555-2559]"
  }, {
    "left" : "deserializeAndSet",
    "right" : "deserializeAndSet",
    "info" : "SimpleName[2475-2492]:SimpleName[2560-2577]"
  }, {
    "left" : "JsonParser p",
    "right" : "JsonParser p",
    "info" : "SingleVariableDeclaration[2493-2505]:SingleVariableDeclaration[2578-2590]"
  }, {
    "left" : "DeserializationContext ctxt",
    "right" : "DeserializationContext ctxt",
    "info" : "SingleVariableDeclaration[2507-2534]:SingleVariableDeclaration[2592-2619]"
  }, {
    "left" : "Object instance",
    "right" : "Object instance",
    "info" : "SingleVariableDeclaration[2548-2563]:SingleVariableDeclaration[2633-2648]"
  }, {
    "left" : "IOException",
    "right" : "IOException",
    "info" : "SimpleType[2572-2583]:SimpleType[2657-2668]"
  }, {
    "left" : "{}",
    "right" : "{}",
    "info" : "Block[2588-2647]:Block[2673-2732]"
  }, {
    "left" : "deserializeSetAndReturn(p, ctxt, instance);",
    "right" : "deserializeSetAndReturn(p, ctxt, instance);",
    "info" : "ExpressionStatement[2598-2641]:ExpressionStatement[2683-2726]"
  }, {
    "left" : "@Override",
    "right" : "@Override",
    "info" : "MarkerAnnotation[2653-2662]:MarkerAnnotation[2738-2747]"
  }, {
    "left" : "public",
    "right" : "public",
    "info" : "Modifier[2667-2673]:Modifier[2752-2758]"
  }, {
    "left" : "Object",
    "right" : "Object",
    "info" : "SimpleType[2674-2680]:SimpleType[2759-2765]"
  }, {
    "left" : "deserializeSetAndReturn",
    "right" : "deserializeSetAndReturn",
    "info" : "SimpleName[2681-2704]:SimpleName[2766-2789]"
  }, {
    "left" : "JsonParser p",
    "right" : "JsonParser p",
    "info" : "SingleVariableDeclaration[2705-2717]:SingleVariableDeclaration[2790-2802]"
  }, {
    "left" : "DeserializationContext ctxt",
    "right" : "DeserializationContext ctxt",
    "info" : "SingleVariableDeclaration[2725-2752]:SingleVariableDeclaration[2810-2837]"
  }, {
    "left" : "Object instance",
    "right" : "Object instance",
    "info" : "SingleVariableDeclaration[2754-2769]:SingleVariableDeclaration[2839-2854]"
  }, {
    "left" : "IOException",
    "right" : "IOException",
    "info" : "SimpleType[2778-2789]:SimpleType[2863-2874]"
  }, {
    "left" : "{}",
    "right" : "{}",
    "info" : "Block[2794-3724]:Block[2879-3809]"
  }, {
    "left" : "if (p.hasToken(JsonToken.VALUE_NULL))",
    "right" : "if (p.hasToken(JsonToken.VALUE_NULL))",
    "info" : "IfStatement[3199-3273]:IfStatement[3284-3358]"
  }, {
    "left" : "{}",
    "right" : "{}",
    "info" : "Block[3237-3273]:Block[3322-3358]"
  }, {
    "left" : "return null;",
    "right" : "return null;",
    "info" : "ReturnStatement[3251-3263]:ReturnStatement[3336-3348]"
  }, {
    "left" : "Object id = _valueDeserializer.deserialize(p, ctxt);",
    "right" : "Object id = _valueDeserializer.deserialize(p, ctxt);",
    "info" : "VariableDeclarationStatement[3282-3334]:VariableDeclarationStatement[3367-3419]"
  }, {
    "left" : "ReadableObjectId roid = ctxt.findObjectId(id, _objectIdReader.generator, _objectIdReader.resolver);",
    "right" : "ReadableObjectId roid = ctxt.findObjectId(id, _objectIdReader.generator, _objectIdReader.resolver);",
    "info" : "VariableDeclarationStatement[3343-3442]:VariableDeclarationStatement[3428-3527]"
  }, {
    "left" : "roid.bindItem(instance);",
    "right" : "roid.bindItem(instance);",
    "info" : "ExpressionStatement[3451-3475]:ExpressionStatement[3536-3560]"
  }, {
    "left" : "SettableBeanProperty idProp = _objectIdReader.idProperty;",
    "right" : "SettableBeanProperty idProp = _objectIdReader.idProperty;",
    "info" : "VariableDeclarationStatement[3542-3599]:VariableDeclarationStatement[3627-3684]"
  }, {
    "left" : "if (idProp != null)",
    "right" : "if (idProp != null)",
    "info" : "IfStatement[3608-3693]:IfStatement[3693-3778]"
  }, {
    "left" : "{}",
    "right" : "{}",
    "info" : "Block[3628-3693]:Block[3713-3778]"
  }, {
    "left" : "return idProp.setAndReturn(instance, id);",
    "right" : "return idProp.setAndReturn(instance, id);",
    "info" : "ReturnStatement[3642-3683]:ReturnStatement[3727-3768]"
  }, {
    "left" : "return instance;",
    "right" : "return instance;",
    "info" : "ReturnStatement[3702-3718]:ReturnStatement[3787-3803]"
  }, {
    "left" : "@Override",
    "right" : "@Override",
    "info" : "MarkerAnnotation[3730-3739]:MarkerAnnotation[3815-3824]"
  }, {
    "left" : "public",
    "right" : "public",
    "info" : "Modifier[3744-3750]:Modifier[3829-3835]"
  }, {
    "left" : "void",
    "right" : "void",
    "info" : "PrimitiveType[3751-3755]:PrimitiveType[3836-3840]"
  }, {
    "left" : "set",
    "right" : "set",
    "info" : "SimpleName[3756-3759]:SimpleName[3841-3844]"
  }, {
    "left" : "Object instance",
    "right" : "Object instance",
    "info" : "SingleVariableDeclaration[3760-3775]:SingleVariableDeclaration[3845-3860]"
  }, {
    "left" : "Object value",
    "right" : "Object value",
    "info" : "SingleVariableDeclaration[3777-3789]:SingleVariableDeclaration[3862-3874]"
  }, {
    "left" : "IOException",
    "right" : "IOException",
    "info" : "SimpleType[3798-3809]:SimpleType[3883-3894]"
  }, {
    "left" : "{}",
    "right" : "{}",
    "info" : "Block[3810-3856]:Block[3895-3941]"
  }, {
    "left" : "setAndReturn(instance, value);",
    "right" : "setAndReturn(instance, value);",
    "info" : "ExpressionStatement[3820-3850]:ExpressionStatement[3905-3935]"
  }, {
    "left" : "@Override",
    "right" : "@Override",
    "info" : "MarkerAnnotation[3862-3871]:MarkerAnnotation[3947-3956]"
  }, {
    "left" : "public",
    "right" : "public",
    "info" : "Modifier[3876-3882]:Modifier[3961-3967]"
  }, {
    "left" : "Object",
    "right" : "Object",
    "info" : "SimpleType[3883-3889]:SimpleType[3968-3974]"
  }, {
    "left" : "setAndReturn",
    "right" : "setAndReturn",
    "info" : "SimpleName[3890-3902]:SimpleName[3975-3987]"
  }, {
    "left" : "Object instance",
    "right" : "Object instance",
    "info" : "SingleVariableDeclaration[3903-3918]:SingleVariableDeclaration[3988-4003]"
  }, {
    "left" : "Object value",
    "right" : "Object value",
    "info" : "SingleVariableDeclaration[3920-3932]:SingleVariableDeclaration[4005-4017]"
  }, {
    "left" : "IOException",
    "right" : "IOException",
    "info" : "SimpleType[3941-3952]:SimpleType[4026-4037]"
  }, {
    "left" : "{}",
    "right" : "{}",
    "info" : "Block[3957-4275]:Block[4042-4360]"
  }, {
    "left" : "SettableBeanProperty idProp = _objectIdReader.idProperty;",
    "right" : "SettableBeanProperty idProp = _objectIdReader.idProperty;",
    "info" : "VariableDeclarationStatement[3967-4024]:VariableDeclarationStatement[4052-4109]"
  }, {
    "left" : "if (idProp == null)",
    "right" : "if (idProp == null)",
    "info" : "IfStatement[4033-4216]:IfStatement[4118-4301]"
  }, {
    "left" : "{}",
    "right" : "{}",
    "info" : "Block[4053-4216]:Block[4138-4301]"
  }, {
    "left" : "throw new UnsupportedOperationException(\n                    \"Should not call set() on ObjectIdProperty that has no SettableBeanProperty\");",
    "right" : "throw new UnsupportedOperationException(\n                    \"Should not call set() on ObjectIdProperty that has no SettableBeanProperty\");",
    "info" : "ThrowStatement[4067-4206]:ThrowStatement[4152-4291]"
  }, {
    "left" : "return idProp.setAndReturn(instance, value);",
    "right" : "return idProp.setAndReturn(instance, value);",
    "info" : "ReturnStatement[4225-4269]:ReturnStatement[4310-4354]"
  } ]
}