{
  "matchedElements" : [
 {
    "left" : "class : SetterlessProperty",
    "right" : "class : SetterlessProperty",
    "info" : "TypeDeclaration[743-5647]:TypeDeclaration[743-5732]"
  }, {
    "left" : "serialVersionUID",
    "right" : "serialVersionUID",
    "info" : "FieldDeclaration[972-1020]:FieldDeclaration[972-1020]"
  }, {
    "left" : "_annotated",
    "right" : "_annotated",
    "info" : "FieldDeclaration[1026-1069]:FieldDeclaration[1026-1069]"
  }, {
    "left" : "_getter",
    "right" : "_getter",
    "info" : "FieldDeclaration[1075-1239]:FieldDeclaration[1075-1239]"
  }, {
    "left" : "public SetterlessProperty(propDef , type , typeDeser , contextAnnotations , method )",
    "right" : "public SetterlessProperty(propDef , type , typeDeser , contextAnnotations , method )",
    "info" : "MethodDeclaration[1245-1556]:MethodDeclaration[1245-1556]"
  }, {
    "left" : "protected SetterlessProperty(src , deser , nva )",
    "right" : "protected SetterlessProperty(src , deser , nva )",
    "info" : "MethodDeclaration[1562-1784]:MethodDeclaration[1562-1784]"
  }, {
    "left" : "protected SetterlessProperty(src , newName )",
    "right" : "protected SetterlessProperty(src , newName )",
    "info" : "MethodDeclaration[1790-1969]:MethodDeclaration[1790-1969]"
  }, {
    "left" : "public withName(newName ) : ",
    "right" : "public withName(newName ) : ",
    "info" : "MethodDeclaration[1975-2109]:MethodDeclaration[1975-2109]"
  }, {
    "left" : "public withValueDeserializer(deser ) : ",
    "right" : "public withValueDeserializer(deser ) : ",
    "info" : "MethodDeclaration[2115-2450]:MethodDeclaration[2115-2535]"
  }, {
    "left" : "public withNullProvider(nva ) : ",
    "right" : "public withNullProvider(nva ) : ",
    "info" : "MethodDeclaration[2456-2615]:MethodDeclaration[2541-2700]"
  }, {
    "left" : "public fixAccess(config ) : void",
    "right" : "public fixAccess(config ) : void",
    "info" : "MethodDeclaration[2621-2807]:MethodDeclaration[2706-2892]"
  }, {
    "left" : "public getAnnotation(acls ...) : ",
    "right" : "public getAnnotation(acls ...) : ",
    "info" : "MethodDeclaration[2986-3115]:MethodDeclaration[3071-3200]"
  }, {
    "left" : "public getMember() : ",
    "right" : "public getMember() : ",
    "info" : "MethodDeclaration[3121-3189]:MethodDeclaration[3206-3274]"
  }, {
    "left" : "public deserializeAndSet(p , ctxt , instance ) : void",
    "right" : "public deserializeAndSet(p , ctxt , instance ) : void",
    "info" : "MethodDeclaration[3369-5039]:MethodDeclaration[3454-5124]"
  }, {
    "left" : "public deserializeSetAndReturn(p , ctxt , instance ) : ",
    "right" : "public deserializeSetAndReturn(p , ctxt , instance ) : ",
    "info" : "MethodDeclaration[5045-5264]:MethodDeclaration[5130-5349]"
  }, {
    "left" : "public set(instance , value ) : void",
    "right" : "public set(instance , value ) : void",
    "info" : "MethodDeclaration[5270-5482]:MethodDeclaration[5355-5567]"
  }, {
    "left" : "public setAndReturn(instance , value ) : ",
    "right" : "public setAndReturn(instance , value ) : ",
    "info" : "MethodDeclaration[5488-5645]:MethodDeclaration[5573-5730]"
  } ],
  "mappings" : [
 {
    "left" : "public",
    "right" : "public",
    "info" : "Modifier[895-901]:Modifier[895-901]"
  }, {
    "left" : "final",
    "right" : "final",
    "info" : "Modifier[902-907]:Modifier[902-907]"
  }, {
    "left" : "class",
    "right" : "class",
    "info" : "TYPE_DECLARATION_KIND[908-913]:TYPE_DECLARATION_KIND[908-913]"
  }, {
    "left" : "public",
    "right" : "public",
    "info" : "Modifier[1245-1251]:Modifier[1245-1251]"
  }, {
    "left" : "SetterlessProperty",
    "right" : "SetterlessProperty",
    "info" : "SimpleName[1252-1270]:SimpleName[1252-1270]"
  }, {
    "left" : "BeanPropertyDefinition propDef",
    "right" : "BeanPropertyDefinition propDef",
    "info" : "SingleVariableDeclaration[1271-1301]:SingleVariableDeclaration[1271-1301]"
  }, {
    "left" : "JavaType type",
    "right" : "JavaType type",
    "info" : "SingleVariableDeclaration[1303-1316]:SingleVariableDeclaration[1303-1316]"
  }, {
    "left" : "TypeDeserializer typeDeser",
    "right" : "TypeDeserializer typeDeser",
    "info" : "SingleVariableDeclaration[1330-1356]:SingleVariableDeclaration[1330-1356]"
  }, {
    "left" : "Annotations contextAnnotations",
    "right" : "Annotations contextAnnotations",
    "info" : "SingleVariableDeclaration[1358-1388]:SingleVariableDeclaration[1358-1388]"
  }, {
    "left" : "AnnotatedMethod method",
    "right" : "AnnotatedMethod method",
    "info" : "SingleVariableDeclaration[1390-1412]:SingleVariableDeclaration[1390-1412]"
  }, {
    "left" : "{}",
    "right" : "{}",
    "info" : "Block[1418-1556]:Block[1418-1556]"
  }, {
    "left" : "super(propDef, type, typeDeser, contextAnnotations);",
    "right" : "super(propDef, type, typeDeser, contextAnnotations);",
    "info" : "SuperConstructorInvocation[1428-1480]:SuperConstructorInvocation[1428-1480]"
  }, {
    "left" : "_annotated = method;",
    "right" : "_annotated = method;",
    "info" : "ExpressionStatement[1489-1509]:ExpressionStatement[1489-1509]"
  }, {
    "left" : "_getter = method.getAnnotated();",
    "right" : "_getter = method.getAnnotated();",
    "info" : "ExpressionStatement[1518-1550]:ExpressionStatement[1518-1550]"
  }, {
    "left" : "protected",
    "right" : "protected",
    "info" : "Modifier[1562-1571]:Modifier[1562-1571]"
  }, {
    "left" : "SetterlessProperty",
    "right" : "SetterlessProperty",
    "info" : "SimpleName[1572-1590]:SimpleName[1572-1590]"
  }, {
    "left" : "SetterlessProperty src",
    "right" : "SetterlessProperty src",
    "info" : "SingleVariableDeclaration[1591-1613]:SingleVariableDeclaration[1591-1613]"
  }, {
    "left" : "JsonDeserializer<?> deser",
    "right" : "JsonDeserializer<?> deser",
    "info" : "SingleVariableDeclaration[1615-1640]:SingleVariableDeclaration[1615-1640]"
  }, {
    "left" : "NullValueProvider nva",
    "right" : "NullValueProvider nva",
    "info" : "SingleVariableDeclaration[1654-1675]:SingleVariableDeclaration[1654-1675]"
  }, {
    "left" : "{}",
    "right" : "{}",
    "info" : "Block[1677-1784]:Block[1677-1784]"
  }, {
    "left" : "super(src, deser, nva);",
    "right" : "super(src, deser, nva);",
    "info" : "SuperConstructorInvocation[1687-1710]:SuperConstructorInvocation[1687-1710]"
  }, {
    "left" : "_annotated = src._annotated;",
    "right" : "_annotated = src._annotated;",
    "info" : "ExpressionStatement[1719-1747]:ExpressionStatement[1719-1747]"
  }, {
    "left" : "_getter = src._getter;",
    "right" : "_getter = src._getter;",
    "info" : "ExpressionStatement[1756-1778]:ExpressionStatement[1756-1778]"
  }, {
    "left" : "protected",
    "right" : "protected",
    "info" : "Modifier[1790-1799]:Modifier[1790-1799]"
  }, {
    "left" : "SetterlessProperty",
    "right" : "SetterlessProperty",
    "info" : "SimpleName[1800-1818]:SimpleName[1800-1818]"
  }, {
    "left" : "SetterlessProperty src",
    "right" : "SetterlessProperty src",
    "info" : "SingleVariableDeclaration[1819-1841]:SingleVariableDeclaration[1819-1841]"
  }, {
    "left" : "PropertyName newName",
    "right" : "PropertyName newName",
    "info" : "SingleVariableDeclaration[1843-1863]:SingleVariableDeclaration[1843-1863]"
  }, {
    "left" : "{}",
    "right" : "{}",
    "info" : "Block[1865-1969]:Block[1865-1969]"
  }, {
    "left" : "super(src, newName);",
    "right" : "super(src, newName);",
    "info" : "SuperConstructorInvocation[1875-1895]:SuperConstructorInvocation[1875-1895]"
  }, {
    "left" : "_annotated = src._annotated;",
    "right" : "_annotated = src._annotated;",
    "info" : "ExpressionStatement[1904-1932]:ExpressionStatement[1904-1932]"
  }, {
    "left" : "_getter = src._getter;",
    "right" : "_getter = src._getter;",
    "info" : "ExpressionStatement[1941-1963]:ExpressionStatement[1941-1963]"
  }, {
    "left" : "@Override",
    "right" : "@Override",
    "info" : "MarkerAnnotation[1975-1984]:MarkerAnnotation[1975-1984]"
  }, {
    "left" : "public",
    "right" : "public",
    "info" : "Modifier[1989-1995]:Modifier[1989-1995]"
  }, {
    "left" : "SettableBeanProperty",
    "right" : "SettableBeanProperty",
    "info" : "SimpleType[1996-2016]:SimpleType[1996-2016]"
  }, {
    "left" : "withName",
    "right" : "withName",
    "info" : "SimpleName[2017-2025]:SimpleName[2017-2025]"
  }, {
    "left" : "PropertyName newName",
    "right" : "PropertyName newName",
    "info" : "SingleVariableDeclaration[2026-2046]:SingleVariableDeclaration[2026-2046]"
  }, {
    "left" : "{}",
    "right" : "{}",
    "info" : "Block[2048-2109]:Block[2048-2109]"
  }, {
    "left" : "return new SetterlessProperty(this, newName);",
    "right" : "return new SetterlessProperty(this, newName);",
    "info" : "ReturnStatement[2058-2103]:ReturnStatement[2058-2103]"
  }, {
    "left" : "@Override",
    "right" : "@Override",
    "info" : "MarkerAnnotation[2115-2124]:MarkerAnnotation[2115-2124]"
  }, {
    "left" : "public",
    "right" : "public",
    "info" : "Modifier[2129-2135]:Modifier[2129-2135]"
  }, {
    "left" : "SettableBeanProperty",
    "right" : "SettableBeanProperty",
    "info" : "SimpleType[2136-2156]:SimpleType[2136-2156]"
  }, {
    "left" : "withValueDeserializer",
    "right" : "withValueDeserializer",
    "info" : "SimpleName[2157-2178]:SimpleName[2157-2178]"
  }, {
    "left" : "JsonDeserializer<?> deser",
    "right" : "JsonDeserializer<?> deser",
    "info" : "SingleVariableDeclaration[2179-2204]:SingleVariableDeclaration[2179-2204]"
  }, {
    "left" : "{}",
    "right" : "{}",
    "info" : "Block[2206-2450]:Block[2206-2535]"
  }, {
    "left" : "if (_valueDeserializer == deser)",
    "right" : "if (_valueDeserializer == deser)",
    "info" : "IfStatement[2216-2285]:IfStatement[2216-2285]"
  }, {
    "left" : "{}",
    "right" : "{}",
    "info" : "Block[2249-2285]:Block[2249-2285]"
  }, {
    "left" : "return this;",
    "right" : "return this;",
    "info" : "ReturnStatement[2263-2275]:ReturnStatement[2263-2275]"
  }, {
    "left" : "return new SetterlessProperty(this, deser, _nullProvider);",
    "right" : "return new SetterlessProperty(this, deser, nvp);",
    "info" : "ReturnStatement[2386-2444]:ReturnStatement[2481-2529]"
  }, {
    "left" : "_nullProvider",
    "right" : "nvp",
    "info" : "SimpleName[2429-2442]:SimpleName[2524-2527]"
  }, {
    "left" : "@Override",
    "right" : "@Override",
    "info" : "MarkerAnnotation[2456-2465]:MarkerAnnotation[2541-2550]"
  }, {
    "left" : "public",
    "right" : "public",
    "info" : "Modifier[2470-2476]:Modifier[2555-2561]"
  }, {
    "left" : "SettableBeanProperty",
    "right" : "SettableBeanProperty",
    "info" : "SimpleType[2477-2497]:SimpleType[2562-2582]"
  }, {
    "left" : "withNullProvider",
    "right" : "withNullProvider",
    "info" : "SimpleName[2498-2514]:SimpleName[2583-2599]"
  }, {
    "left" : "NullValueProvider nva",
    "right" : "NullValueProvider nva",
    "info" : "SingleVariableDeclaration[2515-2536]:SingleVariableDeclaration[2600-2621]"
  }, {
    "left" : "{}",
    "right" : "{}",
    "info" : "Block[2538-2615]:Block[2623-2700]"
  }, {
    "left" : "return new SetterlessProperty(this, _valueDeserializer, nva);",
    "right" : "return new SetterlessProperty(this, _valueDeserializer, nva);",
    "info" : "ReturnStatement[2548-2609]:ReturnStatement[2633-2694]"
  }, {
    "left" : "@Override",
    "right" : "@Override",
    "info" : "MarkerAnnotation[2621-2630]:MarkerAnnotation[2706-2715]"
  }, {
    "left" : "public",
    "right" : "public",
    "info" : "Modifier[2635-2641]:Modifier[2720-2726]"
  }, {
    "left" : "void",
    "right" : "void",
    "info" : "PrimitiveType[2642-2646]:PrimitiveType[2727-2731]"
  }, {
    "left" : "fixAccess",
    "right" : "fixAccess",
    "info" : "SimpleName[2647-2656]:SimpleName[2732-2741]"
  }, {
    "left" : "DeserializationConfig config",
    "right" : "DeserializationConfig config",
    "info" : "SingleVariableDeclaration[2657-2685]:SingleVariableDeclaration[2742-2770]"
  }, {
    "left" : "{}",
    "right" : "{}",
    "info" : "Block[2687-2807]:Block[2772-2892]"
  }, {
    "left" : "_annotated.fixAccess(\n                config.isEnabled(MapperFeature.OVERRIDE_PUBLIC_ACCESS_MODIFIERS));",
    "right" : "_annotated.fixAccess(\n                config.isEnabled(MapperFeature.OVERRIDE_PUBLIC_ACCESS_MODIFIERS));",
    "info" : "ExpressionStatement[2697-2801]:ExpressionStatement[2782-2886]"
  }, {
    "left" : "@Override",
    "right" : "@Override",
    "info" : "MarkerAnnotation[2986-2995]:MarkerAnnotation[3071-3080]"
  }, {
    "left" : "public",
    "right" : "public",
    "info" : "Modifier[3000-3006]:Modifier[3085-3091]"
  }, {
    "left" : "A extends Annotation",
    "right" : "A extends Annotation",
    "info" : "TypeParameter[3008-3028]:TypeParameter[3093-3113]"
  }, {
    "left" : "A",
    "right" : "A",
    "info" : "SimpleType[3030-3031]:SimpleType[3115-3116]"
  }, {
    "left" : "getAnnotation",
    "right" : "getAnnotation",
    "info" : "SimpleName[3032-3045]:SimpleName[3117-3130]"
  }, {
    "left" : "Class<A> acls",
    "right" : "Class<A> acls",
    "info" : "SingleVariableDeclaration[3046-3059]:SingleVariableDeclaration[3131-3144]"
  }, {
    "left" : "{}",
    "right" : "{}",
    "info" : "Block[3061-3115]:Block[3146-3200]"
  }, {
    "left" : "return _annotated.getAnnotation(acls);",
    "right" : "return _annotated.getAnnotation(acls);",
    "info" : "ReturnStatement[3071-3109]:ReturnStatement[3156-3194]"
  }, {
    "left" : "@Override",
    "right" : "@Override",
    "info" : "MarkerAnnotation[3121-3130]:MarkerAnnotation[3206-3215]"
  }, {
    "left" : "public",
    "right" : "public",
    "info" : "Modifier[3131-3137]:Modifier[3216-3222]"
  }, {
    "left" : "AnnotatedMember",
    "right" : "AnnotatedMember",
    "info" : "SimpleType[3138-3153]:SimpleType[3223-3238]"
  }, {
    "left" : "getMember",
    "right" : "getMember",
    "info" : "SimpleName[3154-3163]:SimpleName[3239-3248]"
  }, {
    "left" : "{}",
    "right" : "{}",
    "info" : "Block[3166-3189]:Block[3251-3274]"
  }, {
    "left" : "return _annotated;",
    "right" : "return _annotated;",
    "info" : "ReturnStatement[3169-3187]:ReturnStatement[3254-3272]"
  }, {
    "left" : "@Override",
    "right" : "@Override",
    "info" : "MarkerAnnotation[3369-3378]:MarkerAnnotation[3454-3463]"
  }, {
    "left" : "public",
    "right" : "public",
    "info" : "Modifier[3383-3389]:Modifier[3468-3474]"
  }, {
    "left" : "final",
    "right" : "final",
    "info" : "Modifier[3390-3395]:Modifier[3475-3480]"
  }, {
    "left" : "void",
    "right" : "void",
    "info" : "PrimitiveType[3396-3400]:PrimitiveType[3481-3485]"
  }, {
    "left" : "deserializeAndSet",
    "right" : "deserializeAndSet",
    "info" : "SimpleName[3401-3418]:SimpleName[3486-3503]"
  }, {
    "left" : "JsonParser p",
    "right" : "JsonParser p",
    "info" : "SingleVariableDeclaration[3419-3431]:SingleVariableDeclaration[3504-3516]"
  }, {
    "left" : "DeserializationContext ctxt",
    "right" : "DeserializationContext ctxt",
    "info" : "SingleVariableDeclaration[3433-3460]:SingleVariableDeclaration[3518-3545]"
  }, {
    "left" : "Object instance",
    "right" : "Object instance",
    "info" : "SingleVariableDeclaration[3474-3489]:SingleVariableDeclaration[3559-3574]"
  }, {
    "left" : "IOException",
    "right" : "IOException",
    "info" : "SimpleType[3498-3509]:SimpleType[3583-3594]"
  }, {
    "left" : "{}",
    "right" : "{}",
    "info" : "Block[3514-5039]:Block[3599-5124]"
  }, {
    "left" : "JsonToken t = p.getCurrentToken();",
    "right" : "JsonToken t = p.getCurrentToken();",
    "info" : "VariableDeclarationStatement[3524-3558]:VariableDeclarationStatement[3609-3643]"
  }, {
    "left" : "if (t == JsonToken.VALUE_NULL)",
    "right" : "if (t == JsonToken.VALUE_NULL)",
    "info" : "IfStatement[3567-3770]:IfStatement[3652-3855]"
  }, {
    "left" : "{}",
    "right" : "{}",
    "info" : "Block[3598-3770]:Block[3683-3855]"
  }, {
    "left" : "return;",
    "right" : "return;",
    "info" : "ReturnStatement[3753-3760]:ReturnStatement[3838-3845]"
  }, {
    "left" : "if (_valueTypeDeserializer != null)",
    "right" : "if (_valueTypeDeserializer != null)",
    "info" : "IfStatement[3844-4207]:IfStatement[3929-4292]"
  }, {
    "left" : "{}",
    "right" : "{}",
    "info" : "Block[3880-4207]:Block[3965-4292]"
  }, {
    "left" : "ctxt.reportBadDefinition(getType(), String.format(\n                    \"Problem deserializing 'setterless' property (\\\"%s\\\"): no way to handle typed deser with setterless yet\",\n                    getName()));",
    "right" : "ctxt.reportBadDefinition(getType(), String.format(\n                    \"Problem deserializing 'setterless' property (\\\"%s\\\"): no way to handle typed deser with setterless yet\",\n                    getName()));",
    "info" : "ExpressionStatement[3894-4103]:ExpressionStatement[3979-4188]"
  }, {
    "left" : "Object toModify;",
    "right" : "Object toModify;",
    "info" : "VariableDeclarationStatement[4277-4293]:VariableDeclarationStatement[4362-4378]"
  }, {
    "left" : "try{...}",
    "right" : "try{...}",
    "info" : "TryStatement[4302-4485]:TryStatement[4387-4570]"
  }, {
    "left" : "{}",
    "right" : "{}",
    "info" : "Block[4306-4383]:Block[4391-4468]"
  }, {
    "left" : "toModify = _getter.invoke(instance, (Object[]) null);",
    "right" : "toModify = _getter.invoke(instance, (Object[]) null);",
    "info" : "ExpressionStatement[4320-4373]:ExpressionStatement[4405-4458]"
  }, {
    "left" : "{}",
    "right" : "{}",
    "info" : "Block[4404-4485]:Block[4489-4570]"
  }, {
    "left" : "_throwAsIOE(p, e);",
    "right" : "_throwAsIOE(p, e);",
    "info" : "ExpressionStatement[4418-4436]:ExpressionStatement[4503-4521]"
  }, {
    "left" : "return;",
    "right" : "return;",
    "info" : "ReturnStatement[4449-4456]:ReturnStatement[4534-4541]"
  }, {
    "left" : "if (toModify == null)",
    "right" : "if (toModify == null)",
    "info" : "IfStatement[4747-4974]:IfStatement[4832-5059]"
  }, {
    "left" : "{}",
    "right" : "{}",
    "info" : "Block[4769-4974]:Block[4854-5059]"
  }, {
    "left" : "ctxt.reportBadDefinition(getType(), String.format(\n                    \"Problem deserializing 'setterless' property '%s': get method returned null\",\n                    getName()));",
    "right" : "ctxt.reportBadDefinition(getType(), String.format(\n                    \"Problem deserializing 'setterless' property '%s': get method returned null\",\n                    getName()));",
    "info" : "ExpressionStatement[4783-4964]:ExpressionStatement[4868-5049]"
  }, {
    "left" : "_valueDeserializer.deserialize(p, ctxt, toModify);",
    "right" : "_valueDeserializer.deserialize(p, ctxt, toModify);",
    "info" : "ExpressionStatement[4983-5033]:ExpressionStatement[5068-5118]"
  }, {
    "left" : "@Override",
    "right" : "@Override",
    "info" : "MarkerAnnotation[5045-5054]:MarkerAnnotation[5130-5139]"
  }, {
    "left" : "public",
    "right" : "public",
    "info" : "Modifier[5059-5065]:Modifier[5144-5150]"
  }, {
    "left" : "Object",
    "right" : "Object",
    "info" : "SimpleType[5066-5072]:SimpleType[5151-5157]"
  }, {
    "left" : "deserializeSetAndReturn",
    "right" : "deserializeSetAndReturn",
    "info" : "SimpleName[5073-5096]:SimpleName[5158-5181]"
  }, {
    "left" : "JsonParser p",
    "right" : "JsonParser p",
    "info" : "SingleVariableDeclaration[5097-5109]:SingleVariableDeclaration[5182-5194]"
  }, {
    "left" : "DeserializationContext ctxt",
    "right" : "DeserializationContext ctxt",
    "info" : "SingleVariableDeclaration[5117-5144]:SingleVariableDeclaration[5202-5229]"
  }, {
    "left" : "Object instance",
    "right" : "Object instance",
    "info" : "SingleVariableDeclaration[5146-5161]:SingleVariableDeclaration[5231-5246]"
  }, {
    "left" : "IOException",
    "right" : "IOException",
    "info" : "SimpleType[5170-5181]:SimpleType[5255-5266]"
  }, {
    "left" : "{}",
    "right" : "{}",
    "info" : "Block[5186-5264]:Block[5271-5349]"
  }, {
    "left" : "deserializeAndSet(p, ctxt, instance);",
    "right" : "deserializeAndSet(p, ctxt, instance);",
    "info" : "ExpressionStatement[5196-5233]:ExpressionStatement[5281-5318]"
  }, {
    "left" : "return instance;",
    "right" : "return instance;",
    "info" : "ReturnStatement[5242-5258]:ReturnStatement[5327-5343]"
  }, {
    "left" : "@Override",
    "right" : "@Override",
    "info" : "MarkerAnnotation[5270-5279]:MarkerAnnotation[5355-5364]"
  }, {
    "left" : "public",
    "right" : "public",
    "info" : "Modifier[5284-5290]:Modifier[5369-5375]"
  }, {
    "left" : "final",
    "right" : "final",
    "info" : "Modifier[5291-5296]:Modifier[5376-5381]"
  }, {
    "left" : "void",
    "right" : "void",
    "info" : "PrimitiveType[5297-5301]:PrimitiveType[5382-5386]"
  }, {
    "left" : "set",
    "right" : "set",
    "info" : "SimpleName[5302-5305]:SimpleName[5387-5390]"
  }, {
    "left" : "Object instance",
    "right" : "Object instance",
    "info" : "SingleVariableDeclaration[5306-5321]:SingleVariableDeclaration[5391-5406]"
  }, {
    "left" : "Object value",
    "right" : "Object value",
    "info" : "SingleVariableDeclaration[5323-5335]:SingleVariableDeclaration[5408-5420]"
  }, {
    "left" : "IOException",
    "right" : "IOException",
    "info" : "SimpleType[5344-5355]:SimpleType[5429-5440]"
  }, {
    "left" : "{}",
    "right" : "{}",
    "info" : "Block[5356-5482]:Block[5441-5567]"
  }, {
    "left" : "throw new UnsupportedOperationException(\"Should never call `set()` on setterless property ('\"+getName()+\"')\");",
    "right" : "throw new UnsupportedOperationException(\"Should never call `set()` on setterless property ('\"+getName()+\"')\");",
    "info" : "ThrowStatement[5366-5476]:ThrowStatement[5451-5561]"
  }, {
    "left" : "@Override",
    "right" : "@Override",
    "info" : "MarkerAnnotation[5488-5497]:MarkerAnnotation[5573-5582]"
  }, {
    "left" : "public",
    "right" : "public",
    "info" : "Modifier[5502-5508]:Modifier[5587-5593]"
  }, {
    "left" : "Object",
    "right" : "Object",
    "info" : "SimpleType[5509-5515]:SimpleType[5594-5600]"
  }, {
    "left" : "setAndReturn",
    "right" : "setAndReturn",
    "info" : "SimpleName[5516-5528]:SimpleName[5601-5613]"
  }, {
    "left" : "Object instance",
    "right" : "Object instance",
    "info" : "SingleVariableDeclaration[5529-5544]:SingleVariableDeclaration[5614-5629]"
  }, {
    "left" : "Object value",
    "right" : "Object value",
    "info" : "SingleVariableDeclaration[5546-5558]:SingleVariableDeclaration[5631-5643]"
  }, {
    "left" : "IOException",
    "right" : "IOException",
    "info" : "SimpleType[5567-5578]:SimpleType[5652-5663]"
  }, {
    "left" : "{}",
    "right" : "{}",
    "info" : "Block[5583-5645]:Block[5668-5730]"
  }, {
    "left" : "set(instance, value);",
    "right" : "set(instance, value);",
    "info" : "ExpressionStatement[5593-5614]:ExpressionStatement[5678-5699]"
  }, {
    "left" : "return instance;",
    "right" : "return instance;",
    "info" : "ReturnStatement[5623-5639]:ReturnStatement[5708-5724]"
  } ]
}