{
  "matchedElements" : [
 {
    "left" : "class : WriteableCommandLineImpl",
    "right" : "class : WriteableCommandLineImpl",
    "info" : "TypeDeclaration[1359-9106]:TypeDeclaration[1359-9296]"
  }, {
    "left" : "optionToProperties",
    "right" : "optionToProperties",
    "info" : "FieldDeclaration[1587-1640]:FieldDeclaration[1587-1640]"
  }, {
    "left" : "options",
    "right" : "options",
    "info" : "FieldDeclaration[1707-1752]:FieldDeclaration[1707-1752]"
  }, {
    "left" : "nameToOption",
    "right" : "nameToOption",
    "info" : "FieldDeclaration[1757-1804]:FieldDeclaration[1757-1804]"
  }, {
    "left" : "values",
    "right" : "values",
    "info" : "FieldDeclaration[1809-1850]:FieldDeclaration[1809-1850]"
  }, {
    "left" : "switches",
    "right" : "switches",
    "info" : "FieldDeclaration[1855-1898]:FieldDeclaration[1855-1898]"
  }, {
    "left" : "defaultValues",
    "right" : "defaultValues",
    "info" : "FieldDeclaration[1903-1951]:FieldDeclaration[1903-1951]"
  }, {
    "left" : "defaultSwitches",
    "right" : "defaultSwitches",
    "info" : "FieldDeclaration[1956-2006]:FieldDeclaration[1956-2006]"
  }, {
    "left" : "normalised",
    "right" : "normalised",
    "info" : "FieldDeclaration[2011-2041]:FieldDeclaration[2011-2041]"
  }, {
    "left" : "prefixes",
    "right" : "prefixes",
    "info" : "FieldDeclaration[2046-2073]:FieldDeclaration[2046-2073]"
  }, {
    "left" : "public WriteableCommandLineImpl(rootOption , arguments ...)",
    "right" : "public WriteableCommandLineImpl(rootOption , arguments ...)",
    "info" : "MethodDeclaration[2079-2547]:MethodDeclaration[2079-2547]"
  }, {
    "left" : "public addOption(option ) : void",
    "right" : "public addOption(option ) : void",
    "info" : "MethodDeclaration[2553-2879]:MethodDeclaration[2553-3069]"
  }, {
    "left" : "public addValue(option , value ) : void",
    "right" : "public addValue(option , value ) : void",
    "info" : "MethodDeclaration[2885-3274]:MethodDeclaration[3075-3464]"
  }, {
    "left" : "public addSwitch(option , value boolean) : void",
    "right" : "public addSwitch(option , value boolean) : void",
    "info" : "MethodDeclaration[3280-3678]:MethodDeclaration[3470-3868]"
  }, {
    "left" : "public hasOption(option ) : boolean",
    "right" : "public hasOption(option ) : boolean",
    "info" : "MethodDeclaration[3684-3820]:MethodDeclaration[3874-4010]"
  }, {
    "left" : "public getOption(trigger ) : ",
    "right" : "public getOption(trigger ) : ",
    "info" : "MethodDeclaration[3826-3930]:MethodDeclaration[4016-4120]"
  }, {
    "left" : "public getValues(option , defaultValues ...) : ",
    "right" : "public getValues(option , defaultValues ...) : ",
    "info" : "MethodDeclaration[3936-5105]:MethodDeclaration[4126-5295]"
  }, {
    "left" : "public getUndefaultedValues(option ) : ",
    "right" : "public getUndefaultedValues(option ) : ",
    "info" : "MethodDeclaration[5111-5404]:MethodDeclaration[5301-5594]"
  }, {
    "left" : "public getSwitch(option , defaultValue ) : ",
    "right" : "public getSwitch(option , defaultValue ) : ",
    "info" : "MethodDeclaration[5410-5928]:MethodDeclaration[5600-6118]"
  }, {
    "left" : "public getProperty(property ) : ",
    "right" : "public getProperty(property ) : ",
    "info" : "MethodDeclaration[5934-6050]:MethodDeclaration[6124-6240]"
  }, {
    "left" : "public addProperty(option , property , value ) : void",
    "right" : "public addProperty(option , property , value ) : void",
    "info" : "MethodDeclaration[6056-6476]:MethodDeclaration[6246-6666]"
  }, {
    "left" : "public addProperty(property , value ) : void",
    "right" : "public addProperty(property , value ) : void",
    "info" : "MethodDeclaration[6482-6616]:MethodDeclaration[6672-6806]"
  }, {
    "left" : "public getProperty(option , property , defaultValue ) : ",
    "right" : "public getProperty(option , property , defaultValue ) : ",
    "info" : "MethodDeclaration[6622-7003]:MethodDeclaration[6812-7193]"
  }, {
    "left" : "public getProperties(option ) : ",
    "right" : "public getProperties(option ) : ",
    "info" : "MethodDeclaration[7009-7290]:MethodDeclaration[7199-7480]"
  }, {
    "left" : "public getProperties() : ",
    "right" : "public getProperties() : ",
    "info" : "MethodDeclaration[7296-7382]:MethodDeclaration[7486-7572]"
  }, {
    "left" : "public looksLikeOption(trigger ) : boolean",
    "right" : "public looksLikeOption(trigger ) : boolean",
    "info" : "MethodDeclaration[7388-7693]:MethodDeclaration[7578-7883]"
  }, {
    "left" : "public toString() : ",
    "right" : "public toString() : ",
    "info" : "MethodDeclaration[7699-8247]:MethodDeclaration[7889-8437]"
  }, {
    "left" : "public getOptions() : ",
    "right" : "public getOptions() : ",
    "info" : "MethodDeclaration[8253-8339]:MethodDeclaration[8443-8529]"
  }, {
    "left" : "public getOptionTriggers() : ",
    "right" : "public getOptionTriggers() : ",
    "info" : "MethodDeclaration[8345-8450]:MethodDeclaration[8535-8640]"
  }, {
    "left" : "public setDefaultValues(option , defaults ...) : void",
    "right" : "public setDefaultValues(option , defaults ...) : void",
    "info" : "MethodDeclaration[8456-8717]:MethodDeclaration[8646-8907]"
  }, {
    "left" : "public setDefaultSwitch(option , defaultSwitch ) : void",
    "right" : "public setDefaultSwitch(option , defaultSwitch ) : void",
    "info" : "MethodDeclaration[8723-9006]:MethodDeclaration[8913-9196]"
  }, {
    "left" : "public getNormalised() : ",
    "right" : "public getNormalised() : ",
    "info" : "MethodDeclaration[9012-9104]:MethodDeclaration[9202-9294]"
  } ],
  "mappings" : [
 {
    "left" : "public",
    "right" : "public",
    "info" : "Modifier[1483-1489]:Modifier[1483-1489]"
  }, {
    "left" : "class",
    "right" : "class",
    "info" : "TYPE_DECLARATION_KIND[1490-1495]:TYPE_DECLARATION_KIND[1490-1495]"
  }, {
    "left" : "public",
    "right" : "public",
    "info" : "Modifier[2338-2344]:Modifier[2338-2344]"
  }, {
    "left" : "WriteableCommandLineImpl",
    "right" : "WriteableCommandLineImpl",
    "info" : "SimpleName[2345-2369]:SimpleName[2345-2369]"
  }, {
    "left" : "final Option rootOption",
    "right" : "final Option rootOption",
    "info" : "SingleVariableDeclaration[2370-2393]:SingleVariableDeclaration[2370-2393]"
  }, {
    "left" : "final List arguments",
    "right" : "final List arguments",
    "info" : "SingleVariableDeclaration[2431-2451]:SingleVariableDeclaration[2431-2451]"
  }, {
    "left" : "{}",
    "right" : "{}",
    "info" : "Block[2453-2547]:Block[2453-2547]"
  }, {
    "left" : "this.prefixes = rootOption.getPrefixes();",
    "right" : "this.prefixes = rootOption.getPrefixes();",
    "info" : "ExpressionStatement[2463-2504]:ExpressionStatement[2463-2504]"
  }, {
    "left" : "this.normalised = arguments;",
    "right" : "this.normalised = arguments;",
    "info" : "ExpressionStatement[2513-2541]:ExpressionStatement[2513-2541]"
  }, {
    "left" : "public",
    "right" : "public",
    "info" : "Modifier[2553-2559]:Modifier[2553-2559]"
  }, {
    "left" : "void",
    "right" : "void",
    "info" : "PrimitiveType[2560-2564]:PrimitiveType[2560-2564]"
  }, {
    "left" : "addOption",
    "right" : "addOption",
    "info" : "SimpleName[2565-2574]:SimpleName[2565-2574]"
  }, {
    "left" : "Option option",
    "right" : "Option option",
    "info" : "SingleVariableDeclaration[2575-2588]:SingleVariableDeclaration[2575-2588]"
  }, {
    "left" : "{}",
    "right" : "{}",
    "info" : "Block[2590-2879]:Block[2590-3069]"
  }, {
    "left" : "options.add(option);",
    "right" : "options.add(option);",
    "info" : "ExpressionStatement[2600-2620]:ExpressionStatement[2600-2620]"
  }, {
    "left" : "nameToOption.put(option.getPreferredName(), option);",
    "right" : "nameToOption.put(option.getPreferredName(), option);",
    "info" : "ExpressionStatement[2629-2681]:ExpressionStatement[2629-2681]"
  }, {
    "left" : "for (Iterator i = option.getTriggers().iterator(); i.hasNext())",
    "right" : "for (Iterator i = option.getTriggers().iterator(); i.hasNext())",
    "info" : "ForStatement[2691-2815]:ForStatement[2691-2815]"
  }, {
    "left" : "{}",
    "right" : "{}",
    "info" : "Block[2756-2815]:Block[2756-2815]"
  }, {
    "left" : "nameToOption.put(i.next(), option);",
    "right" : "nameToOption.put(i.next(), option);",
    "info" : "ExpressionStatement[2770-2805]:ExpressionStatement[2770-2805]"
  }, {
    "left" : "public",
    "right" : "public",
    "info" : "Modifier[2885-2891]:Modifier[3075-3081]"
  }, {
    "left" : "void",
    "right" : "void",
    "info" : "PrimitiveType[2892-2896]:PrimitiveType[3082-3086]"
  }, {
    "left" : "addValue",
    "right" : "addValue",
    "info" : "SimpleName[2897-2905]:SimpleName[3087-3095]"
  }, {
    "left" : "final Option option",
    "right" : "final Option option",
    "info" : "SingleVariableDeclaration[2906-2925]:SingleVariableDeclaration[3096-3115]"
  }, {
    "left" : "final Object value",
    "right" : "final Object value",
    "info" : "SingleVariableDeclaration[2952-2970]:SingleVariableDeclaration[3142-3160]"
  }, {
    "left" : "{}",
    "right" : "{}",
    "info" : "Block[2972-3274]:Block[3162-3464]"
  }, {
    "left" : "if (option instanceof Argument)",
    "right" : "if (option instanceof Argument)",
    "info" : "IfStatement[2982-3056]:IfStatement[3172-3246]"
  }, {
    "left" : "{}",
    "right" : "{}",
    "info" : "Block[3014-3056]:Block[3204-3246]"
  }, {
    "left" : "addOption(option);",
    "right" : "addOption(option);",
    "info" : "ExpressionStatement[3028-3046]:ExpressionStatement[3218-3236]"
  }, {
    "left" : "List valueList = (List) values.get(option);",
    "right" : "List valueList = (List) values.get(option);",
    "info" : "VariableDeclarationStatement[3066-3109]:VariableDeclarationStatement[3256-3299]"
  }, {
    "left" : "if (valueList == null)",
    "right" : "if (valueList == null)",
    "info" : "IfStatement[3119-3237]:IfStatement[3309-3427]"
  }, {
    "left" : "{}",
    "right" : "{}",
    "info" : "Block[3142-3237]:Block[3332-3427]"
  }, {
    "left" : "valueList = new ArrayList();",
    "right" : "valueList = new ArrayList();",
    "info" : "ExpressionStatement[3156-3184]:ExpressionStatement[3346-3374]"
  }, {
    "left" : "values.put(option, valueList);",
    "right" : "values.put(option, valueList);",
    "info" : "ExpressionStatement[3197-3227]:ExpressionStatement[3387-3417]"
  }, {
    "left" : "valueList.add(value);",
    "right" : "valueList.add(value);",
    "info" : "ExpressionStatement[3247-3268]:ExpressionStatement[3437-3458]"
  }, {
    "left" : "public",
    "right" : "public",
    "info" : "Modifier[3280-3286]:Modifier[3470-3476]"
  }, {
    "left" : "void",
    "right" : "void",
    "info" : "PrimitiveType[3287-3291]:PrimitiveType[3477-3481]"
  }, {
    "left" : "addSwitch",
    "right" : "addSwitch",
    "info" : "SimpleName[3292-3301]:SimpleName[3482-3491]"
  }, {
    "left" : "final Option option",
    "right" : "final Option option",
    "info" : "SingleVariableDeclaration[3302-3321]:SingleVariableDeclaration[3492-3511]"
  }, {
    "left" : "final boolean value",
    "right" : "final boolean value",
    "info" : "SingleVariableDeclaration[3349-3368]:SingleVariableDeclaration[3539-3558]"
  }, {
    "left" : "{}",
    "right" : "{}",
    "info" : "Block[3370-3678]:Block[3560-3868]"
  }, {
    "left" : "addOption(option);",
    "right" : "addOption(option);",
    "info" : "ExpressionStatement[3380-3398]:ExpressionStatement[3570-3588]"
  }, {
    "left" : "if (switches.containsKey(option))",
    "right" : "if (switches.containsKey(option))",
    "info" : "IfStatement[3408-3672]:IfStatement[3598-3862]"
  }, {
    "left" : "{}",
    "right" : "{}",
    "info" : "Block[3442-3583]:Block[3632-3773]"
  }, {
    "left" : "throw new IllegalStateException(ResourceHelper.getResourceHelper().getMessage(ResourceConstants.SWITCH_ALREADY_SET));",
    "right" : "throw new IllegalStateException(ResourceHelper.getResourceHelper().getMessage(ResourceConstants.SWITCH_ALREADY_SET));",
    "info" : "ThrowStatement[3456-3573]:ThrowStatement[3646-3763]"
  }, {
    "left" : "{}",
    "right" : "{}",
    "info" : "Block[3589-3672]:Block[3779-3862]"
  }, {
    "left" : "switches.put(option, value ? Boolean.TRUE : Boolean.FALSE);",
    "right" : "switches.put(option, value ? Boolean.TRUE : Boolean.FALSE);",
    "info" : "ExpressionStatement[3603-3662]:ExpressionStatement[3793-3852]"
  }, {
    "left" : "public",
    "right" : "public",
    "info" : "Modifier[3684-3690]:Modifier[3874-3880]"
  }, {
    "left" : "boolean",
    "right" : "boolean",
    "info" : "PrimitiveType[3691-3698]:PrimitiveType[3881-3888]"
  }, {
    "left" : "hasOption",
    "right" : "hasOption",
    "info" : "SimpleName[3699-3708]:SimpleName[3889-3898]"
  }, {
    "left" : "final Option option",
    "right" : "final Option option",
    "info" : "SingleVariableDeclaration[3709-3728]:SingleVariableDeclaration[3899-3918]"
  }, {
    "left" : "{}",
    "right" : "{}",
    "info" : "Block[3730-3820]:Block[3920-4010]"
  }, {
    "left" : "final boolean present = options.contains(option);",
    "right" : "final boolean present = options.contains(option);",
    "info" : "VariableDeclarationStatement[3740-3789]:VariableDeclarationStatement[3930-3979]"
  }, {
    "left" : "return present;",
    "right" : "return present;",
    "info" : "ReturnStatement[3799-3814]:ReturnStatement[3989-4004]"
  }, {
    "left" : "public",
    "right" : "public",
    "info" : "Modifier[3826-3832]:Modifier[4016-4022]"
  }, {
    "left" : "Option",
    "right" : "Option",
    "info" : "SimpleType[3833-3839]:SimpleType[4023-4029]"
  }, {
    "left" : "getOption",
    "right" : "getOption",
    "info" : "SimpleName[3840-3849]:SimpleName[4030-4039]"
  }, {
    "left" : "final String trigger",
    "right" : "final String trigger",
    "info" : "SingleVariableDeclaration[3850-3870]:SingleVariableDeclaration[4040-4060]"
  }, {
    "left" : "{}",
    "right" : "{}",
    "info" : "Block[3872-3930]:Block[4062-4120]"
  }, {
    "left" : "return (Option) nameToOption.get(trigger);",
    "right" : "return (Option) nameToOption.get(trigger);",
    "info" : "ReturnStatement[3882-3924]:ReturnStatement[4072-4114]"
  }, {
    "left" : "public",
    "right" : "public",
    "info" : "Modifier[3936-3942]:Modifier[4126-4132]"
  }, {
    "left" : "List",
    "right" : "List",
    "info" : "SimpleType[3943-3947]:SimpleType[4133-4137]"
  }, {
    "left" : "getValues",
    "right" : "getValues",
    "info" : "SimpleName[3948-3957]:SimpleName[4138-4147]"
  }, {
    "left" : "final Option option",
    "right" : "final Option option",
    "info" : "SingleVariableDeclaration[3958-3977]:SingleVariableDeclaration[4148-4167]"
  }, {
    "left" : "List defaultValues",
    "right" : "List defaultValues",
    "info" : "SingleVariableDeclaration[4005-4023]:SingleVariableDeclaration[4195-4213]"
  }, {
    "left" : "{}",
    "right" : "{}",
    "info" : "Block[4025-5105]:Block[4215-5295]"
  }, {
    "left" : "List valueList = (List) values.get(option);",
    "right" : "List valueList = (List) values.get(option);",
    "info" : "VariableDeclarationStatement[4073-4116]:VariableDeclarationStatement[4263-4306]"
  }, {
    "left" : "if (defaultValues == null || defaultValues.isEmpty())",
    "right" : "if (defaultValues == null || defaultValues.isEmpty())",
    "info" : "IfStatement[4169-4301]:IfStatement[4359-4491]"
  }, {
    "left" : "{}",
    "right" : "{}",
    "info" : "Block[4223-4301]:Block[4413-4491]"
  }, {
    "left" : "defaultValues = (List) this.defaultValues.get(option);",
    "right" : "defaultValues = (List) this.defaultValues.get(option);",
    "info" : "ExpressionStatement[4237-4291]:ExpressionStatement[4427-4481]"
  }, {
    "left" : "if (defaultValues != null && !defaultValues.isEmpty())",
    "right" : "if (defaultValues != null && !defaultValues.isEmpty())",
    "info" : "IfStatement[4363-5019]:IfStatement[4553-5209]"
  }, {
    "left" : "{}",
    "right" : "{}",
    "info" : "Block[4418-5019]:Block[4608-5209]"
  }, {
    "left" : "if (valueList == null || valueList.isEmpty())",
    "right" : "if (valueList == null || valueList.isEmpty())",
    "info" : "IfStatement[4432-5009]:IfStatement[4622-5199]"
  }, {
    "left" : "{}",
    "right" : "{}",
    "info" : "Block[4478-4536]:Block[4668-4726]"
  }, {
    "left" : "valueList = defaultValues;",
    "right" : "valueList = defaultValues;",
    "info" : "ExpressionStatement[4496-4522]:ExpressionStatement[4686-4712]"
  }, {
    "left" : "{}",
    "right" : "{}",
    "info" : "Block[4542-5009]:Block[4732-5199]"
  }, {
    "left" : "if (defaultValues.size() > valueList.size())",
    "right" : "if (defaultValues.size() > valueList.size())",
    "info" : "IfStatement[4667-4995]:IfStatement[4857-5185]"
  }, {
    "left" : "{}",
    "right" : "{}",
    "info" : "Block[4712-4995]:Block[4902-5185]"
  }, {
    "left" : "valueList = new ArrayList(valueList);",
    "right" : "valueList = new ArrayList(valueList);",
    "info" : "ExpressionStatement[4777-4814]:ExpressionStatement[4967-5004]"
  }, {
    "left" : "for (int i=valueList.size(); i<defaultValues.size(); i++)",
    "right" : "for (int i=valueList.size(); i<defaultValues.size(); i++)",
    "info" : "ForStatement[4835-4977]:ForStatement[5025-5167]"
  }, {
    "left" : "{}",
    "right" : "{}",
    "info" : "Block[4893-4977]:Block[5083-5167]"
  }, {
    "left" : "valueList.add(defaultValues.get(i));",
    "right" : "valueList.add(defaultValues.get(i));",
    "info" : "ExpressionStatement[4919-4955]:ExpressionStatement[5109-5145]"
  }, {
    "left" : "return valueList == null ? Collections.EMPTY_LIST : valueList;",
    "right" : "return valueList == null ? Collections.EMPTY_LIST : valueList;",
    "info" : "ReturnStatement[5037-5099]:ReturnStatement[5227-5289]"
  }, {
    "left" : "public",
    "right" : "public",
    "info" : "Modifier[5111-5117]:Modifier[5301-5307]"
  }, {
    "left" : "List",
    "right" : "List",
    "info" : "SimpleType[5118-5122]:SimpleType[5308-5312]"
  }, {
    "left" : "getUndefaultedValues",
    "right" : "getUndefaultedValues",
    "info" : "SimpleName[5123-5143]:SimpleName[5313-5333]"
  }, {
    "left" : "Option option",
    "right" : "Option option",
    "info" : "SingleVariableDeclaration[5144-5157]:SingleVariableDeclaration[5334-5347]"
  }, {
    "left" : "{}",
    "right" : "{}",
    "info" : "Block[5159-5404]:Block[5349-5594]"
  }, {
    "left" : "List valueList = (List) values.get(option);",
    "right" : "List valueList = (List) values.get(option);",
    "info" : "VariableDeclarationStatement[5211-5254]:VariableDeclarationStatement[5401-5444]"
  }, {
    "left" : "if (valueList == null)",
    "right" : "if (valueList == null)",
    "info" : "IfStatement[5297-5373]:IfStatement[5487-5563]"
  }, {
    "left" : "{}",
    "right" : "{}",
    "info" : "Block[5320-5373]:Block[5510-5563]"
  }, {
    "left" : "valueList = Collections.EMPTY_LIST;",
    "right" : "valueList = Collections.EMPTY_LIST;",
    "info" : "ExpressionStatement[5330-5365]:ExpressionStatement[5520-5555]"
  }, {
    "left" : "return valueList;",
    "right" : "return valueList;",
    "info" : "ReturnStatement[5381-5398]:ReturnStatement[5571-5588]"
  }, {
    "left" : "public",
    "right" : "public",
    "info" : "Modifier[5410-5416]:Modifier[5600-5606]"
  }, {
    "left" : "Boolean",
    "right" : "Boolean",
    "info" : "SimpleType[5417-5424]:SimpleType[5607-5614]"
  }, {
    "left" : "getSwitch",
    "right" : "getSwitch",
    "info" : "SimpleName[5425-5434]:SimpleName[5615-5624]"
  }, {
    "left" : "final Option option",
    "right" : "final Option option",
    "info" : "SingleVariableDeclaration[5435-5454]:SingleVariableDeclaration[5625-5644]"
  }, {
    "left" : "final Boolean defaultValue",
    "right" : "final Boolean defaultValue",
    "info" : "SingleVariableDeclaration[5485-5511]:SingleVariableDeclaration[5675-5701]"
  }, {
    "left" : "{}",
    "right" : "{}",
    "info" : "Block[5513-5928]:Block[5703-6118]"
  }, {
    "left" : "Boolean bool = (Boolean) switches.get(option);",
    "right" : "Boolean bool = (Boolean) switches.get(option);",
    "info" : "VariableDeclarationStatement[5569-5615]:VariableDeclarationStatement[5759-5805]"
  }, {
    "left" : "if (bool == null)",
    "right" : "if (bool == null)",
    "info" : "IfStatement[5685-5747]:IfStatement[5875-5937]"
  }, {
    "left" : "{}",
    "right" : "{}",
    "info" : "Block[5703-5747]:Block[5893-5937]"
  }, {
    "left" : "bool = defaultValue;",
    "right" : "bool = defaultValue;",
    "info" : "ExpressionStatement[5717-5737]:ExpressionStatement[5907-5927]"
  }, {
    "left" : "if (bool == null)",
    "right" : "if (bool == null)",
    "info" : "IfStatement[5808-5900]:IfStatement[5998-6090]"
  }, {
    "left" : "{}",
    "right" : "{}",
    "info" : "Block[5826-5900]:Block[6016-6090]"
  }, {
    "left" : "bool = (Boolean) this.defaultSwitches.get(option);",
    "right" : "bool = (Boolean) this.defaultSwitches.get(option);",
    "info" : "ExpressionStatement[5840-5890]:ExpressionStatement[6030-6080]"
  }, {
    "left" : "return bool;",
    "right" : "return bool;",
    "info" : "ReturnStatement[5910-5922]:ReturnStatement[6100-6112]"
  }, {
    "left" : "public",
    "right" : "public",
    "info" : "Modifier[5934-5940]:Modifier[6124-6130]"
  }, {
    "left" : "String",
    "right" : "String",
    "info" : "SimpleType[5941-5947]:SimpleType[6131-6137]"
  }, {
    "left" : "getProperty",
    "right" : "getProperty",
    "info" : "SimpleName[5948-5959]:SimpleName[6138-6149]"
  }, {
    "left" : "final String property",
    "right" : "final String property",
    "info" : "SingleVariableDeclaration[5960-5981]:SingleVariableDeclaration[6150-6171]"
  }, {
    "left" : "{}",
    "right" : "{}",
    "info" : "Block[5983-6050]:Block[6173-6240]"
  }, {
    "left" : "return getProperty(new PropertyOption(), property);",
    "right" : "return getProperty(new PropertyOption(), property);",
    "info" : "ReturnStatement[5993-6044]:ReturnStatement[6183-6234]"
  }, {
    "left" : "public",
    "right" : "public",
    "info" : "Modifier[6056-6062]:Modifier[6246-6252]"
  }, {
    "left" : "void",
    "right" : "void",
    "info" : "PrimitiveType[6063-6067]:PrimitiveType[6253-6257]"
  }, {
    "left" : "addProperty",
    "right" : "addProperty",
    "info" : "SimpleName[6068-6079]:SimpleName[6258-6269]"
  }, {
    "left" : "final Option option",
    "right" : "final Option option",
    "info" : "SingleVariableDeclaration[6080-6099]:SingleVariableDeclaration[6270-6289]"
  }, {
    "left" : "final String property",
    "right" : "final String property",
    "info" : "SingleVariableDeclaration[6129-6150]:SingleVariableDeclaration[6319-6340]"
  }, {
    "left" : "final String value",
    "right" : "final String value",
    "info" : "SingleVariableDeclaration[6180-6198]:SingleVariableDeclaration[6370-6388]"
  }, {
    "left" : "{}",
    "right" : "{}",
    "info" : "Block[6200-6476]:Block[6390-6666]"
  }, {
    "left" : "Properties properties = (Properties) optionToProperties.get(option);",
    "right" : "Properties properties = (Properties) optionToProperties.get(option);",
    "info" : "VariableDeclarationStatement[6210-6278]:VariableDeclarationStatement[6400-6468]"
  }, {
    "left" : "if (properties == null)",
    "right" : "if (properties == null)",
    "info" : "IfStatement[6287-6421]:IfStatement[6477-6611]"
  }, {
    "left" : "{}",
    "right" : "{}",
    "info" : "Block[6311-6421]:Block[6501-6611]"
  }, {
    "left" : "properties = new Properties();",
    "right" : "properties = new Properties();",
    "info" : "ExpressionStatement[6325-6355]:ExpressionStatement[6515-6545]"
  }, {
    "left" : "optionToProperties.put(option, properties);",
    "right" : "optionToProperties.put(option, properties);",
    "info" : "ExpressionStatement[6368-6411]:ExpressionStatement[6558-6601]"
  }, {
    "left" : "properties.setProperty(property, value);",
    "right" : "properties.setProperty(property, value);",
    "info" : "ExpressionStatement[6430-6470]:ExpressionStatement[6620-6660]"
  }, {
    "left" : "public",
    "right" : "public",
    "info" : "Modifier[6482-6488]:Modifier[6672-6678]"
  }, {
    "left" : "void",
    "right" : "void",
    "info" : "PrimitiveType[6489-6493]:PrimitiveType[6679-6683]"
  }, {
    "left" : "addProperty",
    "right" : "addProperty",
    "info" : "SimpleName[6494-6505]:SimpleName[6684-6695]"
  }, {
    "left" : "final String property",
    "right" : "final String property",
    "info" : "SingleVariableDeclaration[6506-6527]:SingleVariableDeclaration[6696-6717]"
  }, {
    "left" : "final String value",
    "right" : "final String value",
    "info" : "SingleVariableDeclaration[6529-6547]:SingleVariableDeclaration[6719-6737]"
  }, {
    "left" : "{}",
    "right" : "{}",
    "info" : "Block[6549-6616]:Block[6739-6806]"
  }, {
    "left" : "addProperty(new PropertyOption(), property, value);",
    "right" : "addProperty(new PropertyOption(), property, value);",
    "info" : "ExpressionStatement[6559-6610]:ExpressionStatement[6749-6800]"
  }, {
    "left" : "public",
    "right" : "public",
    "info" : "Modifier[6622-6628]:Modifier[6812-6818]"
  }, {
    "left" : "String",
    "right" : "String",
    "info" : "SimpleType[6629-6635]:SimpleType[6819-6825]"
  }, {
    "left" : "getProperty",
    "right" : "getProperty",
    "info" : "SimpleName[6636-6647]:SimpleName[6826-6837]"
  }, {
    "left" : "final Option option",
    "right" : "final Option option",
    "info" : "SingleVariableDeclaration[6648-6667]:SingleVariableDeclaration[6838-6857]"
  }, {
    "left" : "final String property",
    "right" : "final String property",
    "info" : "SingleVariableDeclaration[6699-6720]:SingleVariableDeclaration[6889-6910]"
  }, {
    "left" : "final String defaultValue",
    "right" : "final String defaultValue",
    "info" : "SingleVariableDeclaration[6752-6777]:SingleVariableDeclaration[6942-6967]"
  }, {
    "left" : "{}",
    "right" : "{}",
    "info" : "Block[6779-7003]:Block[6969-7193]"
  }, {
    "left" : "Properties properties = (Properties) optionToProperties.get(option);",
    "right" : "Properties properties = (Properties) optionToProperties.get(option);",
    "info" : "VariableDeclarationStatement[6789-6857]:VariableDeclarationStatement[6979-7047]"
  }, {
    "left" : "if (properties == null)",
    "right" : "if (properties == null)",
    "info" : "IfStatement[6866-6934]:IfStatement[7056-7124]"
  }, {
    "left" : "{}",
    "right" : "{}",
    "info" : "Block[6890-6934]:Block[7080-7124]"
  }, {
    "left" : "return defaultValue;",
    "right" : "return defaultValue;",
    "info" : "ReturnStatement[6904-6924]:ReturnStatement[7094-7114]"
  }, {
    "left" : "return properties.getProperty(property, defaultValue);",
    "right" : "return properties.getProperty(property, defaultValue);",
    "info" : "ReturnStatement[6943-6997]:ReturnStatement[7133-7187]"
  }, {
    "left" : "public",
    "right" : "public",
    "info" : "Modifier[7009-7015]:Modifier[7199-7205]"
  }, {
    "left" : "Set",
    "right" : "Set",
    "info" : "SimpleType[7016-7019]:SimpleType[7206-7209]"
  }, {
    "left" : "getProperties",
    "right" : "getProperties",
    "info" : "SimpleName[7020-7033]:SimpleName[7210-7223]"
  }, {
    "left" : "final Option option",
    "right" : "final Option option",
    "info" : "SingleVariableDeclaration[7034-7053]:SingleVariableDeclaration[7224-7243]"
  }, {
    "left" : "{}",
    "right" : "{}",
    "info" : "Block[7055-7290]:Block[7245-7480]"
  }, {
    "left" : "Properties properties = (Properties) optionToProperties.get(option);",
    "right" : "Properties properties = (Properties) optionToProperties.get(option);",
    "info" : "VariableDeclarationStatement[7065-7133]:VariableDeclarationStatement[7255-7323]"
  }, {
    "left" : "if (properties == null)",
    "right" : "if (properties == null)",
    "info" : "IfStatement[7142-7219]:IfStatement[7332-7409]"
  }, {
    "left" : "{}",
    "right" : "{}",
    "info" : "Block[7166-7219]:Block[7356-7409]"
  }, {
    "left" : "return Collections.EMPTY_SET;",
    "right" : "return Collections.EMPTY_SET;",
    "info" : "ReturnStatement[7180-7209]:ReturnStatement[7370-7399]"
  }, {
    "left" : "return Collections.unmodifiableSet(properties.keySet());",
    "right" : "return Collections.unmodifiableSet(properties.keySet());",
    "info" : "ReturnStatement[7228-7284]:ReturnStatement[7418-7474]"
  }, {
    "left" : "public",
    "right" : "public",
    "info" : "Modifier[7296-7302]:Modifier[7486-7492]"
  }, {
    "left" : "Set",
    "right" : "Set",
    "info" : "SimpleType[7303-7306]:SimpleType[7493-7496]"
  }, {
    "left" : "getProperties",
    "right" : "getProperties",
    "info" : "SimpleName[7307-7320]:SimpleName[7497-7510]"
  }, {
    "left" : "{}",
    "right" : "{}",
    "info" : "Block[7323-7382]:Block[7513-7572]"
  }, {
    "left" : "return getProperties(new PropertyOption());",
    "right" : "return getProperties(new PropertyOption());",
    "info" : "ReturnStatement[7333-7376]:ReturnStatement[7523-7566]"
  }, {
    "left" : "public",
    "right" : "public",
    "info" : "Modifier[7388-7394]:Modifier[7578-7584]"
  }, {
    "left" : "boolean",
    "right" : "boolean",
    "info" : "PrimitiveType[7395-7402]:PrimitiveType[7585-7592]"
  }, {
    "left" : "looksLikeOption",
    "right" : "looksLikeOption",
    "info" : "SimpleName[7403-7418]:SimpleName[7593-7608]"
  }, {
    "left" : "final String trigger",
    "right" : "final String trigger",
    "info" : "SingleVariableDeclaration[7419-7439]:SingleVariableDeclaration[7609-7629]"
  }, {
    "left" : "{}",
    "right" : "{}",
    "info" : "Block[7441-7693]:Block[7631-7883]"
  }, {
    "left" : "for (final Iterator i = prefixes.iterator(); i.hasNext())",
    "right" : "for (final Iterator i = prefixes.iterator(); i.hasNext())",
    "info" : "ForStatement[7451-7664]:ForStatement[7641-7854]"
  }, {
    "left" : "{}",
    "right" : "{}",
    "info" : "Block[7510-7664]:Block[7700-7854]"
  }, {
    "left" : "final String prefix = (String) i.next();",
    "right" : "final String prefix = (String) i.next();",
    "info" : "VariableDeclarationStatement[7524-7564]:VariableDeclarationStatement[7714-7754]"
  }, {
    "left" : "if (trigger.startsWith(prefix))",
    "right" : "if (trigger.startsWith(prefix))",
    "info" : "IfStatement[7578-7654]:IfStatement[7768-7844]"
  }, {
    "left" : "{}",
    "right" : "{}",
    "info" : "Block[7610-7654]:Block[7800-7844]"
  }, {
    "left" : "return true;",
    "right" : "return true;",
    "info" : "ReturnStatement[7628-7640]:ReturnStatement[7818-7830]"
  }, {
    "left" : "return false;",
    "right" : "return false;",
    "info" : "ReturnStatement[7674-7687]:ReturnStatement[7864-7877]"
  }, {
    "left" : "public",
    "right" : "public",
    "info" : "Modifier[7699-7705]:Modifier[7889-7895]"
  }, {
    "left" : "String",
    "right" : "String",
    "info" : "SimpleType[7706-7712]:SimpleType[7896-7902]"
  }, {
    "left" : "toString",
    "right" : "toString",
    "info" : "SimpleName[7713-7721]:SimpleName[7903-7911]"
  }, {
    "left" : "{}",
    "right" : "{}",
    "info" : "Block[7724-8247]:Block[7914-8437]"
  }, {
    "left" : "final StringBuffer buffer = new StringBuffer();",
    "right" : "final StringBuffer buffer = new StringBuffer();",
    "info" : "VariableDeclarationStatement[7734-7781]:VariableDeclarationStatement[7924-7971]"
  }, {
    "left" : "for (final Iterator i = normalised.iterator(); i.hasNext())",
    "right" : "for (final Iterator i = normalised.iterator(); i.hasNext())",
    "info" : "ForStatement[7827-8206]:ForStatement[8017-8396]"
  }, {
    "left" : "{}",
    "right" : "{}",
    "info" : "Block[7888-8206]:Block[8078-8396]"
  }, {
    "left" : "final String arg = (String) i.next();",
    "right" : "final String arg = (String) i.next();",
    "info" : "VariableDeclarationStatement[7902-7939]:VariableDeclarationStatement[8092-8129]"
  }, {
    "left" : "if (arg.indexOf(' ') >= 0)",
    "right" : "if (arg.indexOf(' ') >= 0)",
    "info" : "IfStatement[7953-8114]:IfStatement[8143-8304]"
  }, {
    "left" : "{}",
    "right" : "{}",
    "info" : "Block[7980-8057]:Block[8170-8247]"
  }, {
    "left" : "buffer.append(\"\\\"\").append(arg).append(\"\\\"\");",
    "right" : "buffer.append(\"\\\"\").append(arg).append(\"\\\"\");",
    "info" : "ExpressionStatement[7998-8043]:ExpressionStatement[8188-8233]"
  }, {
    "left" : "{}",
    "right" : "{}",
    "info" : "Block[8063-8114]:Block[8253-8304]"
  }, {
    "left" : "buffer.append(arg);",
    "right" : "buffer.append(arg);",
    "info" : "ExpressionStatement[8081-8100]:ExpressionStatement[8271-8290]"
  }, {
    "left" : "if (i.hasNext())",
    "right" : "if (i.hasNext())",
    "info" : "IfStatement[8128-8196]:IfStatement[8318-8386]"
  }, {
    "left" : "{}",
    "right" : "{}",
    "info" : "Block[8145-8196]:Block[8335-8386]"
  }, {
    "left" : "buffer.append(' ');",
    "right" : "buffer.append(' ');",
    "info" : "ExpressionStatement[8163-8182]:ExpressionStatement[8353-8372]"
  }, {
    "left" : "return buffer.toString();",
    "right" : "return buffer.toString();",
    "info" : "ReturnStatement[8216-8241]:ReturnStatement[8406-8431]"
  }, {
    "left" : "public",
    "right" : "public",
    "info" : "Modifier[8253-8259]:Modifier[8443-8449]"
  }, {
    "left" : "List",
    "right" : "List",
    "info" : "SimpleType[8260-8264]:SimpleType[8450-8454]"
  }, {
    "left" : "getOptions",
    "right" : "getOptions",
    "info" : "SimpleName[8265-8275]:SimpleName[8455-8465]"
  }, {
    "left" : "{}",
    "right" : "{}",
    "info" : "Block[8278-8339]:Block[8468-8529]"
  }, {
    "left" : "return Collections.unmodifiableList(options);",
    "right" : "return Collections.unmodifiableList(options);",
    "info" : "ReturnStatement[8288-8333]:ReturnStatement[8478-8523]"
  }, {
    "left" : "public",
    "right" : "public",
    "info" : "Modifier[8345-8351]:Modifier[8535-8541]"
  }, {
    "left" : "Set",
    "right" : "Set",
    "info" : "SimpleType[8352-8355]:SimpleType[8542-8545]"
  }, {
    "left" : "getOptionTriggers",
    "right" : "getOptionTriggers",
    "info" : "SimpleName[8356-8373]:SimpleName[8546-8563]"
  }, {
    "left" : "{}",
    "right" : "{}",
    "info" : "Block[8376-8450]:Block[8566-8640]"
  }, {
    "left" : "return Collections.unmodifiableSet(nameToOption.keySet());",
    "right" : "return Collections.unmodifiableSet(nameToOption.keySet());",
    "info" : "ReturnStatement[8386-8444]:ReturnStatement[8576-8634]"
  }, {
    "left" : "public",
    "right" : "public",
    "info" : "Modifier[8456-8462]:Modifier[8646-8652]"
  }, {
    "left" : "void",
    "right" : "void",
    "info" : "PrimitiveType[8463-8467]:PrimitiveType[8653-8657]"
  }, {
    "left" : "setDefaultValues",
    "right" : "setDefaultValues",
    "info" : "SimpleName[8468-8484]:SimpleName[8658-8674]"
  }, {
    "left" : "final Option option",
    "right" : "final Option option",
    "info" : "SingleVariableDeclaration[8485-8504]:SingleVariableDeclaration[8675-8694]"
  }, {
    "left" : "final List defaults",
    "right" : "final List defaults",
    "info" : "SingleVariableDeclaration[8539-8558]:SingleVariableDeclaration[8729-8748]"
  }, {
    "left" : "{}",
    "right" : "{}",
    "info" : "Block[8560-8717]:Block[8750-8907]"
  }, {
    "left" : "if (defaults == null)",
    "right" : "if (defaults == null)",
    "info" : "IfStatement[8570-8711]:IfStatement[8760-8901]"
  }, {
    "left" : "{}",
    "right" : "{}",
    "info" : "Block[8592-8645]:Block[8782-8835]"
  }, {
    "left" : "defaultValues.remove(option);",
    "right" : "defaultValues.remove(option);",
    "info" : "ExpressionStatement[8606-8635]:ExpressionStatement[8796-8825]"
  }, {
    "left" : "{}",
    "right" : "{}",
    "info" : "Block[8651-8711]:Block[8841-8901]"
  }, {
    "left" : "defaultValues.put(option, defaults);",
    "right" : "defaultValues.put(option, defaults);",
    "info" : "ExpressionStatement[8665-8701]:ExpressionStatement[8855-8891]"
  }, {
    "left" : "public",
    "right" : "public",
    "info" : "Modifier[8723-8729]:Modifier[8913-8919]"
  }, {
    "left" : "void",
    "right" : "void",
    "info" : "PrimitiveType[8730-8734]:PrimitiveType[8920-8924]"
  }, {
    "left" : "setDefaultSwitch",
    "right" : "setDefaultSwitch",
    "info" : "SimpleName[8735-8751]:SimpleName[8925-8941]"
  }, {
    "left" : "final Option option",
    "right" : "final Option option",
    "info" : "SingleVariableDeclaration[8752-8771]:SingleVariableDeclaration[8942-8961]"
  }, {
    "left" : "final Boolean defaultSwitch",
    "right" : "final Boolean defaultSwitch",
    "info" : "SingleVariableDeclaration[8806-8833]:SingleVariableDeclaration[8996-9023]"
  }, {
    "left" : "{}",
    "right" : "{}",
    "info" : "Block[8835-9006]:Block[9025-9196]"
  }, {
    "left" : "if (defaultSwitch == null)",
    "right" : "if (defaultSwitch == null)",
    "info" : "IfStatement[8845-9000]:IfStatement[9035-9190]"
  }, {
    "left" : "{}",
    "right" : "{}",
    "info" : "Block[8872-8927]:Block[9062-9117]"
  }, {
    "left" : "defaultSwitches.remove(option);",
    "right" : "defaultSwitches.remove(option);",
    "info" : "ExpressionStatement[8886-8917]:ExpressionStatement[9076-9107]"
  }, {
    "left" : "{}",
    "right" : "{}",
    "info" : "Block[8933-9000]:Block[9123-9190]"
  }, {
    "left" : "defaultSwitches.put(option, defaultSwitch);",
    "right" : "defaultSwitches.put(option, defaultSwitch);",
    "info" : "ExpressionStatement[8947-8990]:ExpressionStatement[9137-9180]"
  }, {
    "left" : "public",
    "right" : "public",
    "info" : "Modifier[9012-9018]:Modifier[9202-9208]"
  }, {
    "left" : "List",
    "right" : "List",
    "info" : "SimpleType[9019-9023]:SimpleType[9209-9213]"
  }, {
    "left" : "getNormalised",
    "right" : "getNormalised",
    "info" : "SimpleName[9024-9037]:SimpleName[9214-9227]"
  }, {
    "left" : "{}",
    "right" : "{}",
    "info" : "Block[9040-9104]:Block[9230-9294]"
  }, {
    "left" : "return Collections.unmodifiableList(normalised);",
    "right" : "return Collections.unmodifiableList(normalised);",
    "info" : "ReturnStatement[9050-9098]:ReturnStatement[9240-9288]"
  } ]
}